{
    "issues": [
        {
            "description": "Project Financial Report - Additional Information",
            "status": "Open",
            "attachments": [],
            "area": {
                "id": "214483932253540031",
                "name": "UVT - 2",
                "path": [
                    {
                        "id": "214483932253540031",
                        "name": "UVT - 2"
                    }
                ]
            },
            "project": {
                "id": "671089886",
                "name": "Afghan UVT",
                "permissions": {},
                "module_permissions": {
                    "daily_reports_enabled": true,
                    "punchlists_enabled": true
                },
                "short_name": "Afghan UVT"
            },
            "shared": false,
            "issue_id": "4b7d0d01-bb63-4b08-81cf-4b3f45c492a1",
            "issue_number": "1",
            "location_detail": "N/A",
            "area_sort_string": "",
            "issue_type": {
                "id": "214483932253524326",
                "name": "Implementation Monitoring",
                "custom_fields": []
            },
            "assigned_to": {
                "organization": {
                    "id": "671093575",
                    "name": "United Nations High Commissioner for Refugees",
                    "trading_name": "United Nations High Commissioner for Refugees"
                },
                "user": {
                    "id": "671152766",
                    "organization": {
                        "id": "671093575",
                        "name": "United Nations High Commissioner for Refugees",
                        "trading_name": "United Nations High Commissioner for Refugees"
                    },
                    "first_name": "alexander",
                    "last_name": "thomas",
                    "position": "Transient Account"
                }
            },
            "assigned_by": {
                "organization": {
                    "id": "671093575",
                    "name": "United Nations High Commissioner for Refugees",
                    "trading_name": "United Nations High Commissioner for Refugees"
                }
            },
            "assigned_at": "2023-10-20T11:16:04.060Z",
            "due_date": "2023-10-31T00:00:01.000Z",
            "custom_fields": [
                {
                    "id": "214483932253634928",
                    "value": "NORWEGIAN REFUGEE COUNCIL (NRC) - AFG",
                    "family_id": "214483932253615569"
                },
                {
                    "id": "214483932253634929",
                    "value": "33021Y23P500272",
                    "family_id": "214483932253615592"
                },
                {
                    "id": "214483932253659024",
                    "value": "",
                    "family_id": "214483932253645741"
                },
                {
                    "id": "214483932253659021",
                    "value": "Recommendation",
                    "family_id": "214483932253645740"
                },
                {
                    "id": "214483932253659025",
                    "value": "No",
                    "family_id": "214483932253645742"
                },
                {
                    "id": "214483932253625355",
                    "value": "Additional reports to be provided",
                    "family_id": "214483932253615609"
                },
                {
                    "id": "214483932253659022",
                    "value": "Funds/cash management",
                    "family_id": "214483932253615573"
                },
                {
                    "id": "214483932253659028",
                    "value": "",
                    "family_id": "214483932253645744"
                },
                {
                    "id": "214483932253625364",
                    "value": "Medium",
                    "family_id": "214483932253615618"
                },
                {
                    "id": "214483932253659023",
                    "value": "N/A",
                    "family_id": "214483932253615628"
                },
                {
                    "id": "214483932253625311",
                    "value": "",
                    "family_id": "214483932253615565"
                }
            ],
            "meta_data": {
                "created_by": {
                    "id": "671153016",
                    "organization": {
                        "id": "671093575",
                        "name": "United Nations High Commissioner for Refugees",
                        "trading_name": "United Nations High Commissioner for Refugees"
                    },
                    "first_name": "Alan",
                    "last_name": "Collins",
                    "position": "Industry Consultant"
                },
                "updated_by": {
                    "id": "671153016",
                    "organization": {
                        "id": "671093575",
                        "name": "United Nations High Commissioner for Refugees",
                        "trading_name": "United Nations High Commissioner for Refugees"
                    },
                    "first_name": "Alan",
                    "last_name": "Collins",
                    "position": "Industry Consultant"
                },
                "created_at": "2023-10-20T11:16:04.060Z",
                "updated_at": "2023-10-20T11:16:04.060Z"
            },
            "closed_by": null,
            "closed_at": null,
            "event_aggregation_id": null,
            "issue_source": null,
            "issue_listings": null,
            "attachment": null,
            "conversations": {
                "_links": {
                    "self": {
                        "href": "/field-management/api/projects/671089886/issues/4b7d0d01-bb63-4b08-81cf-4b3f45c492a1/conversations"
                    }
                },
                "_embedded": {
                    "conversations": [
                        {
                            "participant": {
                                "id": "671093575",
                                "name": "United Nations High Commissioner for Refugees",
                                "trading_name": "United Nations High Commissioner for Refugees"
                            },
                            "issueId": "4b7d0d01-bb63-4b08-81cf-4b3f45c492a1",
                            "comments": [],
                            "active": true,
                            "count": 0,
                            "_links": {
                                "add": {
                                    "href": "/field-management/api/projects/671089886/issues/4b7d0d01-bb63-4b08-81cf-4b3f45c492a1/participants/671093575/comments",
                                    "templated": false
                                },
                                "self": {
                                    "href": "/field-management/api/projects/671089886/issues/4b7d0d01-bb63-4b08-81cf-4b3f45c492a1/participants/671093575/conversations",
                                    "templated": false
                                }
                            }
                        }
                    ]
                }
            }
        }
    ],
    "next": "",
    "previous": "",
    "results_on_page": 1,
    "page_size": 25,
    "page_number": 1,
    "total_results": 1,
    "total_pages": 1
}