{
    "custom_fields": [
        {
            "id": "214483932253625272",
            "label": "Action Plan",
            "type": {
                "name": "multi_line_text",
                "specification": {
                    "minLength": 0,
                    "maxLength": 0
                }
            },
            "family_id": "214483932253615526",
            "hint_text": "",
            "mandatory": false,
            "is_enabled": true
        },
        {
            "id": "214483932253625273",
            "label": "Additional Notes",
            "type": {
                "name": "multi_line_text",
                "specification": {
                    "minLength": 0,
                    "maxLength": 0
                }
            },
            "family_id": "214483932253615527",
            "hint_text": "",
            "mandatory": false,
            "is_enabled": true
        },
        {
            "id": "214483932253625285",
            "label": "Bureaux/IMAS Comments",
            "type": {
                "name": "multi_line_text",
                "specification": {
                    "minLength": 0,
                    "maxLength": 0
                }
            },
            "family_id": "214483932253615539",
            "hint_text": "",
            "mandatory": false,
            "is_enabled": true
        },
        {
            "id": "214483932253625288",
            "label": "Comments",
            "type": {
                "name": "multi_line_text",
                "specification": {
                    "minLength": 0,
                    "maxLength": 0
                }
            },
            "family_id": "214483932253615542",
            "hint_text": "",
            "mandatory": false,
            "is_enabled": true
        },
        {
            "id": "214483932253625289",
            "label": "Comments/ recommended follow up",
            "type": {
                "name": "multi_line_text",
                "specification": {
                    "minLength": 0,
                    "maxLength": 0
                }
            },
            "family_id": "214483932253615543",
            "hint_text": "",
            "mandatory": false,
            "is_enabled": true
        },
        {
            "id": "214483932253625294",
            "label": "Description of Request",
            "type": {
                "name": "multi_line_text",
                "specification": {
                    "minLength": 0,
                    "maxLength": 0
                }
            },
            "family_id": "214483932253615548",
            "hint_text": "",
            "mandatory": false,
            "is_enabled": true
        },
        {
            "id": "214483932253625307",
            "label": "General Comments",
            "type": {
                "name": "multi_line_text",
                "specification": {
                    "minLength": 0,
                    "maxLength": 0
                }
            },
            "family_id": "214483932253615561",
            "hint_text": "",
            "mandatory": false,
            "is_enabled": true
        },
        {
            "id": "214483932253625311",
            "label": "If other, please specify",
            "type": {
                "name": "multi_line_text",
                "specification": {
                    "minLength": 0,
                    "maxLength": 0
                }
            },
            "family_id": "214483932253615565",
            "hint_text": "",
            "mandatory": false,
            "is_enabled": true
        },
        {
            "id": "214483932253625312",
            "label": "If remote, please justify",
            "type": {
                "name": "multi_line_text",
                "specification": {
                    "minLength": 0,
                    "maxLength": 0
                }
            },
            "family_id": "214483932253615566",
            "hint_text": "",
            "mandatory": false,
            "is_enabled": true
        },
        {
            "id": "214483932253625318",
            "label": "Issue",
            "type": {
                "name": "multi_line_text",
                "specification": {
                    "minLength": 0,
                    "maxLength": 0
                }
            },
            "family_id": "214483932253615572",
            "hint_text": "",
            "mandatory": false,
            "is_enabled": true
        },
        {
            "id": "214483932253625322",
            "label": "Justification where Final PFR is N/A",
            "type": {
                "name": "multi_line_text",
                "specification": {
                    "minLength": 0,
                    "maxLength": 0
                }
            },
            "family_id": "214483932253615576",
            "hint_text": "",
            "mandatory": false,
            "is_enabled": true
        },
        {
            "id": "214483932253625323",
            "label": "Justification where PMC02 is N/A",
            "type": {
                "name": "multi_line_text",
                "specification": {
                    "minLength": 0,
                    "maxLength": 0
                }
            },
            "family_id": "214483932253615577",
            "hint_text": "",
            "mandatory": false,
            "is_enabled": true
        },
        {
            "id": "214483932253625324",
            "label": "Justification where PMC03 is N/A",
            "type": {
                "name": "multi_line_text",
                "specification": {
                    "minLength": 0,
                    "maxLength": 0
                }
            },
            "family_id": "214483932253615578",
            "hint_text": "",
            "mandatory": false,
            "is_enabled": true
        },
        {
            "id": "214483932253625325",
            "label": "Lessons Learned",
            "type": {
                "name": "multi_line_text",
                "specification": {
                    "minLength": 0,
                    "maxLength": 0
                }
            },
            "family_id": "214483932253615579",
            "hint_text": "",
            "mandatory": false,
            "is_enabled": true
        },
        {
            "id": "214483932253625334",
            "label": "Opportunity Description",
            "type": {
                "name": "multi_line_text",
                "specification": {
                    "minLength": 0,
                    "maxLength": 0
                }
            },
            "family_id": "214483932253615588",
            "hint_text": "",
            "mandatory": false,
            "is_enabled": true
        },
        {
            "id": "214483932253625353",
            "label": "Reasons for Cancellation",
            "type": {
                "name": "multi_line_text",
                "specification": {
                    "minLength": 0,
                    "maxLength": 0
                }
            },
            "family_id": "214483932253615607",
            "hint_text": "",
            "mandatory": false,
            "is_enabled": true
        },
        {
            "id": "214483932253625354",
            "label": "Reasons/Justification for Extension",
            "type": {
                "name": "multi_line_text",
                "specification": {
                    "minLength": 0,
                    "maxLength": 0
                }
            },
            "family_id": "214483932253615608",
            "hint_text": "",
            "mandatory": false,
            "is_enabled": true
        },
        {
            "id": "214483932253625355",
            "label": "Recommendation / Follow Up Action",
            "type": {
                "name": "multi_line_text",
                "specification": {
                    "minLength": 0,
                    "maxLength": 0
                }
            },
            "family_id": "214483932253615609",
            "hint_text": "",
            "mandatory": false,
            "is_enabled": true
        },
        {
            "id": "214483932253625358",
            "label": "Response",
            "type": {
                "name": "multi_line_text",
                "specification": {
                    "minLength": 0,
                    "maxLength": 0
                }
            },
            "family_id": "214483932253615612",
            "hint_text": "",
            "mandatory": false,
            "is_enabled": true
        },
        {
            "id": "214483932253625360",
            "label": "Risk Cause",
            "type": {
                "name": "multi_line_text",
                "specification": {
                    "minLength": 0,
                    "maxLength": 0
                }
            },
            "family_id": "214483932253615614",
            "hint_text": "",
            "mandatory": false,
            "is_enabled": true
        },
        {
            "id": "214483932253625361",
            "label": "Risk Consequence",
            "type": {
                "name": "multi_line_text",
                "specification": {
                    "minLength": 0,
                    "maxLength": 0
                }
            },
            "family_id": "214483932253615615",
            "hint_text": "",
            "mandatory": false,
            "is_enabled": true
        },
        {
            "id": "214483932253625362",
            "label": "Risk Event",
            "type": {
                "name": "multi_line_text",
                "specification": {
                    "minLength": 0,
                    "maxLength": 0
                }
            },
            "family_id": "214483932253615616",
            "hint_text": "",
            "mandatory": false,
            "is_enabled": true
        },
        {
            "id": "214483932253625371",
            "label": "Treatment Plan and Activities",
            "type": {
                "name": "multi_line_text",
                "specification": {
                    "minLength": 0,
                    "maxLength": 0
                }
            },
            "family_id": "214483932253615625",
            "hint_text": "",
            "mandatory": false,
            "is_enabled": true
        },
        {
            "id": "214483932253659024",
            "label": "If remote only, please justify",
            "type": {
                "name": "multi_line_text",
                "specification": {
                    "minLength": 0,
                    "maxLength": 0
                }
            },
            "family_id": "214483932253645741",
            "hint_text": "",
            "mandatory": false,
            "is_enabled": true
        },
        {
            "id": "214483932253659028",
            "label": "If \"Yes\" reference risk and treatments",
            "type": {
                "name": "multi_line_text",
                "specification": {
                    "minLength": 0,
                    "maxLength": 0
                }
            },
            "family_id": "214483932253645744",
            "hint_text": "",
            "mandatory": false,
            "is_enabled": true
        },
        {
            "id": "214483932253625295",
            "label": "Does change affect project deadline?",
            "type": {
                "name": "boolean",
                "specification": {
                    "minLength": 0,
                    "maxLength": 0
                }
            },
            "family_id": "214483932253615549",
            "hint_text": "",
            "mandatory": false,
            "is_enabled": true
        },
        {
            "id": "214483932253625296",
            "label": "Does change involve new scope of works?",
            "type": {
                "name": "boolean",
                "specification": {
                    "minLength": 0,
                    "maxLength": 0
                }
            },
            "family_id": "214483932253615550",
            "hint_text": "",
            "mandatory": false,
            "is_enabled": true
        },
        {
            "id": "214483932253625297",
            "label": "Does the change affect the budget?",
            "type": {
                "name": "boolean",
                "specification": {
                    "minLength": 0,
                    "maxLength": 0
                }
            },
            "family_id": "214483932253615551",
            "hint_text": "",
            "mandatory": false,
            "is_enabled": true
        },
        {
            "id": "214483932253625310",
            "label": "Have you attached supporting documents?",
            "type": {
                "name": "boolean",
                "specification": {
                    "minLength": 0,
                    "maxLength": 0
                }
            },
            "family_id": "214483932253615564",
            "hint_text": "",
            "mandatory": false,
            "is_enabled": true
        },
        {
            "id": "214483932253625333",
            "label": "Opportunity",
            "type": {
                "name": "boolean",
                "specification": {
                    "minLength": 0,
                    "maxLength": 0
                }
            },
            "family_id": "214483932253615587",
            "hint_text": "",
            "mandatory": false,
            "is_enabled": true
        },
        {
            "id": "214483932253625363",
            "label": "Sample Provided",
            "type": {
                "name": "boolean",
                "specification": {
                    "minLength": 0,
                    "maxLength": 0
                }
            },
            "family_id": "214483932253615617",
            "hint_text": "",
            "mandatory": false,
            "is_enabled": true
        },
        {
            "id": "214483932253625367",
            "label": "Techincal Literature Attached",
            "type": {
                "name": "boolean",
                "specification": {
                    "minLength": 0,
                    "maxLength": 0
                }
            },
            "family_id": "214483932253615621",
            "hint_text": "",
            "mandatory": false,
            "is_enabled": true
        },
        {
            "id": "214483932253659025",
            "label": "Is risk mitigation follow-up required?",
            "type": {
                "name": "boolean",
                "specification": {
                    "minLength": 0,
                    "maxLength": 0
                }
            },
            "family_id": "214483932253645742",
            "hint_text": "",
            "mandatory": false,
            "is_enabled": true
        },
        {
            "id": "214483932253625277",
            "label": "Anticipated Delivery Date",
            "type": {
                "name": "date",
                "specification": {
                    "minLength": 0,
                    "maxLength": 0
                }
            },
            "family_id": "214483932253615531",
            "hint_text": "",
            "mandatory": false,
            "is_enabled": true
        },
        {
            "id": "214483932253625308",
            "label": "Granted Implementation Period",
            "type": {
                "name": "date",
                "specification": {
                    "minLength": 0,
                    "maxLength": 0
                }
            },
            "family_id": "214483932253615562",
            "hint_text": "",
            "mandatory": false,
            "is_enabled": true
        },
        {
            "id": "214483932253625309",
            "label": "Granted Liquidation Period",
            "type": {
                "name": "date",
                "specification": {
                    "minLength": 0,
                    "maxLength": 0
                }
            },
            "family_id": "214483932253615563",
            "hint_text": "",
            "mandatory": false,
            "is_enabled": true
        },
        {
            "id": "214483932253625314",
            "label": "Implementation Period (Date)",
            "type": {
                "name": "date",
                "specification": {
                    "minLength": 0,
                    "maxLength": 0
                }
            },
            "family_id": "214483932253615568",
            "hint_text": "",
            "mandatory": false,
            "is_enabled": true
        },
        {
            "id": "214483932253625328",
            "label": "Liquidation Period (Date)",
            "type": {
                "name": "date",
                "specification": {
                    "minLength": 0,
                    "maxLength": 0
                }
            },
            "family_id": "214483932253615582",
            "hint_text": "",
            "mandatory": false,
            "is_enabled": true
        },
        {
            "id": "214483932253625352",
            "label": "Proposed new project completion date?",
            "type": {
                "name": "date",
                "specification": {
                    "minLength": 0,
                    "maxLength": 0
                }
            },
            "family_id": "214483932253615606",
            "hint_text": "",
            "mandatory": false,
            "is_enabled": true
        },
        {
            "id": "214483932253625276",
            "label": "Alternative Refernce Number",
            "type": {
                "name": "single_line_text",
                "specification": {
                    "minLength": 1,
                    "maxLength": 60
                }
            },
            "family_id": "214483932253615530",
            "hint_text": "",
            "mandatory": false,
            "is_enabled": true
        },
        {
            "id": "214483932253625278",
            "label": "Area of Application",
            "type": {
                "name": "single_line_text",
                "specification": {
                    "minLength": 1,
                    "maxLength": 60
                }
            },
            "family_id": "214483932253615532",
            "hint_text": "",
            "mandatory": false,
            "is_enabled": true
        },
        {
            "id": "214483932253625284",
            "label": "BOQ Reference",
            "type": {
                "name": "single_line_text",
                "specification": {
                    "minLength": 1,
                    "maxLength": 60
                }
            },
            "family_id": "214483932253615538",
            "hint_text": "",
            "mandatory": false,
            "is_enabled": true
        },
        {
            "id": "214483932253625293",
            "label": "Country of Origin",
            "type": {
                "name": "single_line_text",
                "specification": {
                    "minLength": 1,
                    "maxLength": 60
                }
            },
            "family_id": "214483932253615547",
            "hint_text": "",
            "mandatory": false,
            "is_enabled": true
        },
        {
            "id": "214483932253625298",
            "label": "Drawing Reference",
            "type": {
                "name": "single_line_text",
                "specification": {
                    "minLength": 1,
                    "maxLength": 60
                }
            },
            "family_id": "214483932253615552",
            "hint_text": "",
            "mandatory": false,
            "is_enabled": true
        },
        {
            "id": "214483932253625299",
            "label": "ERP Contract Number",
            "type": {
                "name": "single_line_text",
                "specification": {
                    "minLength": 1,
                    "maxLength": 60
                }
            },
            "family_id": "214483932253615553",
            "hint_text": "",
            "mandatory": false,
            "is_enabled": true
        },
        {
            "id": "214483932253625321",
            "label": "Justification for the change request?",
            "type": {
                "name": "single_line_text",
                "specification": {
                    "minLength": 1,
                    "maxLength": 60
                }
            },
            "family_id": "214483932253615575",
            "hint_text": "",
            "mandatory": false,
            "is_enabled": true
        },
        {
            "id": "214483932253625329",
            "label": "Manufacturer",
            "type": {
                "name": "single_line_text",
                "specification": {
                    "minLength": 1,
                    "maxLength": 60
                }
            },
            "family_id": "214483932253615583",
            "hint_text": "",
            "mandatory": false,
            "is_enabled": true
        },
        {
            "id": "214483932253625331",
            "label": "Material Description & Type",
            "type": {
                "name": "single_line_text",
                "specification": {
                    "minLength": 1,
                    "maxLength": 60
                }
            },
            "family_id": "214483932253615585",
            "hint_text": "",
            "mandatory": false,
            "is_enabled": true
        },
        {
            "id": "214483932253625343",
            "label": "Payment Reference",
            "type": {
                "name": "single_line_text",
                "specification": {
                    "minLength": 1,
                    "maxLength": 60
                }
            },
            "family_id": "214483932253615597",
            "hint_text": "",
            "mandatory": false,
            "is_enabled": true
        },
        {
            "id": "214483932253625344",
            "label": "Period Material will be Used on Site",
            "type": {
                "name": "single_line_text",
                "specification": {
                    "minLength": 1,
                    "maxLength": 60
                }
            },
            "family_id": "214483932253615598",
            "hint_text": "",
            "mandatory": false,
            "is_enabled": true
        },
        {
            "id": "214483932253625345",
            "label": "PFR Number",
            "type": {
                "name": "single_line_text",
                "specification": {
                    "minLength": 1,
                    "maxLength": 60
                }
            },
            "family_id": "214483932253615599",
            "hint_text": "",
            "mandatory": false,
            "is_enabled": true
        },
        {
            "id": "214483932253625347",
            "label": "PO Number",
            "type": {
                "name": "single_line_text",
                "specification": {
                    "minLength": 1,
                    "maxLength": 60
                }
            },
            "family_id": "214483932253615601",
            "hint_text": "",
            "mandatory": false,
            "is_enabled": true
        },
        {
            "id": "214483932253625378",
            "label": "What is total value of budget decrease?",
            "type": {
                "name": "single_line_text",
                "specification": {
                    "minLength": 1,
                    "maxLength": 60
                }
            },
            "family_id": "214483932253615632",
            "hint_text": "",
            "mandatory": false,
            "is_enabled": true
        },
        {
            "id": "214483932253625379",
            "label": "What is total value of extra budget?",
            "type": {
                "name": "single_line_text",
                "specification": {
                    "minLength": 1,
                    "maxLength": 60
                }
            },
            "family_id": "214483932253615633",
            "hint_text": "",
            "mandatory": false,
            "is_enabled": true
        },
        {
            "id": "214483932253625274",
            "label": "All Issues are Implemented and Closed",
            "type": {
                "name": "single_select",
                "specification": {
                    "options": [
                        "Yes, all closed",
                        "No, some remain Open/In Dispute, but recommend to close the PPA and continue to follow up",
                        "No, important recommendations remain Open/In Dispute, and it is not recommended to close the PPA"
                    ],
                    "minLength": 0,
                    "maxLength": 0
                }
            },
            "family_id": "214483932253615528",
            "hint_text": "",
            "mandatory": false,
            "is_enabled": true
        },
        {
            "id": "214483932253625275",
            "label": "All Outstanding Funds Received",
            "type": {
                "name": "single_select",
                "specification": {
                    "options": [
                        "Yes",
                        "No",
                        "Not Applicable"
                    ],
                    "minLength": 0,
                    "maxLength": 0
                }
            },
            "family_id": "214483932253615529",
            "hint_text": "",
            "mandatory": false,
            "is_enabled": true
        },
        {
            "id": "214483932253625279",
            "label": "Assessment Report Type",
            "type": {
                "name": "single_select",
                "specification": {
                    "options": [
                        "Internal Control Assessment",
                        "Procurement Capacity Assessment",
                        "Sector Capacity Assessment",
                        "PSEA"
                    ],
                    "minLength": 0,
                    "maxLength": 0
                }
            },
            "family_id": "214483932253615533",
            "hint_text": "",
            "mandatory": false,
            "is_enabled": true
        },
        {
            "id": "214483932253625280",
            "label": "Audit Document Type",
            "type": {
                "name": "single_select",
                "specification": {
                    "options": [
                        "\"Audit Report",
                        "\"",
                        "Management Letter",
                        "ICQ",
                        "Supporting Audit Document"
                    ],
                    "minLength": 0,
                    "maxLength": 0
                }
            },
            "family_id": "214483932253615534",
            "hint_text": "",
            "mandatory": false,
            "is_enabled": true
        },
        {
            "id": "214483932253625281",
            "label": "Audit Request Type",
            "type": {
                "name": "single_select",
                "specification": {
                    "options": [
                        "Recovery of Funds",
                        "Action Item",
                        "Future Proposal",
                        "Observation"
                    ],
                    "minLength": 0,
                    "maxLength": 0
                }
            },
            "family_id": "214483932253615535",
            "hint_text": "",
            "mandatory": false,
            "is_enabled": true
        },
        {
            "id": "214483932253625282",
            "label": "Auditors Request",
            "type": {
                "name": "single_select",
                "specification": {
                    "options": [
                        "Transmittal Request",
                        "Information Request"
                    ],
                    "minLength": 0,
                    "maxLength": 0
                }
            },
            "family_id": "214483932253615536",
            "hint_text": "",
            "mandatory": false,
            "is_enabled": true
        },
        {
            "id": "214483932253625286",
            "label": "Bureaux/IMAS Implementation Extended?",
            "type": {
                "name": "single_select",
                "specification": {
                    "options": [
                        "Yes",
                        "No"
                    ],
                    "minLength": 0,
                    "maxLength": 0
                }
            },
            "family_id": "214483932253615540",
            "hint_text": "",
            "mandatory": false,
            "is_enabled": true
        },
        {
            "id": "214483932253625287",
            "label": "Bureaux/IMAS Liquidation Extended?",
            "type": {
                "name": "single_select",
                "specification": {
                    "options": [
                        "Yes",
                        "No"
                    ],
                    "minLength": 0,
                    "maxLength": 0
                }
            },
            "family_id": "214483932253615541",
            "hint_text": "",
            "mandatory": false,
            "is_enabled": true
        },
        {
            "id": "214483932253625290",
            "label": "Contract Change Status",
            "type": {
                "name": "single_select",
                "specification": {
                    "options": [
                        "Accepted",
                        "Rejected"
                    ],
                    "minLength": 0,
                    "maxLength": 0
                }
            },
            "family_id": "214483932253615544",
            "hint_text": "",
            "mandatory": false,
            "is_enabled": true
        },
        {
            "id": "214483932253625291",
            "label": "Contract Currency",
            "type": {
                "name": "single_select",
                "specification": {
                    "options": [
                        "ADP",
                        "AED",
                        "AFA",
                        "AFN",
                        "ALL",
                        "AMD",
                        "ANG",
                        "AOA",
                        "AOK",
                        "AON",
                        "ARA",
                        "ARS",
                        "ATS",
                        "AUD",
                        "AWG",
                        "AZM",
                        "AZN",
                        "BAM",
                        "BBD",
                        "BDT",
                        "BEF",
                        "BGL",
                        "BGN",
                        "BHD",
                        "BIF",
                        "BMD",
                        "BND",
                        "BOB",
                        "BOV",
                        "BRC",
                        "BRL",
                        "BSD",
                        "BTN",
                        "BUK",
                        "BWP",
                        "BYB",
                        "BYN",
                        "BYR",
                        "BZD",
                        "CAD",
                        "CDF",
                        "CHE",
                        "CHF",
                        "CHW",
                        "CLF",
                        "CLP",
                        "CNY",
                        "COP",
                        "COU",
                        "CRC",
                        "CSK",
                        "CUP",
                        "CVE",
                        "CYP",
                        "CZK",
                        "DEM",
                        "DJF",
                        "DKK",
                        "DOP",
                        "DZD",
                        "ECS",
                        "ECV",
                        "EEK",
                        "EGP",
                        "ERN",
                        "ESB",
                        "ESP",
                        "ETB",
                        "EUR",
                        "FIM",
                        "FJD",
                        "FKP",
                        "FRF",
                        "GBP",
                        "GEK",
                        "GEL",
                        "GHC",
                        "GHS",
                        "GIP",
                        "GMD",
                        "GNF",
                        "GRD",
                        "GTQ",
                        "GWP",
                        "GYD",
                        "HKD",
                        "HNL",
                        "HRD",
                        "HRK",
                        "HTG",
                        "HUF",
                        "IDR",
                        "IEP",
                        "ILS",
                        "INR",
                        "IQD",
                        "IRR",
                        "ISK",
                        "ITL",
                        "JMD",
                        "JOD",
                        "JPY",
                        "KES",
                        "KGS",
                        "KHR",
                        "KMF",
                        "KPW",
                        "KRW",
                        "KWD",
                        "KYD",
                        "KZT",
                        "LAK",
                        "LBP",
                        "LKR",
                        "LRD",
                        "LSL",
                        "LTL",
                        "LUC",
                        "LUF",
                        "LUL",
                        "LVL",
                        "LVR",
                        "LYD",
                        "MAD",
                        "MDL",
                        "MGA",
                        "MGF",
                        "MKD",
                        "MMK",
                        "MNT",
                        "MOP",
                        "MRO",
                        "MRU",
                        "MTL",
                        "MUR",
                        "MVR",
                        "MWK",
                        "MXN",
                        "MXP",
                        "MXV",
                        "MYR",
                        "MZM",
                        "MZN",
                        "NAD",
                        "NGN",
                        "NIC",
                        "NIO",
                        "NLG",
                        "NOK",
                        "NPR",
                        "NZD",
                        "OMR",
                        "PAB",
                        "PEI",
                        "PEN",
                        "PGK",
                        "PHP",
                        "PKR",
                        "PLN",
                        "PLZ",
                        "PTE",
                        "PYG",
                        "QAR",
                        "ROL",
                        "RON",
                        "RSD",
                        "RUB",
                        "RUR",
                        "RWF",
                        "SAR",
                        "SBD",
                        "SCR",
                        "SDD",
                        "SDG",
                        "SDP",
                        "SEK",
                        "SGD",
                        "SHP",
                        "SIT",
                        "SKK",
                        "SLL",
                        "SOS",
                        "SRD",
                        "SRG",
                        "SSP",
                        "STAT",
                        "STD",
                        "STN",
                        "SUR",
                        "SVC",
                        "SYP",
                        "SZL",
                        "THB",
                        "TJR",
                        "TJS",
                        "TMM",
                        "TMT",
                        "TND",
                        "TOP",
                        "TPE",
                        "TRL",
                        "TRY",
                        "TTD",
                        "TWD",
                        "TZS",
                        "UAH",
                        "UAK",
                        "UGS",
                        "UGX",
                        "USD",
                        "USN",
                        "USS",
                        "UYI",
                        "UYP",
                        "UYU",
                        "UYW",
                        "UZS",
                        "VEB",
                        "VEF",
                        "VES",
                        "VND",
                        "VUV",
                        "WST",
                        "XAF",
                        "XAG",
                        "XAU",
                        "XB5",
                        "XBA",
                        "XBB",
                        "XBC",
                        "XBD",
                        "XCD",
                        "XDR",
                        "XEU",
                        "XFO",
                        "XFU",
                        "XOF",
                        "XPD",
                        "XPF",
                        "XPT",
                        "XTS",
                        "XXX",
                        "YDD",
                        "YER",
                        "YUD",
                        "YUM",
                        "YUN",
                        "ZAL",
                        "ZAR",
                        "ZMK",
                        "ZMW",
                        "ZRN",
                        "ZRZ",
                        "ZWD",
                        "ZWL",
                        "ZWR"
                    ],
                    "minLength": 0,
                    "maxLength": 0
                }
            },
            "family_id": "214483932253615545",
            "hint_text": "",
            "mandatory": false,
            "is_enabled": true
        },
        {
            "id": "214483932253625292",
            "label": "Core Outcome Area",
            "type": {
                "name": "single_select",
                "specification": {
                    "options": [
                        "Healthcare",
                        "Child Protection"
                    ],
                    "minLength": 0,
                    "maxLength": 0
                }
            },
            "family_id": "214483932253615546",
            "hint_text": "",
            "mandatory": false,
            "is_enabled": true
        },
        {
            "id": "214483932253625302",
            "label": "Extension of Implementation Period",
            "type": {
                "name": "single_select",
                "specification": {
                    "options": [
                        "Yes",
                        "No"
                    ],
                    "minLength": 0,
                    "maxLength": 0
                }
            },
            "family_id": "214483932253615556",
            "hint_text": "",
            "mandatory": false,
            "is_enabled": true
        },
        {
            "id": "214483932253625303",
            "label": "Extension of Liquidation Period",
            "type": {
                "name": "single_select",
                "specification": {
                    "options": [
                        "Yes",
                        "No"
                    ],
                    "minLength": 0,
                    "maxLength": 0
                }
            },
            "family_id": "214483932253615557",
            "hint_text": "",
            "mandatory": false,
            "is_enabled": true
        },
        {
            "id": "214483932253625304",
            "label": "Final PFR was Approved by UNHCR",
            "type": {
                "name": "single_select",
                "specification": {
                    "options": [
                        "Yes",
                        "No",
                        "N/A with justification"
                    ],
                    "minLength": 0,
                    "maxLength": 0
                }
            },
            "family_id": "214483932253615558",
            "hint_text": "",
            "mandatory": false,
            "is_enabled": true
        },
        {
            "id": "214483932253625305",
            "label": "Final PMC02 Approved by UNHCR",
            "type": {
                "name": "single_select",
                "specification": {
                    "options": [
                        "Yes",
                        "No",
                        "N/A with justification"
                    ],
                    "minLength": 0,
                    "maxLength": 0
                }
            },
            "family_id": "214483932253615559",
            "hint_text": "",
            "mandatory": false,
            "is_enabled": true
        },
        {
            "id": "214483932253625306",
            "label": "Final PMC03 Approved by UNHCR",
            "type": {
                "name": "single_select",
                "specification": {
                    "options": [
                        "Yes",
                        "No",
                        "N/A with justification"
                    ],
                    "minLength": 0,
                    "maxLength": 0
                }
            },
            "family_id": "214483932253615560",
            "hint_text": "",
            "mandatory": false,
            "is_enabled": true
        },
        {
            "id": "214483932253625313",
            "label": "Impact",
            "type": {
                "name": "single_select",
                "specification": {
                    "options": [
                        "Insignificant",
                        "Minor",
                        "Moderate"
                    ],
                    "minLength": 0,
                    "maxLength": 0
                }
            },
            "family_id": "214483932253615567",
            "hint_text": "",
            "mandatory": false,
            "is_enabled": true
        },
        {
            "id": "214483932253625320",
            "label": "Justification Category",
            "type": {
                "name": "single_select",
                "specification": {
                    "options": [
                        "Natural Disaster",
                        "Security Issues",
                        "Earmarked Funds",
                        "Other"
                    ],
                    "minLength": 0,
                    "maxLength": 0
                }
            },
            "family_id": "214483932253615574",
            "hint_text": "",
            "mandatory": false,
            "is_enabled": true
        },
        {
            "id": "214483932253625326",
            "label": "Lessons Learned Status",
            "type": {
                "name": "single_select",
                "specification": {
                    "options": [
                        "Accepted",
                        "Revise & Resubmit",
                        "Cancelled"
                    ],
                    "minLength": 0,
                    "maxLength": 0
                }
            },
            "family_id": "214483932253615580",
            "hint_text": "",
            "mandatory": false,
            "is_enabled": true
        },
        {
            "id": "214483932253625327",
            "label": "Likelihood",
            "type": {
                "name": "single_select",
                "specification": {
                    "options": [
                        "Very Low",
                        "Low",
                        "Medium",
                        "High",
                        "Very High"
                    ],
                    "minLength": 0,
                    "maxLength": 0
                }
            },
            "family_id": "214483932253615581",
            "hint_text": "",
            "mandatory": false,
            "is_enabled": true
        },
        {
            "id": "214483932253625330",
            "label": "MAR Status",
            "type": {
                "name": "single_select",
                "specification": {
                    "options": [
                        "Accepted",
                        "Revise & Resubmit"
                    ],
                    "minLength": 0,
                    "maxLength": 0
                }
            },
            "family_id": "214483932253615584",
            "hint_text": "",
            "mandatory": false,
            "is_enabled": true
        },
        {
            "id": "214483932253625332",
            "label": "No Open Claims for Funds by Partner",
            "type": {
                "name": "single_select",
                "specification": {
                    "options": [
                        "Yes",
                        "No",
                        "N/A"
                    ],
                    "minLength": 0,
                    "maxLength": 0
                }
            },
            "family_id": "214483932253615586",
            "hint_text": "",
            "mandatory": false,
            "is_enabled": true
        },
        {
            "id": "214483932253625335",
            "label": "Other/Miscellaneous Type",
            "type": {
                "name": "single_select",
                "specification": {
                    "options": [
                        "Insurance Policy",
                        "Other",
                        "Policy or Procedure",
                        "Procurement Policies Rules and Procedures",
                        "Risk Register",
                        "Personnel Policies and Rules",
                        "Statutory Audit Report"
                    ],
                    "minLength": 0,
                    "maxLength": 0
                }
            },
            "family_id": "214483932253615589",
            "hint_text": "",
            "mandatory": false,
            "is_enabled": true
        },
        {
            "id": "214483932253625337",
            "label": "Overall Risk Rating",
            "type": {
                "name": "single_select",
                "specification": {
                    "options": [
                        "Low",
                        "Moderate",
                        "Significant",
                        "High",
                        "Not Applicable"
                    ],
                    "minLength": 0,
                    "maxLength": 0
                }
            },
            "family_id": "214483932253615591",
            "hint_text": "",
            "mandatory": false,
            "is_enabled": true
        },
        {
            "id": "214483932253625339",
            "label": "Partner Agreement Closed",
            "type": {
                "name": "single_select",
                "specification": {
                    "options": [
                        "Yes",
                        "Yes, with recommended follow up",
                        "No"
                    ],
                    "minLength": 0,
                    "maxLength": 0
                }
            },
            "family_id": "214483932253615593",
            "hint_text": "",
            "mandatory": false,
            "is_enabled": true
        },
        {
            "id": "214483932253625340",
            "label": "Partnership Report Type",
            "type": {
                "name": "single_select",
                "specification": {
                    "options": [
                        "Final",
                        "Interim",
                        "DON"
                    ],
                    "minLength": 0,
                    "maxLength": 0
                }
            },
            "family_id": "214483932253615594",
            "hint_text": "",
            "mandatory": false,
            "is_enabled": true
        },
        {
            "id": "214483932253625342",
            "label": "Payment Received?",
            "type": {
                "name": "single_select",
                "specification": {
                    "options": [
                        "Payment Received in Full",
                        "Payment Partially Received",
                        "Recovered from Instalment"
                    ],
                    "minLength": 0,
                    "maxLength": 0
                }
            },
            "family_id": "214483932253615596",
            "hint_text": "",
            "mandatory": false,
            "is_enabled": true
        },
        {
            "id": "214483932253625346",
            "label": "PO is Received and Closed",
            "type": {
                "name": "single_select",
                "specification": {
                    "options": [
                        "Yes",
                        "No",
                        "N/A"
                    ],
                    "minLength": 0,
                    "maxLength": 0
                }
            },
            "family_id": "214483932253615600",
            "hint_text": "",
            "mandatory": false,
            "is_enabled": true
        },
        {
            "id": "214483932253625348",
            "label": "PPA Risk Assessment Documented",
            "type": {
                "name": "single_select",
                "specification": {
                    "options": [
                        "Yes",
                        "No",
                        "N/A"
                    ],
                    "minLength": 0,
                    "maxLength": 0
                }
            },
            "family_id": "214483932253615602",
            "hint_text": "",
            "mandatory": false,
            "is_enabled": true
        },
        {
            "id": "214483932253625349",
            "label": "Programme Response Status",
            "type": {
                "name": "single_select",
                "specification": {
                    "options": [
                        "Accepted",
                        "Revise & Resubmit",
                        "Rejected"
                    ],
                    "minLength": 0,
                    "maxLength": 0
                }
            },
            "family_id": "214483932253615603",
            "hint_text": "",
            "mandatory": false,
            "is_enabled": true
        },
        {
            "id": "214483932253625351",
            "label": "Project Report Type",
            "type": {
                "name": "single_select",
                "specification": {
                    "options": [
                        "Interim",
                        "Annual"
                    ],
                    "minLength": 0,
                    "maxLength": 0
                }
            },
            "family_id": "214483932253615605",
            "hint_text": "",
            "mandatory": false,
            "is_enabled": true
        },
        {
            "id": "214483932253625356",
            "label": "Refund Category",
            "type": {
                "name": "single_select",
                "specification": {
                    "options": [
                        "Unspent Balances",
                        "Financial Verification",
                        "Audit"
                    ],
                    "minLength": 0,
                    "maxLength": 0
                }
            },
            "family_id": "214483932253615610",
            "hint_text": "",
            "mandatory": false,
            "is_enabled": true
        },
        {
            "id": "214483932253625357",
            "label": "Refunds from Audits Received by UNHCR",
            "type": {
                "name": "single_select",
                "specification": {
                    "options": [
                        "Yes",
                        "No",
                        "N/A"
                    ],
                    "minLength": 0,
                    "maxLength": 0
                }
            },
            "family_id": "214483932253615611",
            "hint_text": "",
            "mandatory": false,
            "is_enabled": true
        },
        {
            "id": "214483932253625359",
            "label": "Right of Use Agreement Type",
            "type": {
                "name": "single_select",
                "specification": {
                    "options": [
                        "Vehicle",
                        "Other asset or property"
                    ],
                    "minLength": 0,
                    "maxLength": 0
                }
            },
            "family_id": "214483932253615613",
            "hint_text": "",
            "mandatory": false,
            "is_enabled": true
        },
        {
            "id": "214483932253625364",
            "label": "Severity Level",
            "type": {
                "name": "single_select",
                "specification": {
                    "options": [
                        "High",
                        "Medium",
                        "Low"
                    ],
                    "minLength": 0,
                    "maxLength": 0
                }
            },
            "family_id": "214483932253615618",
            "hint_text": "",
            "mandatory": false,
            "is_enabled": true
        },
        {
            "id": "214483932253625365",
            "label": "Status",
            "type": {
                "name": "single_select",
                "specification": {
                    "options": [
                        "Draft",
                        "Recommended for Closure"
                    ],
                    "minLength": 0,
                    "maxLength": 0
                }
            },
            "family_id": "214483932253615619",
            "hint_text": "",
            "mandatory": false,
            "is_enabled": true
        },
        {
            "id": "214483932253625366",
            "label": "Supporting Documents Type",
            "type": {
                "name": "single_select",
                "specification": {
                    "options": [
                        "Personnel List",
                        "Procurement",
                        "Financial",
                        "Other"
                    ],
                    "minLength": 0,
                    "maxLength": 0
                }
            },
            "family_id": "214483932253615620",
            "hint_text": "",
            "mandatory": false,
            "is_enabled": true
        },
        {
            "id": "214483932253625368",
            "label": "Template Type",
            "type": {
                "name": "single_select",
                "specification": {
                    "options": [
                        "Project Report",
                        "Supporting Documents",
                        "Right of Use",
                        "Distribution Report",
                        "Site Meeting Minutes",
                        "Handover Certificate",
                        "Detail Drawing",
                        "Partnership Report"
                    ],
                    "minLength": 0,
                    "maxLength": 0
                }
            },
            "family_id": "214483932253615622",
            "hint_text": "",
            "mandatory": false,
            "is_enabled": true
        },
        {
            "id": "214483932253625370",
            "label": "Transfer Type",
            "type": {
                "name": "single_select",
                "specification": {
                    "options": [
                        "AST",
                        "GAD"
                    ],
                    "minLength": 0,
                    "maxLength": 0
                }
            },
            "family_id": "214483932253615624",
            "hint_text": "",
            "mandatory": false,
            "is_enabled": true
        },
        {
            "id": "214483932253625372",
            "label": "Treatment Status",
            "type": {
                "name": "single_select",
                "specification": {
                    "options": [
                        "Work In Progress",
                        "In Place",
                        "In Place-Recurring",
                        "Not In Place"
                    ],
                    "minLength": 0,
                    "maxLength": 0
                }
            },
            "family_id": "214483932253615626",
            "hint_text": "",
            "mandatory": false,
            "is_enabled": true
        },
        {
            "id": "214483932253625373",
            "label": "Treatment Type",
            "type": {
                "name": "single_select",
                "specification": {
                    "options": [
                        "NA"
                    ],
                    "minLength": 0,
                    "maxLength": 0
                }
            },
            "family_id": "214483932253615627",
            "hint_text": "",
            "mandatory": false,
            "is_enabled": true
        },
        {
            "id": "214483932253625375",
            "label": "Type of Shipment",
            "type": {
                "name": "single_select",
                "specification": {
                    "options": [
                        "Land",
                        "Sea",
                        "Air"
                    ],
                    "minLength": 0,
                    "maxLength": 0
                }
            },
            "family_id": "214483932253615629",
            "hint_text": "",
            "mandatory": false,
            "is_enabled": true
        },
        {
            "id": "214483932253625376",
            "label": "Unspent Balances Refunded to UNHCR",
            "type": {
                "name": "single_select",
                "specification": {
                    "options": [
                        "Yes",
                        "No",
                        "N/A"
                    ],
                    "minLength": 0,
                    "maxLength": 0
                }
            },
            "family_id": "214483932253615630",
            "hint_text": "",
            "mandatory": false,
            "is_enabled": true
        },
        {
            "id": "214483932253625377",
            "label": "Verification Report Type",
            "type": {
                "name": "single_select",
                "specification": {
                    "options": [
                        "Financial",
                        "Implementation"
                    ],
                    "minLength": 0,
                    "maxLength": 0
                }
            },
            "family_id": "214483932253615631",
            "hint_text": "",
            "mandatory": false,
            "is_enabled": true
        },
        {
            "id": "214483932253634928",
            "label": "Implementer",
            "type": {
                "name": "single_select",
                "specification": {
                    "options": [
                        "Implementer Values",
                        "Global Humanitarian Solution - AFG",
                        "NORWEGIAN REFUGEE COUNCIL (NRC) - AFG",
                        "Human Resources Development Agency",
                        "People's Action for Change Organization",
                        "International Labour Organization - AFG",
                        "ISLAMIC RELIEF WORLDWIDE - AFG"
                    ],
                    "minLength": 0,
                    "maxLength": 0
                }
            },
            "family_id": "214483932253615569",
            "hint_text": "",
            "mandatory": false,
            "is_enabled": true
        },
        {
            "id": "214483932253634929",
            "label": "Partner Agreement / Contract",
            "type": {
                "name": "single_select",
                "specification": {
                    "options": [
                        "Agreement Number Values",
                        "33021Y23P002535",
                        "33021Y23P500272",
                        "33022Y23P119587",
                        "33022Y23P254571",
                        "33022Y23P500678",
                        "33022Y24P500678",
                        "33023Y23P236855"
                    ],
                    "minLength": 0,
                    "maxLength": 0
                }
            },
            "family_id": "214483932253615592",
            "hint_text": "",
            "mandatory": false,
            "is_enabled": true
        },
        {
            "id": "214483932253659021",
            "label": "Type of Feedback",
            "type": {
                "name": "single_select",
                "specification": {
                    "options": [
                        "Appreciation",
                        "Recommendation"
                    ],
                    "minLength": 0,
                    "maxLength": 0
                }
            },
            "family_id": "214483932253645740",
            "hint_text": "",
            "mandatory": false,
            "is_enabled": true
        },
        {
            "id": "214483932253659022",
            "label": "Issue Categorisation",
            "type": {
                "name": "single_select",
                "specification": {
                    "options": [
                        "Protection & solutions",
                        "Construction and infrastructure",
                        "Operational context",
                        "Procurement",
                        "Expenditure comparable to results",
                        "Eligibility of expenses claimed",
                        "Funds/cash management",
                        "Human resources & payroll",
                        "Financial and project records",
                        "Asset management",
                        "Other"
                    ],
                    "minLength": 0,
                    "maxLength": 0
                }
            },
            "family_id": "214483932253615573",
            "hint_text": "",
            "mandatory": false,
            "is_enabled": true
        },
        {
            "id": "214483932253659023",
            "label": "Type of Monitoring / Verification",
            "type": {
                "name": "single_select",
                "specification": {
                    "options": [
                        "N/A",
                        "Onsite",
                        "Remote"
                    ],
                    "minLength": 0,
                    "maxLength": 0
                }
            },
            "family_id": "214483932253615628",
            "hint_text": "",
            "mandatory": false,
            "is_enabled": true
        },
        {
            "id": "214483932253625283",
            "label": "Balance Remaining Unreported",
            "type": {
                "name": "number",
                "specification": {
                    "minLength": 0,
                    "maxLength": 0
                }
            },
            "family_id": "214483932253615537",
            "hint_text": "",
            "mandatory": false,
            "is_enabled": true
        },
        {
            "id": "214483932253625300",
            "label": "Estimated Implementation Amount",
            "type": {
                "name": "number",
                "specification": {
                    "minLength": 0,
                    "maxLength": 0
                }
            },
            "family_id": "214483932253615554",
            "hint_text": "",
            "mandatory": false,
            "is_enabled": true
        },
        {
            "id": "214483932253625301",
            "label": "Expenses Reported up-to Date",
            "type": {
                "name": "number",
                "specification": {
                    "minLength": 0,
                    "maxLength": 0
                }
            },
            "family_id": "214483932253615555",
            "hint_text": "",
            "mandatory": false,
            "is_enabled": true
        },
        {
            "id": "214483932253625316",
            "label": "Instalment Required in Extension Period",
            "type": {
                "name": "number",
                "specification": {
                    "minLength": 0,
                    "maxLength": 0
                }
            },
            "family_id": "214483932253615570",
            "hint_text": "",
            "mandatory": false,
            "is_enabled": true
        },
        {
            "id": "214483932253625317",
            "label": "Instalments Paid up-to Date",
            "type": {
                "name": "number",
                "specification": {
                    "minLength": 0,
                    "maxLength": 0
                }
            },
            "family_id": "214483932253615571",
            "hint_text": "",
            "mandatory": false,
            "is_enabled": true
        },
        {
            "id": "214483932253625336",
            "label": "Outstanding Balance",
            "type": {
                "name": "number",
                "specification": {
                    "minLength": 0,
                    "maxLength": 0
                }
            },
            "family_id": "214483932253615590",
            "hint_text": "",
            "mandatory": false,
            "is_enabled": true
        },
        {
            "id": "214483932253625341",
            "label": "Payment Amount",
            "type": {
                "name": "number",
                "specification": {
                    "minLength": 0,
                    "maxLength": 0
                }
            },
            "family_id": "214483932253615595",
            "hint_text": "",
            "mandatory": false,
            "is_enabled": true
        },
        {
            "id": "214483932253625350",
            "label": "Project Budget",
            "type": {
                "name": "number",
                "specification": {
                    "minLength": 0,
                    "maxLength": 0
                }
            },
            "family_id": "214483932253615604",
            "hint_text": "",
            "mandatory": false,
            "is_enabled": true
        },
        {
            "id": "214483932253625369",
            "label": "Total # of extra working days requested?",
            "type": {
                "name": "number",
                "specification": {
                    "minLength": 0,
                    "maxLength": 0
                }
            },
            "family_id": "214483932253615623",
            "hint_text": "",
            "mandatory": false,
            "is_enabled": true
        }
    ]
}