{
    "custom_fields": [
        {
            "id": "214483932253624070",
            "label": "Alternative Refernce Number",
            "type": {
                "name": "single_line_text",
                "specification": {
                    "minLength": 1,
                    "maxLength": 60
                }
            },
            "family_id": "214483932253614450",
            "hint_text": "",
            "mandatory": false,
            "is_enabled": true
        },
        {
            "id": "214483932253624072",
            "label": "Area of Application",
            "type": {
                "name": "single_line_text",
                "specification": {
                    "minLength": 1,
                    "maxLength": 60
                }
            },
            "family_id": "214483932253614452",
            "hint_text": "",
            "mandatory": false,
            "is_enabled": true
        },
        {
            "id": "214483932253624077",
            "label": "BOQ Reference",
            "type": {
                "name": "single_line_text",
                "specification": {
                    "minLength": 1,
                    "maxLength": 60
                }
            },
            "family_id": "214483932253614457",
            "hint_text": "",
            "mandatory": false,
            "is_enabled": true
        },
        {
            "id": "214483932253624086",
            "label": "Country of Origin",
            "type": {
                "name": "single_line_text",
                "specification": {
                    "minLength": 1,
                    "maxLength": 60
                }
            },
            "family_id": "214483932253614466",
            "hint_text": "",
            "mandatory": false,
            "is_enabled": true
        },
        {
            "id": "214483932253624091",
            "label": "Drawing Reference",
            "type": {
                "name": "single_line_text",
                "specification": {
                    "minLength": 1,
                    "maxLength": 60
                }
            },
            "family_id": "214483932253614471",
            "hint_text": "",
            "mandatory": false,
            "is_enabled": true
        },
        {
            "id": "214483932253624092",
            "label": "ERP Contract Number",
            "type": {
                "name": "single_line_text",
                "specification": {
                    "minLength": 1,
                    "maxLength": 60
                }
            },
            "family_id": "214483932253614472",
            "hint_text": "",
            "mandatory": false,
            "is_enabled": true
        },
        {
            "id": "214483932253624110",
            "label": "Justification for the change request?",
            "type": {
                "name": "single_line_text",
                "specification": {
                    "minLength": 1,
                    "maxLength": 60
                }
            },
            "family_id": "214483932253614490",
            "hint_text": "",
            "mandatory": false,
            "is_enabled": true
        },
        {
            "id": "214483932253624117",
            "label": "Manufacturer",
            "type": {
                "name": "single_line_text",
                "specification": {
                    "minLength": 1,
                    "maxLength": 60
                }
            },
            "family_id": "214483932253614497",
            "hint_text": "",
            "mandatory": false,
            "is_enabled": true
        },
        {
            "id": "214483932253624119",
            "label": "Material Description & Type",
            "type": {
                "name": "single_line_text",
                "specification": {
                    "minLength": 1,
                    "maxLength": 60
                }
            },
            "family_id": "214483932253614499",
            "hint_text": "",
            "mandatory": false,
            "is_enabled": true
        },
        {
            "id": "214483932253624129",
            "label": "Payment Reference",
            "type": {
                "name": "single_line_text",
                "specification": {
                    "minLength": 1,
                    "maxLength": 60
                }
            },
            "family_id": "214483932253614509",
            "hint_text": "",
            "mandatory": false,
            "is_enabled": true
        },
        {
            "id": "214483932253624130",
            "label": "Period Material will be Used on Site",
            "type": {
                "name": "single_line_text",
                "specification": {
                    "minLength": 1,
                    "maxLength": 60
                }
            },
            "family_id": "214483932253614510",
            "hint_text": "",
            "mandatory": false,
            "is_enabled": true
        },
        {
            "id": "214483932253624131",
            "label": "PFR Number",
            "type": {
                "name": "single_line_text",
                "specification": {
                    "minLength": 1,
                    "maxLength": 60
                }
            },
            "family_id": "214483932253614511",
            "hint_text": "",
            "mandatory": false,
            "is_enabled": true
        },
        {
            "id": "214483932253624133",
            "label": "PO Number",
            "type": {
                "name": "single_line_text",
                "specification": {
                    "minLength": 1,
                    "maxLength": 60
                }
            },
            "family_id": "214483932253614513",
            "hint_text": "",
            "mandatory": false,
            "is_enabled": true
        },
        {
            "id": "214483932253624155",
            "label": "What is total value of budget decrease?",
            "type": {
                "name": "single_line_text",
                "specification": {
                    "minLength": 1,
                    "maxLength": 60
                }
            },
            "family_id": "214483932253614535",
            "hint_text": "",
            "mandatory": false,
            "is_enabled": true
        },
        {
            "id": "214483932253624156",
            "label": "What is total value of extra budget?",
            "type": {
                "name": "single_line_text",
                "specification": {
                    "minLength": 1,
                    "maxLength": 60
                }
            },
            "family_id": "214483932253614536",
            "hint_text": "",
            "mandatory": false,
            "is_enabled": true
        },
        {
            "id": "214483932253624393",
            "label": "If other only, please add",
            "type": {
                "name": "single_line_text",
                "specification": {
                    "minLength": 1,
                    "maxLength": 60
                }
            },
            "family_id": "214483932253614718",
            "hint_text": "",
            "mandatory": false,
            "is_enabled": true
        },
        {
            "id": "214483932253624071",
            "label": "Anticipated Delivery Date",
            "type": {
                "name": "date",
                "specification": {
                    "minLength": 0,
                    "maxLength": 0
                }
            },
            "family_id": "214483932253614451",
            "hint_text": "",
            "mandatory": false,
            "is_enabled": true
        },
        {
            "id": "214483932253624101",
            "label": "Granted Implementation Period",
            "type": {
                "name": "date",
                "specification": {
                    "minLength": 0,
                    "maxLength": 0
                }
            },
            "family_id": "214483932253614481",
            "hint_text": "",
            "mandatory": false,
            "is_enabled": true
        },
        {
            "id": "214483932253624102",
            "label": "Granted Liquidation Period",
            "type": {
                "name": "date",
                "specification": {
                    "minLength": 0,
                    "maxLength": 0
                }
            },
            "family_id": "214483932253614482",
            "hint_text": "",
            "mandatory": false,
            "is_enabled": true
        },
        {
            "id": "214483932253624104",
            "label": "Implementation Period (Date)",
            "type": {
                "name": "date",
                "specification": {
                    "minLength": 0,
                    "maxLength": 0
                }
            },
            "family_id": "214483932253614484",
            "hint_text": "",
            "mandatory": false,
            "is_enabled": true
        },
        {
            "id": "214483932253624116",
            "label": "Liquidation Period (Date)",
            "type": {
                "name": "date",
                "specification": {
                    "minLength": 0,
                    "maxLength": 0
                }
            },
            "family_id": "214483932253614496",
            "hint_text": "",
            "mandatory": false,
            "is_enabled": true
        },
        {
            "id": "214483932253624138",
            "label": "Proposed new project completion date?",
            "type": {
                "name": "date",
                "specification": {
                    "minLength": 0,
                    "maxLength": 0
                }
            },
            "family_id": "214483932253614518",
            "hint_text": "",
            "mandatory": false,
            "is_enabled": true
        },
        {
            "id": "214483932253624076",
            "label": "Balance Remaining Unreported",
            "type": {
                "name": "number",
                "specification": {
                    "minLength": 0,
                    "maxLength": 0
                }
            },
            "family_id": "214483932253614456",
            "hint_text": "",
            "mandatory": false,
            "is_enabled": true
        },
        {
            "id": "214483932253624093",
            "label": "Estimated Implementation Amount",
            "type": {
                "name": "number",
                "specification": {
                    "minLength": 0,
                    "maxLength": 0
                }
            },
            "family_id": "214483932253614473",
            "hint_text": "",
            "mandatory": false,
            "is_enabled": true
        },
        {
            "id": "214483932253624094",
            "label": "Expenses Reported up-to Date",
            "type": {
                "name": "number",
                "specification": {
                    "minLength": 0,
                    "maxLength": 0
                }
            },
            "family_id": "214483932253614474",
            "hint_text": "",
            "mandatory": false,
            "is_enabled": true
        },
        {
            "id": "214483932253624106",
            "label": "Instalment Required in Extension Period",
            "type": {
                "name": "number",
                "specification": {
                    "minLength": 0,
                    "maxLength": 0
                }
            },
            "family_id": "214483932253614486",
            "hint_text": "",
            "mandatory": false,
            "is_enabled": true
        },
        {
            "id": "214483932253624107",
            "label": "Instalments Paid up-to Date",
            "type": {
                "name": "number",
                "specification": {
                    "minLength": 0,
                    "maxLength": 0
                }
            },
            "family_id": "214483932253614487",
            "hint_text": "",
            "mandatory": false,
            "is_enabled": true
        },
        {
            "id": "214483932253624122",
            "label": "Outstanding Balance",
            "type": {
                "name": "number",
                "specification": {
                    "minLength": 0,
                    "maxLength": 0
                }
            },
            "family_id": "214483932253614502",
            "hint_text": "",
            "mandatory": false,
            "is_enabled": true
        },
        {
            "id": "214483932253624127",
            "label": "Payment Amount",
            "type": {
                "name": "number",
                "specification": {
                    "minLength": 0,
                    "maxLength": 0
                }
            },
            "family_id": "214483932253614507",
            "hint_text": "",
            "mandatory": false,
            "is_enabled": true
        },
        {
            "id": "214483932253624136",
            "label": "Project Budget",
            "type": {
                "name": "number",
                "specification": {
                    "minLength": 0,
                    "maxLength": 0
                }
            },
            "family_id": "214483932253614516",
            "hint_text": "",
            "mandatory": false,
            "is_enabled": true
        },
        {
            "id": "214483932253624150",
            "label": "Total # of extra working days requested?",
            "type": {
                "name": "number",
                "specification": {
                    "minLength": 0,
                    "maxLength": 0
                }
            },
            "family_id": "214483932253614530",
            "hint_text": "",
            "mandatory": false,
            "is_enabled": true
        },
        {
            "id": "214483932253632868",
            "label": "UNHCR Proposed Refund Amount",
            "type": {
                "name": "number",
                "specification": {
                    "minLength": 0,
                    "maxLength": 0
                }
            },
            "family_id": "214483932253622239",
            "hint_text": "",
            "mandatory": false,
            "is_enabled": true
        },
        {
            "id": "214483932253632870",
            "label": "Partner Proposed Refund Amount",
            "type": {
                "name": "number",
                "specification": {
                    "minLength": 0,
                    "maxLength": 0
                }
            },
            "family_id": "214483932253622241",
            "hint_text": "",
            "mandatory": false,
            "is_enabled": true
        },
        {
            "id": "214483932253633293",
            "label": "Operational context: number of risks and",
            "type": {
                "name": "number",
                "specification": {
                    "minLength": 0,
                    "maxLength": 0
                }
            },
            "family_id": "214483932253622556",
            "hint_text": "",
            "mandatory": false,
            "is_enabled": true
        },
        {
            "id": "214483932253633411",
            "label": "Operational context # risks + opp",
            "type": {
                "name": "number",
                "specification": {
                    "minLength": 0,
                    "maxLength": 0
                }
            },
            "family_id": "214483932253622595",
            "hint_text": "",
            "mandatory": false,
            "is_enabled": true
        },
        {
            "id": "214483932253633412",
            "label": "Planning/programme/support # risks + opp",
            "type": {
                "name": "number",
                "specification": {
                    "minLength": 0,
                    "maxLength": 0
                }
            },
            "family_id": "214483932253622596",
            "hint_text": "",
            "mandatory": false,
            "is_enabled": true
        },
        {
            "id": "214483932253633413",
            "label": "Protection + solutions # risks + opp",
            "type": {
                "name": "number",
                "specification": {
                    "minLength": 0,
                    "maxLength": 0
                }
            },
            "family_id": "214483932253622597",
            "hint_text": "",
            "mandatory": false,
            "is_enabled": true
        },
        {
            "id": "214483932253633414",
            "label": "Delivering assistance # risks + opp",
            "type": {
                "name": "number",
                "specification": {
                    "minLength": 0,
                    "maxLength": 0
                }
            },
            "family_id": "214483932253622598",
            "hint_text": "",
            "mandatory": false,
            "is_enabled": true
        },
        {
            "id": "214483932253633415",
            "label": "People + culture # risks + opp",
            "type": {
                "name": "number",
                "specification": {
                    "minLength": 0,
                    "maxLength": 0
                }
            },
            "family_id": "214483932253622599",
            "hint_text": "",
            "mandatory": false,
            "is_enabled": true
        },
        {
            "id": "214483932253633416",
            "label": "ER + resource mobilization # risks + opp",
            "type": {
                "name": "number",
                "specification": {
                    "minLength": 0,
                    "maxLength": 0
                }
            },
            "family_id": "214483932253622600",
            "hint_text": "",
            "mandatory": false,
            "is_enabled": true
        },
        {
            "id": "214483932253633417",
            "label": "Data + information # risks + opp",
            "type": {
                "name": "number",
                "specification": {
                    "minLength": 0,
                    "maxLength": 0
                }
            },
            "family_id": "214483932253622601",
            "hint_text": "",
            "mandatory": false,
            "is_enabled": true
        },
        {
            "id": "214483932253624068",
            "label": "All Issues are Implemented and Closed",
            "type": {
                "name": "single_select",
                "specification": {
                    "options": [
                        "Yes, all closed",
                        "No, some remain Open/In Dispute, but recommend to close the PPA and continue to follow up",
                        "No, important recommendations remain Open/In Dispute, and it is not recommended to close the PPA"
                    ],
                    "minLength": 0,
                    "maxLength": 0
                }
            },
            "family_id": "214483932253614448",
            "hint_text": "",
            "mandatory": false,
            "is_enabled": true
        },
        {
            "id": "214483932253624069",
            "label": "All Outstanding Funds Received",
            "type": {
                "name": "single_select",
                "specification": {
                    "options": [
                        "Yes",
                        "No",
                        "Not Applicable"
                    ],
                    "minLength": 0,
                    "maxLength": 0
                }
            },
            "family_id": "214483932253614449",
            "hint_text": "",
            "mandatory": false,
            "is_enabled": true
        },
        {
            "id": "214483932253624075",
            "label": "Auditors Request",
            "type": {
                "name": "single_select",
                "specification": {
                    "options": [
                        "Transmittal Request",
                        "Information Request"
                    ],
                    "minLength": 0,
                    "maxLength": 0
                }
            },
            "family_id": "214483932253614455",
            "hint_text": "",
            "mandatory": false,
            "is_enabled": true
        },
        {
            "id": "214483932253624079",
            "label": "Bureaux/IMAS Implementation Extended?",
            "type": {
                "name": "single_select",
                "specification": {
                    "options": [
                        "Yes",
                        "No"
                    ],
                    "minLength": 0,
                    "maxLength": 0
                }
            },
            "family_id": "214483932253614459",
            "hint_text": "",
            "mandatory": false,
            "is_enabled": true
        },
        {
            "id": "214483932253624080",
            "label": "Bureaux/IMAS Liquidation Extended?",
            "type": {
                "name": "single_select",
                "specification": {
                    "options": [
                        "Yes",
                        "No"
                    ],
                    "minLength": 0,
                    "maxLength": 0
                }
            },
            "family_id": "214483932253614460",
            "hint_text": "",
            "mandatory": false,
            "is_enabled": true
        },
        {
            "id": "214483932253624083",
            "label": "Contract Change Status",
            "type": {
                "name": "single_select",
                "specification": {
                    "options": [
                        "Accepted",
                        "Rejected"
                    ],
                    "minLength": 0,
                    "maxLength": 0
                }
            },
            "family_id": "214483932253614463",
            "hint_text": "",
            "mandatory": false,
            "is_enabled": true
        },
        {
            "id": "214483932253624084",
            "label": "Contract Currency",
            "type": {
                "name": "single_select",
                "specification": {
                    "options": [
                        "ADP",
                        "AED",
                        "AFA",
                        "AFN",
                        "ALL",
                        "AMD",
                        "ANG",
                        "AOA",
                        "AOK",
                        "AON",
                        "ARA",
                        "ARS",
                        "ATS",
                        "AUD",
                        "AWG",
                        "AZM",
                        "AZN",
                        "BAM",
                        "BBD",
                        "BDT",
                        "BEF",
                        "BGL",
                        "BGN",
                        "BHD",
                        "BIF",
                        "BMD",
                        "BND",
                        "BOB",
                        "BOV",
                        "BRC",
                        "BRL",
                        "BSD",
                        "BTN",
                        "BUK",
                        "BWP",
                        "BYB",
                        "BYN",
                        "BYR",
                        "BZD",
                        "CAD",
                        "CDF",
                        "CHE",
                        "CHF",
                        "CHW",
                        "CLF",
                        "CLP",
                        "CNY",
                        "COP",
                        "COU",
                        "CRC",
                        "CSK",
                        "CUP",
                        "CVE",
                        "CYP",
                        "CZK",
                        "DEM",
                        "DJF",
                        "DKK",
                        "DOP",
                        "DZD",
                        "ECS",
                        "ECV",
                        "EEK",
                        "EGP",
                        "ERN",
                        "ESB",
                        "ESP",
                        "ETB",
                        "EUR",
                        "FIM",
                        "FJD",
                        "FKP",
                        "FRF",
                        "GBP",
                        "GEK",
                        "GEL",
                        "GHC",
                        "GHS",
                        "GIP",
                        "GMD",
                        "GNF",
                        "GRD",
                        "GTQ",
                        "GWP",
                        "GYD",
                        "HKD",
                        "HNL",
                        "HRD",
                        "HRK",
                        "HTG",
                        "HUF",
                        "IDR",
                        "IEP",
                        "ILS",
                        "INR",
                        "IQD",
                        "IRR",
                        "ISK",
                        "ITL",
                        "JMD",
                        "JOD",
                        "JPY",
                        "KES",
                        "KGS",
                        "KHR",
                        "KMF",
                        "KPW",
                        "KRW",
                        "KWD",
                        "KYD",
                        "KZT",
                        "LAK",
                        "LBP",
                        "LKR",
                        "LRD",
                        "LSL",
                        "LTL",
                        "LUC",
                        "LUF",
                        "LUL",
                        "LVL",
                        "LVR",
                        "LYD",
                        "MAD",
                        "MDL",
                        "MGA",
                        "MGF",
                        "MKD",
                        "MMK",
                        "MNT",
                        "MOP",
                        "MRO",
                        "MRU",
                        "MTL",
                        "MUR",
                        "MVR",
                        "MWK",
                        "MXN",
                        "MXP",
                        "MXV",
                        "MYR",
                        "MZM",
                        "MZN",
                        "NAD",
                        "NGN",
                        "NIC",
                        "NIO",
                        "NLG",
                        "NOK",
                        "NPR",
                        "NZD",
                        "OMR",
                        "PAB",
                        "PEI",
                        "PEN",
                        "PGK",
                        "PHP",
                        "PKR",
                        "PLN",
                        "PLZ",
                        "PTE",
                        "PYG",
                        "QAR",
                        "ROL",
                        "RON",
                        "RSD",
                        "RUB",
                        "RUR",
                        "RWF",
                        "SAR",
                        "SBD",
                        "SCR",
                        "SDD",
                        "SDG",
                        "SDP",
                        "SEK",
                        "SGD",
                        "SHP",
                        "SIT",
                        "SKK",
                        "SLL",
                        "SOS",
                        "SRD",
                        "SRG",
                        "SSP",
                        "STAT",
                        "STD",
                        "STN",
                        "SUR",
                        "SVC",
                        "SYP",
                        "SZL",
                        "THB",
                        "TJR",
                        "TJS",
                        "TMM",
                        "TMT",
                        "TND",
                        "TOP",
                        "TPE",
                        "TRL",
                        "TRY",
                        "TTD",
                        "TWD",
                        "TZS",
                        "UAH",
                        "UAK",
                        "UGS",
                        "UGX",
                        "USD",
                        "USN",
                        "USS",
                        "UYI",
                        "UYP",
                        "UYU",
                        "UYW",
                        "UZS",
                        "VEB",
                        "VEF",
                        "VES",
                        "VND",
                        "VUV",
                        "WST",
                        "XAF",
                        "XAG",
                        "XAU",
                        "XB5",
                        "XBA",
                        "XBB",
                        "XBC",
                        "XBD",
                        "XCD",
                        "XDR",
                        "XEU",
                        "XFO",
                        "XFU",
                        "XOF",
                        "XPD",
                        "XPF",
                        "XPT",
                        "XTS",
                        "XXX",
                        "YDD",
                        "YER",
                        "YUD",
                        "YUM",
                        "YUN",
                        "ZAL",
                        "ZAR",
                        "ZMK",
                        "ZMW",
                        "ZRN",
                        "ZRZ",
                        "ZWD",
                        "ZWL",
                        "ZWR"
                    ],
                    "minLength": 0,
                    "maxLength": 0
                }
            },
            "family_id": "214483932253614464",
            "hint_text": "",
            "mandatory": false,
            "is_enabled": true
        },
        {
            "id": "214483932253624085",
            "label": "Core Outcome Area",
            "type": {
                "name": "single_select",
                "specification": {
                    "options": [
                        "Healthcare",
                        "Child Protection"
                    ],
                    "minLength": 0,
                    "maxLength": 0
                }
            },
            "family_id": "214483932253614465",
            "hint_text": "",
            "mandatory": false,
            "is_enabled": true
        },
        {
            "id": "214483932253624095",
            "label": "Extension of Implementation Period",
            "type": {
                "name": "single_select",
                "specification": {
                    "options": [
                        "Yes",
                        "No"
                    ],
                    "minLength": 0,
                    "maxLength": 0
                }
            },
            "family_id": "214483932253614475",
            "hint_text": "",
            "mandatory": false,
            "is_enabled": true
        },
        {
            "id": "214483932253624096",
            "label": "Extension of Liquidation Period",
            "type": {
                "name": "single_select",
                "specification": {
                    "options": [
                        "Yes",
                        "No"
                    ],
                    "minLength": 0,
                    "maxLength": 0
                }
            },
            "family_id": "214483932253614476",
            "hint_text": "",
            "mandatory": false,
            "is_enabled": true
        },
        {
            "id": "214483932253624097",
            "label": "Final PFR was Approved by UNHCR",
            "type": {
                "name": "single_select",
                "specification": {
                    "options": [
                        "Yes",
                        "No",
                        "N/A with justification"
                    ],
                    "minLength": 0,
                    "maxLength": 0
                }
            },
            "family_id": "214483932253614477",
            "hint_text": "",
            "mandatory": false,
            "is_enabled": true
        },
        {
            "id": "214483932253624098",
            "label": "Final PMC02 Approved by UNHCR",
            "type": {
                "name": "single_select",
                "specification": {
                    "options": [
                        "Yes",
                        "No",
                        "N/A with justification"
                    ],
                    "minLength": 0,
                    "maxLength": 0
                }
            },
            "family_id": "214483932253614478",
            "hint_text": "",
            "mandatory": false,
            "is_enabled": true
        },
        {
            "id": "214483932253624099",
            "label": "Final PMC03 Approved by UNHCR",
            "type": {
                "name": "single_select",
                "specification": {
                    "options": [
                        "Yes",
                        "No",
                        "N/A with justification"
                    ],
                    "minLength": 0,
                    "maxLength": 0
                }
            },
            "family_id": "214483932253614479",
            "hint_text": "",
            "mandatory": false,
            "is_enabled": true
        },
        {
            "id": "214483932253624109",
            "label": "Justification Category",
            "type": {
                "name": "single_select",
                "specification": {
                    "options": [
                        "Natural Disaster",
                        "Security Issues",
                        "Earmarked Funds",
                        "Other"
                    ],
                    "minLength": 0,
                    "maxLength": 0
                }
            },
            "family_id": "214483932253614489",
            "hint_text": "",
            "mandatory": false,
            "is_enabled": true
        },
        {
            "id": "214483932253624115",
            "label": "Lessons Learned Status",
            "type": {
                "name": "single_select",
                "specification": {
                    "options": [
                        "Accepted",
                        "Revise & Resubmit",
                        "Cancelled"
                    ],
                    "minLength": 0,
                    "maxLength": 0
                }
            },
            "family_id": "214483932253614495",
            "hint_text": "",
            "mandatory": false,
            "is_enabled": true
        },
        {
            "id": "214483932253624118",
            "label": "MAR Status",
            "type": {
                "name": "single_select",
                "specification": {
                    "options": [
                        "Accepted",
                        "Revise & Resubmit"
                    ],
                    "minLength": 0,
                    "maxLength": 0
                }
            },
            "family_id": "214483932253614498",
            "hint_text": "",
            "mandatory": false,
            "is_enabled": true
        },
        {
            "id": "214483932253624120",
            "label": "No Open Claims for Funds by Partner",
            "type": {
                "name": "single_select",
                "specification": {
                    "options": [
                        "Yes",
                        "No",
                        "N/A"
                    ],
                    "minLength": 0,
                    "maxLength": 0
                }
            },
            "family_id": "214483932253614500",
            "hint_text": "",
            "mandatory": false,
            "is_enabled": true
        },
        {
            "id": "214483932253624123",
            "label": "Overall Risk Rating",
            "type": {
                "name": "single_select",
                "specification": {
                    "options": [
                        "Low",
                        "Moderate",
                        "Significant",
                        "High",
                        "Not Applicable"
                    ],
                    "minLength": 0,
                    "maxLength": 0
                }
            },
            "family_id": "214483932253614503",
            "hint_text": "",
            "mandatory": false,
            "is_enabled": true
        },
        {
            "id": "214483932253624125",
            "label": "Partner Agreement Closed",
            "type": {
                "name": "single_select",
                "specification": {
                    "options": [
                        "Yes",
                        "Yes, with recommended follow up",
                        "No"
                    ],
                    "minLength": 0,
                    "maxLength": 0
                }
            },
            "family_id": "214483932253614505",
            "hint_text": "",
            "mandatory": false,
            "is_enabled": true
        },
        {
            "id": "214483932253624126",
            "label": "Partnership Report Type",
            "type": {
                "name": "single_select",
                "specification": {
                    "options": [
                        "Final",
                        "Interim",
                        "DON"
                    ],
                    "minLength": 0,
                    "maxLength": 0
                }
            },
            "family_id": "214483932253614506",
            "hint_text": "",
            "mandatory": false,
            "is_enabled": true
        },
        {
            "id": "214483932253624132",
            "label": "PO is Received and Closed",
            "type": {
                "name": "single_select",
                "specification": {
                    "options": [
                        "Yes",
                        "No",
                        "N/A"
                    ],
                    "minLength": 0,
                    "maxLength": 0
                }
            },
            "family_id": "214483932253614512",
            "hint_text": "",
            "mandatory": false,
            "is_enabled": true
        },
        {
            "id": "214483932253624134",
            "label": "PPA Risk Assessment Documented",
            "type": {
                "name": "single_select",
                "specification": {
                    "options": [
                        "Yes",
                        "No",
                        "N/A"
                    ],
                    "minLength": 0,
                    "maxLength": 0
                }
            },
            "family_id": "214483932253614514",
            "hint_text": "",
            "mandatory": false,
            "is_enabled": true
        },
        {
            "id": "214483932253624135",
            "label": "Programme Response Status",
            "type": {
                "name": "single_select",
                "specification": {
                    "options": [
                        "Accepted",
                        "Revise & Resubmit",
                        "Rejected"
                    ],
                    "minLength": 0,
                    "maxLength": 0
                }
            },
            "family_id": "214483932253614515",
            "hint_text": "",
            "mandatory": false,
            "is_enabled": true
        },
        {
            "id": "214483932253624137",
            "label": "Project Report Type",
            "type": {
                "name": "single_select",
                "specification": {
                    "options": [
                        "Interim",
                        "Annual"
                    ],
                    "minLength": 0,
                    "maxLength": 0
                }
            },
            "family_id": "214483932253614517",
            "hint_text": "",
            "mandatory": false,
            "is_enabled": true
        },
        {
            "id": "214483932253624141",
            "label": "Refund Category",
            "type": {
                "name": "single_select",
                "specification": {
                    "options": [
                        "Unspent Balances",
                        "Financial Verification",
                        "Audit"
                    ],
                    "minLength": 0,
                    "maxLength": 0
                }
            },
            "family_id": "214483932253614521",
            "hint_text": "",
            "mandatory": false,
            "is_enabled": true
        },
        {
            "id": "214483932253624142",
            "label": "Refunds from Audits Received by UNHCR",
            "type": {
                "name": "single_select",
                "specification": {
                    "options": [
                        "Yes",
                        "No",
                        "N/A"
                    ],
                    "minLength": 0,
                    "maxLength": 0
                }
            },
            "family_id": "214483932253614522",
            "hint_text": "",
            "mandatory": false,
            "is_enabled": true
        },
        {
            "id": "214483932253624146",
            "label": "Status",
            "type": {
                "name": "single_select",
                "specification": {
                    "options": [
                        "Draft",
                        "Recommended for Closure"
                    ],
                    "minLength": 0,
                    "maxLength": 0
                }
            },
            "family_id": "214483932253614526",
            "hint_text": "",
            "mandatory": false,
            "is_enabled": true
        },
        {
            "id": "214483932253624151",
            "label": "Transfer Type",
            "type": {
                "name": "single_select",
                "specification": {
                    "options": [
                        "AST",
                        "GAD"
                    ],
                    "minLength": 0,
                    "maxLength": 0
                }
            },
            "family_id": "214483932253614531",
            "hint_text": "",
            "mandatory": false,
            "is_enabled": true
        },
        {
            "id": "214483932253624152",
            "label": "Type of Shipment",
            "type": {
                "name": "single_select",
                "specification": {
                    "options": [
                        "Land",
                        "Sea",
                        "Air"
                    ],
                    "minLength": 0,
                    "maxLength": 0
                }
            },
            "family_id": "214483932253614532",
            "hint_text": "",
            "mandatory": false,
            "is_enabled": true
        },
        {
            "id": "214483932253624153",
            "label": "Unspent Balances Refunded to UNHCR",
            "type": {
                "name": "single_select",
                "specification": {
                    "options": [
                        "Yes",
                        "No",
                        "N/A"
                    ],
                    "minLength": 0,
                    "maxLength": 0
                }
            },
            "family_id": "214483932253614533",
            "hint_text": "",
            "mandatory": false,
            "is_enabled": true
        },
        {
            "id": "214483932253624154",
            "label": "Verification Report Type",
            "type": {
                "name": "single_select",
                "specification": {
                    "options": [
                        "Financial",
                        "Implementation"
                    ],
                    "minLength": 0,
                    "maxLength": 0
                }
            },
            "family_id": "214483932253614534",
            "hint_text": "",
            "mandatory": false,
            "is_enabled": true
        },
        {
            "id": "214483932253624374",
            "label": "Audit Request Type",
            "type": {
                "name": "single_select",
                "specification": {
                    "options": [
                        "Recovery of Funds",
                        "Action Item",
                        "Future Proposal",
                        "Observation"
                    ],
                    "minLength": 0,
                    "maxLength": 0
                }
            },
            "family_id": "214483932253614702",
            "hint_text": "",
            "mandatory": false,
            "is_enabled": true
        },
        {
            "id": "214483932253624383",
            "label": "Impact",
            "type": {
                "name": "single_select",
                "specification": {
                    "options": [
                        "Insignificant",
                        "Minor",
                        "Moderate"
                    ],
                    "minLength": 0,
                    "maxLength": 0
                }
            },
            "family_id": "214483932253614711",
            "hint_text": "",
            "mandatory": false,
            "is_enabled": true
        },
        {
            "id": "214483932253624384",
            "label": "Likelihood",
            "type": {
                "name": "single_select",
                "specification": {
                    "options": [
                        "Very Low",
                        "Low",
                        "Medium",
                        "High",
                        "Very High"
                    ],
                    "minLength": 0,
                    "maxLength": 0
                }
            },
            "family_id": "214483932253614712",
            "hint_text": "",
            "mandatory": false,
            "is_enabled": true
        },
        {
            "id": "214483932253624387",
            "label": "Treatment Type",
            "type": {
                "name": "single_select",
                "specification": {
                    "options": [
                        "NA"
                    ],
                    "minLength": 0,
                    "maxLength": 0
                }
            },
            "family_id": "214483932253614715",
            "hint_text": "",
            "mandatory": false,
            "is_enabled": true
        },
        {
            "id": "214483932253624389",
            "label": "Treatment Status",
            "type": {
                "name": "single_select",
                "specification": {
                    "options": [
                        "Work In Progress",
                        "In Place",
                        "In Place-Recurring",
                        "Not In Place"
                    ],
                    "minLength": 0,
                    "maxLength": 0
                }
            },
            "family_id": "214483932253614717",
            "hint_text": "",
            "mandatory": false,
            "is_enabled": true
        },
        {
            "id": "214483932253630155",
            "label": "Severity Level",
            "type": {
                "name": "single_select",
                "specification": {
                    "options": [
                        "Low",
                        "Medium",
                        "High"
                    ],
                    "minLength": 0,
                    "maxLength": 0
                }
            },
            "family_id": "214483932253614700",
            "hint_text": "",
            "mandatory": false,
            "is_enabled": true
        },
        {
            "id": "214483932253632340",
            "label": "Type of Feedback",
            "type": {
                "name": "single_select",
                "specification": {
                    "options": [
                        "Appreciation",
                        "Recommendation"
                    ],
                    "minLength": 0,
                    "maxLength": 0
                }
            },
            "family_id": "214483932253621840",
            "hint_text": "",
            "mandatory": false,
            "is_enabled": true
        },
        {
            "id": "214483932253632341",
            "label": "Issue Categorisation",
            "type": {
                "name": "single_select",
                "specification": {
                    "options": [
                        "Protection & solutions",
                        "Construction and infrastructure",
                        "Operational context",
                        "Procurement",
                        "Expenditure comparable to results",
                        "Eligibility of expenses claimed",
                        "Funds/cash management",
                        "Human resources & payroll",
                        "Financial and project records",
                        "Asset management",
                        "Other"
                    ],
                    "minLength": 0,
                    "maxLength": 0
                }
            },
            "family_id": "214483932253614703",
            "hint_text": "",
            "mandatory": false,
            "is_enabled": true
        },
        {
            "id": "214483932253632342",
            "label": "Type of Monitoring / Verification",
            "type": {
                "name": "single_select",
                "specification": {
                    "options": [
                        "N/A",
                        "Onsite",
                        "Remote"
                    ],
                    "minLength": 0,
                    "maxLength": 0
                }
            },
            "family_id": "214483932253614705",
            "hint_text": "",
            "mandatory": false,
            "is_enabled": true
        },
        {
            "id": "214483932253632872",
            "label": "Payment Received?",
            "type": {
                "name": "single_select",
                "specification": {
                    "options": [
                        "Not Recovered",
                        "Agreed, Not Paid",
                        "Payment Received in Full",
                        "Payment Partially Received",
                        "Recovered from Instalment"
                    ],
                    "minLength": 0,
                    "maxLength": 0
                }
            },
            "family_id": "214483932253614508",
            "hint_text": "",
            "mandatory": false,
            "is_enabled": true
        },
        {
            "id": "214483932253633286",
            "label": "Assessment Report Type",
            "type": {
                "name": "single_select",
                "specification": {
                    "options": [
                        "Internal Control Assessment",
                        "Sector Capacity Assessment",
                        "PSEA",
                        "Risk Assessment"
                    ],
                    "minLength": 0,
                    "maxLength": 0
                }
            },
            "family_id": "214483932253614453",
            "hint_text": "",
            "mandatory": false,
            "is_enabled": true
        },
        {
            "id": "214483932253633288",
            "label": "Construction Document Type",
            "type": {
                "name": "single_select",
                "specification": {
                    "options": [
                        "Variation Order",
                        "Change Order",
                        "Extension of Time Request",
                        "Financial Claim",
                        "Notification of Handover to End users",
                        "Other"
                    ],
                    "minLength": 0,
                    "maxLength": 0
                }
            },
            "family_id": "214483932253622553",
            "hint_text": "",
            "mandatory": false,
            "is_enabled": true
        },
        {
            "id": "214483932253633290",
            "label": "Inspection Type",
            "type": {
                "name": "single_select",
                "specification": {
                    "options": [
                        "Annual Feedback Form",
                        "Certificate of Final Completion",
                        "Construction Tender Checklist",
                        "Construction Progress Report",
                        "Construction Project Design Checklist",
                        "Notification of Site Handover",
                        "Notification of Site Takeover by UNHCR",
                        "Partner Procurement Capacity Assessment",
                        "Project Financial Verification Report - Long Form (PMC03)",
                        "Project Financial Verification Report - Short Form (PMC03)",
                        "Project Performance Verification Report (PMC02)",
                        "Site Instruction",
                        "Site Monitoring Checklist"
                    ],
                    "minLength": 0,
                    "maxLength": 0
                }
            },
            "family_id": "214483932253622554",
            "hint_text": "",
            "mandatory": false,
            "is_enabled": true
        },
        {
            "id": "214483932253633291",
            "label": "Meeting Type",
            "type": {
                "name": "single_select",
                "specification": {
                    "options": [
                        "Site Meeting Minutes",
                        "General Meeting",
                        "Other"
                    ],
                    "minLength": 0,
                    "maxLength": 0
                }
            },
            "family_id": "214483932253622555",
            "hint_text": "",
            "mandatory": false,
            "is_enabled": true
        },
        {
            "id": "214483932253633295",
            "label": "Template Type",
            "type": {
                "name": "single_select",
                "specification": {
                    "options": [
                        "Project Report",
                        "Handover Certificate",
                        "Detail Drawing",
                        "Partnership Report",
                        "Audit",
                        "Inspection",
                        "Assessment Report",
                        "Construction",
                        "Risk Register",
                        "Agreement",
                        "General / Miscellaneous",
                        "Transfer",
                        "Supporting Documents",
                        "Right of Use Agreement",
                        "Meeting Minutes"
                    ],
                    "minLength": 0,
                    "maxLength": 0
                }
            },
            "family_id": "214483932253614529",
            "hint_text": "",
            "mandatory": false,
            "is_enabled": true
        },
        {
            "id": "214483932253633297",
            "label": "Communication Type",
            "type": {
                "name": "single_select",
                "specification": {
                    "options": [
                        "Audit Enquiry for Information",
                        "Audit Observations",
                        "Final Project Financial Report & Narrative",
                        "Financial Plan/Output Indicators Negotiation",
                        "General",
                        "Implementation Monitoring",
                        "Project Financial Report",
                        "Request for Extension Liquidation/Implementation Period"
                    ],
                    "minLength": 0,
                    "maxLength": 0
                }
            },
            "family_id": "214483932253622558",
            "hint_text": "",
            "mandatory": false,
            "is_enabled": true
        },
        {
            "id": "214483932253633298",
            "label": "Communication Direction",
            "type": {
                "name": "single_select",
                "specification": {
                    "options": [
                        "Outgoing",
                        "Incoming"
                    ],
                    "minLength": 0,
                    "maxLength": 0
                }
            },
            "family_id": "214483932253622559",
            "hint_text": "",
            "mandatory": false,
            "is_enabled": true
        },
        {
            "id": "214483932253633423",
            "label": "Right of Use Agreement Type",
            "type": {
                "name": "single_select",
                "specification": {
                    "options": [
                        "Vehicle",
                        "IT Equipment",
                        "Other asset"
                    ],
                    "minLength": 0,
                    "maxLength": 0
                }
            },
            "family_id": "214483932253614524",
            "hint_text": "",
            "mandatory": false,
            "is_enabled": true
        },
        {
            "id": "214483932253633424",
            "label": "Supporting Documents Type",
            "type": {
                "name": "single_select",
                "specification": {
                    "options": [
                        "Personnel List",
                        "Procurement",
                        "Financial",
                        "Performance",
                        "Quality Assurance Checklist",
                        "Other"
                    ],
                    "minLength": 0,
                    "maxLength": 0
                }
            },
            "family_id": "214483932253614527",
            "hint_text": "",
            "mandatory": false,
            "is_enabled": true
        },
        {
            "id": "214483932253633570",
            "label": "Other/Miscellaneous Type",
            "type": {
                "name": "single_select",
                "specification": {
                    "options": [
                        "Insurance Policy",
                        "Other",
                        "Policy or Procedure",
                        "Risk Register",
                        "Statutory Audit Report",
                        "Procurement Policies and Procedures",
                        "Personnel Policies and Procedures"
                    ],
                    "minLength": 0,
                    "maxLength": 0
                }
            },
            "family_id": "214483932253614501",
            "hint_text": "",
            "mandatory": false,
            "is_enabled": true
        },
        {
            "id": "214483932253633571",
            "label": "Agreement Type",
            "type": {
                "name": "single_select",
                "specification": {
                    "options": [
                        "Global Partnership Agreement",
                        "Partnership Framework Agreement",
                        "Donor Agreement",
                        "Other/miscellaneous"
                    ],
                    "minLength": 0,
                    "maxLength": 0
                }
            },
            "family_id": "214483932253622552",
            "hint_text": "",
            "mandatory": false,
            "is_enabled": true
        },
        {
            "id": "214483932253633572",
            "label": "Audit Document Type",
            "type": {
                "name": "single_select",
                "specification": {
                    "options": [
                        "Audit Report",
                        "Management Letter",
                        "ICQ",
                        "Supporting Audit Document",
                        "Audit Recommendations"
                    ],
                    "minLength": 0,
                    "maxLength": 0
                }
            },
            "family_id": "214483932253614454",
            "hint_text": "",
            "mandatory": false,
            "is_enabled": true
        },
        {
            "id": "214483932253634904",
            "label": "Implementer",
            "type": {
                "name": "single_select",
                "specification": {
                    "options": [
                        "Global Humanitarian Solution - JOR",
                        "JORDAN RIVER FOUNDATION",
                        "INTERNATIONAL RESCUE COMMITTEE (IRC) - JOR",
                        "NATIONAL COUNCIL FOR FAMILY AFFAIRS",
                        "ARABIAN MEDICAL RELIEF SOCIETY",
                        "MINISTRY OF PLANNING AND INTER. CO - JOR",
                        "UNCHR - United Nations High Commissioner for Refugees"
                    ],
                    "minLength": 0,
                    "maxLength": 0
                }
            },
            "family_id": "214483932253614485",
            "hint_text": "",
            "mandatory": false,
            "is_enabled": true
        },
        {
            "id": "214483932253634905",
            "label": "Partner Agreement / Contract",
            "type": {
                "name": "single_select",
                "specification": {
                    "options": [
                        "Agreement Number Values",
                        "32063Y23P002534",
                        "32061Y23P062017",
                        "32061Y23P500450",
                        "32063Y23P157083",
                        "32063Y23P184048",
                        "32063Y23P500032",
                        "32063Y24P500032"
                    ],
                    "minLength": 0,
                    "maxLength": 0
                }
            },
            "family_id": "214483932253614504",
            "hint_text": "",
            "mandatory": false,
            "is_enabled": true
        },
        {
            "id": "214483932253624067",
            "label": "Additional Notes",
            "type": {
                "name": "multi_line_text",
                "specification": {
                    "minLength": 0,
                    "maxLength": 0
                }
            },
            "family_id": "214483932253614447",
            "hint_text": "",
            "mandatory": false,
            "is_enabled": true
        },
        {
            "id": "214483932253624078",
            "label": "Bureaux/IMAS Comments",
            "type": {
                "name": "multi_line_text",
                "specification": {
                    "minLength": 0,
                    "maxLength": 0
                }
            },
            "family_id": "214483932253614458",
            "hint_text": "",
            "mandatory": false,
            "is_enabled": true
        },
        {
            "id": "214483932253624081",
            "label": "Comments",
            "type": {
                "name": "multi_line_text",
                "specification": {
                    "minLength": 0,
                    "maxLength": 0
                }
            },
            "family_id": "214483932253614461",
            "hint_text": "",
            "mandatory": false,
            "is_enabled": true
        },
        {
            "id": "214483932253624082",
            "label": "Comments/ recommended follow up",
            "type": {
                "name": "multi_line_text",
                "specification": {
                    "minLength": 0,
                    "maxLength": 0
                }
            },
            "family_id": "214483932253614462",
            "hint_text": "",
            "mandatory": false,
            "is_enabled": true
        },
        {
            "id": "214483932253624087",
            "label": "Description of Request",
            "type": {
                "name": "multi_line_text",
                "specification": {
                    "minLength": 0,
                    "maxLength": 0
                }
            },
            "family_id": "214483932253614467",
            "hint_text": "",
            "mandatory": false,
            "is_enabled": true
        },
        {
            "id": "214483932253624100",
            "label": "General Comments",
            "type": {
                "name": "multi_line_text",
                "specification": {
                    "minLength": 0,
                    "maxLength": 0
                }
            },
            "family_id": "214483932253614480",
            "hint_text": "",
            "mandatory": false,
            "is_enabled": true
        },
        {
            "id": "214483932253624108",
            "label": "Issue",
            "type": {
                "name": "multi_line_text",
                "specification": {
                    "minLength": 0,
                    "maxLength": 0
                }
            },
            "family_id": "214483932253614488",
            "hint_text": "",
            "mandatory": false,
            "is_enabled": true
        },
        {
            "id": "214483932253624111",
            "label": "Justification where Final PFR is N/A",
            "type": {
                "name": "multi_line_text",
                "specification": {
                    "minLength": 0,
                    "maxLength": 0
                }
            },
            "family_id": "214483932253614491",
            "hint_text": "",
            "mandatory": false,
            "is_enabled": true
        },
        {
            "id": "214483932253624112",
            "label": "Justification where PMC02 is N/A",
            "type": {
                "name": "multi_line_text",
                "specification": {
                    "minLength": 0,
                    "maxLength": 0
                }
            },
            "family_id": "214483932253614492",
            "hint_text": "",
            "mandatory": false,
            "is_enabled": true
        },
        {
            "id": "214483932253624113",
            "label": "Justification where PMC03 is N/A",
            "type": {
                "name": "multi_line_text",
                "specification": {
                    "minLength": 0,
                    "maxLength": 0
                }
            },
            "family_id": "214483932253614493",
            "hint_text": "",
            "mandatory": false,
            "is_enabled": true
        },
        {
            "id": "214483932253624114",
            "label": "Lessons Learned",
            "type": {
                "name": "multi_line_text",
                "specification": {
                    "minLength": 0,
                    "maxLength": 0
                }
            },
            "family_id": "214483932253614494",
            "hint_text": "",
            "mandatory": false,
            "is_enabled": true
        },
        {
            "id": "214483932253624139",
            "label": "Reasons for Cancellation",
            "type": {
                "name": "multi_line_text",
                "specification": {
                    "minLength": 0,
                    "maxLength": 0
                }
            },
            "family_id": "214483932253614519",
            "hint_text": "",
            "mandatory": false,
            "is_enabled": true
        },
        {
            "id": "214483932253624140",
            "label": "Reasons/Justification for Extension",
            "type": {
                "name": "multi_line_text",
                "specification": {
                    "minLength": 0,
                    "maxLength": 0
                }
            },
            "family_id": "214483932253614520",
            "hint_text": "",
            "mandatory": false,
            "is_enabled": true
        },
        {
            "id": "214483932253624143",
            "label": "Response",
            "type": {
                "name": "multi_line_text",
                "specification": {
                    "minLength": 0,
                    "maxLength": 0
                }
            },
            "family_id": "214483932253614523",
            "hint_text": "",
            "mandatory": false,
            "is_enabled": true
        },
        {
            "id": "214483932253624373",
            "label": "Action Plan",
            "type": {
                "name": "multi_line_text",
                "specification": {
                    "minLength": 0,
                    "maxLength": 0
                }
            },
            "family_id": "214483932253614701",
            "hint_text": "",
            "mandatory": false,
            "is_enabled": true
        },
        {
            "id": "214483932253624376",
            "label": "If other, please specify",
            "type": {
                "name": "multi_line_text",
                "specification": {
                    "minLength": 0,
                    "maxLength": 0
                }
            },
            "family_id": "214483932253614704",
            "hint_text": "",
            "mandatory": false,
            "is_enabled": true
        },
        {
            "id": "214483932253624378",
            "label": "If remote, please justify",
            "type": {
                "name": "multi_line_text",
                "specification": {
                    "minLength": 0,
                    "maxLength": 0
                }
            },
            "family_id": "214483932253614706",
            "hint_text": "",
            "mandatory": false,
            "is_enabled": true
        },
        {
            "id": "214483932253624379",
            "label": "Recommendation / Follow Up Action",
            "type": {
                "name": "multi_line_text",
                "specification": {
                    "minLength": 0,
                    "maxLength": 0
                }
            },
            "family_id": "214483932253614707",
            "hint_text": "",
            "mandatory": false,
            "is_enabled": true
        },
        {
            "id": "214483932253624380",
            "label": "Risk Cause",
            "type": {
                "name": "multi_line_text",
                "specification": {
                    "minLength": 0,
                    "maxLength": 0
                }
            },
            "family_id": "214483932253614708",
            "hint_text": "",
            "mandatory": false,
            "is_enabled": true
        },
        {
            "id": "214483932253624381",
            "label": "Risk Event",
            "type": {
                "name": "multi_line_text",
                "specification": {
                    "minLength": 0,
                    "maxLength": 0
                }
            },
            "family_id": "214483932253614709",
            "hint_text": "",
            "mandatory": false,
            "is_enabled": true
        },
        {
            "id": "214483932253624382",
            "label": "Risk Consequence",
            "type": {
                "name": "multi_line_text",
                "specification": {
                    "minLength": 0,
                    "maxLength": 0
                }
            },
            "family_id": "214483932253614710",
            "hint_text": "",
            "mandatory": false,
            "is_enabled": true
        },
        {
            "id": "214483932253624386",
            "label": "Opportunity Description",
            "type": {
                "name": "multi_line_text",
                "specification": {
                    "minLength": 0,
                    "maxLength": 0
                }
            },
            "family_id": "214483932253614714",
            "hint_text": "",
            "mandatory": false,
            "is_enabled": true
        },
        {
            "id": "214483932253624388",
            "label": "Treatment Plan and Activities",
            "type": {
                "name": "multi_line_text",
                "specification": {
                    "minLength": 0,
                    "maxLength": 0
                }
            },
            "family_id": "214483932253614716",
            "hint_text": "",
            "mandatory": false,
            "is_enabled": true
        },
        {
            "id": "214483932253624394",
            "label": "If remote only, please justify",
            "type": {
                "name": "multi_line_text",
                "specification": {
                    "minLength": 0,
                    "maxLength": 0
                }
            },
            "family_id": "214483932253614719",
            "hint_text": "",
            "mandatory": false,
            "is_enabled": true
        },
        {
            "id": "214483932253632344",
            "label": "If \"Yes\" reference risk and treatments",
            "type": {
                "name": "multi_line_text",
                "specification": {
                    "minLength": 0,
                    "maxLength": 0
                }
            },
            "family_id": "214483932253621842",
            "hint_text": "",
            "mandatory": false,
            "is_enabled": true
        },
        {
            "id": "214483932253632869",
            "label": "UNHCR Comments",
            "type": {
                "name": "multi_line_text",
                "specification": {
                    "minLength": 0,
                    "maxLength": 0
                }
            },
            "family_id": "214483932253622240",
            "hint_text": "",
            "mandatory": false,
            "is_enabled": true
        },
        {
            "id": "214483932253632871",
            "label": "Partner Comments",
            "type": {
                "name": "multi_line_text",
                "specification": {
                    "minLength": 0,
                    "maxLength": 0
                }
            },
            "family_id": "214483932253622242",
            "hint_text": "",
            "mandatory": false,
            "is_enabled": true
        },
        {
            "id": "214483932253633299",
            "label": "Details",
            "type": {
                "name": "multi_line_text",
                "specification": {
                    "minLength": 0,
                    "maxLength": 0
                }
            },
            "family_id": "214483932253622560",
            "hint_text": "",
            "mandatory": false,
            "is_enabled": true
        },
        {
            "id": "214483932253624088",
            "label": "Does change affect project deadline?",
            "type": {
                "name": "boolean",
                "specification": {
                    "minLength": 0,
                    "maxLength": 0
                }
            },
            "family_id": "214483932253614468",
            "hint_text": "",
            "mandatory": false,
            "is_enabled": true
        },
        {
            "id": "214483932253624089",
            "label": "Does change involve new scope of works?",
            "type": {
                "name": "boolean",
                "specification": {
                    "minLength": 0,
                    "maxLength": 0
                }
            },
            "family_id": "214483932253614469",
            "hint_text": "",
            "mandatory": false,
            "is_enabled": true
        },
        {
            "id": "214483932253624090",
            "label": "Does the change affect the budget?",
            "type": {
                "name": "boolean",
                "specification": {
                    "minLength": 0,
                    "maxLength": 0
                }
            },
            "family_id": "214483932253614470",
            "hint_text": "",
            "mandatory": false,
            "is_enabled": true
        },
        {
            "id": "214483932253624103",
            "label": "Have you attached supporting documents?",
            "type": {
                "name": "boolean",
                "specification": {
                    "minLength": 0,
                    "maxLength": 0
                }
            },
            "family_id": "214483932253614483",
            "hint_text": "",
            "mandatory": false,
            "is_enabled": true
        },
        {
            "id": "214483932253624145",
            "label": "Sample Provided",
            "type": {
                "name": "boolean",
                "specification": {
                    "minLength": 0,
                    "maxLength": 0
                }
            },
            "family_id": "214483932253614525",
            "hint_text": "",
            "mandatory": false,
            "is_enabled": true
        },
        {
            "id": "214483932253624148",
            "label": "Techincal Literature Attached",
            "type": {
                "name": "boolean",
                "specification": {
                    "minLength": 0,
                    "maxLength": 0
                }
            },
            "family_id": "214483932253614528",
            "hint_text": "",
            "mandatory": false,
            "is_enabled": true
        },
        {
            "id": "214483932253624385",
            "label": "Opportunity",
            "type": {
                "name": "boolean",
                "specification": {
                    "minLength": 0,
                    "maxLength": 0
                }
            },
            "family_id": "214483932253614713",
            "hint_text": "",
            "mandatory": false,
            "is_enabled": true
        },
        {
            "id": "214483932253632343",
            "label": "Is risk mitigation follow-up required?",
            "type": {
                "name": "boolean",
                "specification": {
                    "minLength": 0,
                    "maxLength": 0
                }
            },
            "family_id": "214483932253621841",
            "hint_text": "",
            "mandatory": false,
            "is_enabled": true
        }
    ]
}