Issue Number,Region,Project/ABC,Issue Type,Implementer,Partner Agreement / Contract,Description,Status,Location,Location Detail,Captured On,Captured By,Captured Org.,Assigned,Assigned To Org,Assigned On,Due Date,Closed / Last Modified On,Closed By,Has Photo,Photo Added By User,Photo Added On,Type of Feedback,Issue Categorisation,Type of Monitoring / Verification,Severity Level,Recommendation / Follow Up Action,Is risk mitigation follow-up required?,Custom,Project Id,Project Short Name,Area Id
1,,,Implementation Monitoring,,Agreement Number Values,test description,Open,User Validation T01,h,2023-06-06T08:21:13.833Z,Valeria Grassi,United Nations High Commissioner for Refugees,Izabella Boka,United Nations High Commissioner for Refugees,2023-06-06T08:21:13.833Z,,2023-06-06T08:21:13.833Z,,Y,Valeria Grassi,2023-06-06T08:21:14.205Z,,Procurement,Audit recommendation,High,fix this issue template,,Agreement Number Values,671089868,Jordan UVT,214483932253539884
2,,,Implementation Monitoring,Global Humanitarian Solution - JOR,32063Y23P500032,wewewe,Open,User Validation T01,wewe,2023-08-24T08:09:01.778Z,Clare Askew,United Nations High Commissioner for Refugees, ,Global Humanitarian Solutions,2023-08-24T08:09:01.778Z,2023-08-31T00:00:01.000Z,2023-08-24T08:09:01.778Z,,N, ,,Recommendation,Protection & solutions,Onsite,Low,wewewe,Yes,Protection & solutions,671089868,Jordan UVT,214483932253539884
3,,,Implementation Monitoring,ARABIAN MEDICAL RELIEF SOCIETY,32063Y23P157083,% of cases lower than initially targeted or planned (than in other locations),Open,User Validation T01,"Settlement X, sub-zone Y",2023-08-24T09:03:07.531Z,Clare Askew,United Nations High Commissioner for Refugees, ,Global Humanitarian Solutions,2023-08-24T09:03:07.531Z,2023-08-31T00:00:01.000Z,2023-08-24T09:03:07.531Z,,N, ,,Recommendation,Protection & solutions,Onsite,High,To follow-up and respond to UNHCR as to why this low % of cases is happening?,No,Recommendation,671089868,Jordan UVT,214483932253539884
4,,,Implementation Monitoring,JORDAN RIVER FOUNDATION,32063Y23P500032,Low production of printing of certificates. UNHCR would like to identify why this is happening and to see an increase from XX to XX per week.,Open,User Validation T01,All locations,2023-08-24T13:50:01.526Z,Clare Askew,United Nations High Commissioner for Refugees, ,Global Humanitarian Solutions,2023-08-24T13:50:01.526Z,2023-08-31T00:00:01.000Z,2023-08-24T13:50:01.526Z,,N, ,,Recommendation,Protection & solutions,Remote,High,"UNHCR would like to ask for increased productivity through printing of certificates, i.e. to increase by XX number per week.",No,No,671089868,Jordan UVT,214483932253539884
