region,project,aconexId,child_project_id,project_setting_id
Training & Testing,ToT Environment,671089824,70075,70075
Pilot Projects,Jordan UVT,671089868,73361,73361
Pilot Projects,Afghan UVT,671089886,73406,73406
Pilot Projects,MCO-BEL UVT,671089894,73410,73410
Pilot Projects,UNHCR UAT Afghan.,671089351,21488,21488
Pilot Projects,DRS UVT,671089885,73422,73422
Americas,UNHCR Argentina,671089995,102068,102068
Americas,UNHCR Brazil,671090009,102090,102090
Americas,UNHCR Canada,671090014,102111,102111
Americas,UNHCR Colombia,671090018,102125,102125
Americas,UNHCR Costa Rica,671090020,102119,102119
Americas,UNHCR Ecuador,671090035,102201,102201
Americas,UNHCR El Salvador,671090037,102223,102223
Americas,UNHCR Guatemala,671090048,102250,102250
Americas,UNHCR Honduras,671090050,102348,102348
Americas,UNHCR Mexico,671090078,103386,103386
Americas,UNHCR Panama,671090091,103463,103463
Americas,UNHCR Peru,671090092,103484,103484
Americas,UNHCR AME Reg Act,671090097,103469,103469
Americas,UNHCR United States,671090130,103647,103647
Americas,UNHCR Venezuela,671090131,103649,103649
Asia and the Pacific,UNHCR Afghanistan,671090000,102057,102057
Asia and the Pacific,UNHCR Azerbaijan,671089998,102074,102074
Asia and the Pacific,UNHCR Australia,671089997,102059,102059
Asia and the Pacific,UNHCR Bangladesh,671090005,102084,102084
Asia and the Pacific,UNHCR China,671090017,102117,102117
Asia and the Pacific,UNHCR India,671090052,102352,102352
Asia and the Pacific,UNHCR Indonesia,671090053,102354,102354
Asia and the Pacific,UNHCR Japan,671090068,103246,103246
Asia and the Pacific,UNHCR Kazakhstan,671090062,103269,103269
Asia and the Pacific,UNHCR Malaysia,671090080,103364,103364
Asia and the Pacific,UNHCR Myanmar,671090086,103430,103430
Asia and the Pacific,UNHCR Nepal,671090087,103432,103432
Asia and the Pacific,UNHCR Pakistan,671090090,103482,103482
Asia and the Pacific,UNHCR Philippines,671090093,103486,103486
Asia and the Pacific,UNHCR ASO Reg Act,671090098,103471,103471
Asia and the Pacific,UNHCR Rep of Korea,671090106,103509,103509
Asia and the Pacific,UNHCR Russian Fed,671090108,103530,103530
Asia and the Pacific,UNHCR Saudi Arabia,671090110,103534,103534
Asia and the Pacific,UNHCR Sri Lanka,671090118,103591,103591
Asia and the Pacific,UNHCR Syrian Arab Re,671090121,103595,103595
Asia and the Pacific,UNHCR Tajikistan,671090122,103597,103597
Asia and the Pacific,UNHCR Thailand,671090124,103599,103599
Asia and the Pacific,UNHCR Türkiye,671090126,103639,103639
Asia and the Pacific,UNHCR Yemen,671090133,103682,103682
"East and Horn of Africa, and Great Lakes",UNHCR Djibouti,671090033,102212,102212
"East and Horn of Africa, and Great Lakes",UNHCR Ethiopia,671090041,102242,102242
"East and Horn of Africa, and Great Lakes",UNHCR Kenya,671090063,103271,103271
"East and Horn of Africa, and Great Lakes",UNHCR EHGL Reg Act,671090100,103507,103507
"East and Horn of Africa, and Great Lakes",UNHCR Somalia,671090113,103515,103515
"East and Horn of Africa, and Great Lakes",UNHCR Rwanda,671090109,103532,103532
"East and Horn of Africa, and Great Lakes",UNHCR Tanzania,671090123,103573,103573
"East and Horn of Africa, and Great Lakes",UNHCR Uganda,671090127,103643,103643
Europe,UNHCR Armenia,671089996,102070,102070
Europe,UNHCR Albania,671090001,102072,102072
Europe,UNHCR Belarus,671090006,102086,102086
Europe,UNHCR Belgium,671090007,102103,102103
Europe,UNHCR Bosnia and Her,671090008,102088,102088
Europe,UNHCR Bulgaria,671090010,102092,102092
Europe,UNHCR Croatia,671090022,102152,102152
Europe,UNHCR France,671090043,102262,102262
Europe,UNHCR Georgia,671090044,102264,102264
Europe,UNHCR Germany,671090045,102266,102266
Europe,UNHCR Greece,671090047,102248,102248
Europe,UNHCR Hungary,671090051,102350,102350
Europe,UNHCR Italy,671090067,103244,103244
Europe,UNHCR Kosovo,671090064,103273,103273
Europe,UNHCR Malta,671090076,103382,103382
Europe,UNHCR Moldova,671090081,103422,103422
Europe,UNHCR Montenegro,671090082,103424,103424
Europe,UNHCR Cyprus,671090023,102154,102154
Europe,UNHCR Poland,671090095,103465,103465
Europe,UNHCR EU Reg Act,671090101,103505,103505
Europe,UNHCR Romania,671090107,103525,103525
Europe,UNHCR Rep North Mace,671090105,103511,103511
Europe,UNHCR Serbia,671090112,103528,103528
Europe,UNHCR Spain,671090117,103589,103589
Europe,UNHCR Sweden,671090120,103571,103571
Europe,UNHCR Ukraine,671090128,103641,103641
Europe,UNHCR United Kingdom,671090129,103645,103645
Middle East and North Africa (MENA),UNHCR Algeria,671090002,102082,102082
Middle East and North Africa (MENA),UNHCR Egypt,671090036,102214,102214
Middle East and North Africa (MENA),UNHCR Eritrea,671090038,102216,102216
Middle East and North Africa (MENA),UNHCR Jordan,671090061,103267,103267
Middle East and North Africa (MENA),UNHCR Libya,671090074,103362,103362
Middle East and North Africa (MENA),UNHCR Mauritania,671090077,103384,103384
Middle East and North Africa (MENA),UNHCR Morocco,671090083,103426,103426
Middle East and North Africa (MENA),UNHCR Iran,671090056,102373,102373
Middle East and North Africa (MENA),UNHCR Iraq,671090057,102375,102375
Middle East and North Africa (MENA),UNHCR Israel,671090066,103242,103242
Middle East and North Africa (MENA),UNHCR Lebanon,671090072,103331,103331
Middle East and North Africa (MENA),UNHCR MENA Reg Act,671090102,103501,103501
Middle East and North Africa (MENA),UNHCR Sudan,671090119,103593,103593
Middle East and North Africa (MENA),UNHCR SouthSudan,671090115,103519,103519
Middle East and North Africa (MENA),UNHCR Tunisia,671090125,103637,103637
Southern Africa,UNHCR Angola,671090003,102061,102061
Southern Africa,UNHCR Malawi,671090079,103333,103333
Southern Africa,UNHCR Mozambique,671090084,103428,103428
Southern Africa,UNHCR SAO Reg Act,671090103,103523,103523
Southern Africa,UNHCR South Africa,671090114,103517,103517
Southern Africa,UNHCR Zambia,671090134,103684,103684
Southern Africa,UNHCR Zimbabwe,671090135,103665,103665
West and Central Africa,UNHCR Burkina Faso,671090011,102094,102094
West and Central Africa,UNHCR Burundi,671090012,102105,102105
West and Central Africa,UNHCR Cameroon,671090013,102123,102123
West and Central Africa,UNHCR Cent Afr Rep,671090015,102113,102113
West and Central Africa,UNHCR Chad,671090016,102115,102115
West and Central Africa,UNHCR Congo,671090019,102127,102127
West and Central Africa,UNHCR Cote dIvoire,671090021,102150,102150
West and Central Africa,UNHCR Dem Rep Congo,671090025,102166,102166
West and Central Africa,UNHCR Mali,671090075,103335,103335
West and Central Africa,UNHCR Niger,671090088,103434,103434
West and Central Africa,UNHCR Nigeria,671090089,103442,103442
West and Central Africa,UNHCR WCA Reg Act,671090104,103513,103513
West and Central Africa,UNHCR Senegal,671090111,103542,103542
West and Central Africa,UNHCR Western Sahara,671090132,103663,103663
Headquarters,UNHCR DER,671090026,102146,102146
Headquarters,UNHCR DESS,671090027,102162,102162
Headquarters,UNHCR DFAM,671090028,102164,102164
Headquarters,UNHCR DHR,671090029,102148,102148
Headquarters,UNHCR DIP,671090031,102197,102197
Headquarters,UNHCR DIST,671090032,102195,102195
Headquarters,UNHCR DRS,671090034,102199,102199
Headquarters,UNHCR Eval Service,671090042,102244,102244
Headquarters,UNHCR GDS,671090046,102246,102246
Headquarters,UNHCR Innovation,671090054,102358,102358
Headquarters,UNHCR Innov Part,671090055,102360,102360
Headquarters,ToT Go Live,671090065,102660,102660
Headquarters,UNHCR PSP,671090096,103467,103467
