Region,Project/ABC,Partner Agreement / Contract,Implementer,Template,Number,Workflow Status,Start Date,Expected/Actual End Date,Original Due Date,Expected Duration,Delay (days),Date Completed,Date Due,Step Status,Document Tracking ID,Initiator Name,Initiator Org Name
,,,,Site Meeting Minutes Review,WF-000006,In Progress,2023-06-07T07:37:42.330Z,,2023-06-13T07:37:42.297Z,4.0,,,2023-06-13T07:37:42.297Z,Overdue,214483932258437020,Ms Katharina Thote,United Nations High Commissioner for Refugees
,,,,Site Meeting Minutes Review,WF-000001,In Progress,2023-06-07T07:19:56.737Z,,2023-06-14T07:19:56.680Z,5.0,,,2023-06-14T07:19:56.680Z,Overdue,214483932258436971, Robert Genninges,United Nations High Commissioner for Refugees
,,,,Site Meeting Minutes Review,WF-000002,In Progress,2023-06-07T07:35:43.997Z,,2023-06-14T07:35:43.927Z,5.0,,,2023-06-14T07:35:43.927Z,Overdue,214483932258436974, Viola Caracciolo,United Nations High Commissioner for Refugees
,,,,Detail Drawing Submittal (without UNHCR Engineer),WF-000003,In Progress,2023-06-07T07:36:04.717Z,,2023-06-14T07:36:04.700Z,5.0,,,2023-06-14T07:36:04.700Z,Overdue,214483932258437023,Mr Attila Vondorkovics,United Nations High Commissioner for Refugees
,,,,Detail Drawing Submittal (without UNHCR Engineer),WF-000004,In Progress,2023-06-07T07:37:07.300Z,,2023-06-14T07:37:07.280Z,5.0,,,2023-06-14T07:37:07.280Z,Overdue,214483932258437058, Adel Kasenova,United Nations High Commissioner for Refugees
,,,,Project Handover to End Users,WF-000008,In Progress,2023-06-07T08:07:27.173Z,,2023-06-14T08:07:27.117Z,5.0,,,2023-06-14T08:07:27.117Z,Overdue,214483932258437218, Adel Kasenova,United Nations High Commissioner for Refugees
,,,,Detail Drawing Submittal,WF-000009,In Progress,2023-06-07T08:11:40.673Z,,2023-06-14T08:11:40.643Z,5.0,,,2023-06-14T08:11:40.643Z,Overdue,214483932258437234, Viola Caracciolo,United Nations High Commissioner for Refugees
,,,,Site Meeting Minutes Review,WF-000007,In Progress,2023-06-07T07:55:21.020Z,,2023-06-14T07:55:20.960Z,5.0,,2023-08-17T11:48:49.633Z,2023-06-14T07:55:20.960Z,Completed,214483932258437056,Mr Carlo Barrientos,United Nations High Commissioner for Refugees
,,,,Site Meeting Minutes Review,WF-000006,In Progress,,,2023-06-20T07:37:42.297Z,5.0,,,2023-06-20T07:37:42.297Z,Forecast,214483932258437020,Ms Katharina Thote,United Nations High Commissioner for Refugees
,,,,Site Meeting Minutes Review,WF-000001,In Progress,,,2023-06-21T07:19:56.680Z,5.0,,,2023-06-21T07:19:56.680Z,Forecast,214483932258436971, Robert Genninges,United Nations High Commissioner for Refugees
,,,,Site Meeting Minutes Review,WF-000002,In Progress,,,2023-06-21T07:35:43.927Z,5.0,,,2023-06-21T07:35:43.927Z,Forecast,214483932258436974, Viola Caracciolo,United Nations High Commissioner for Refugees
,,,,Project Handover to End Users,WF-000008,In Progress,,,2023-06-21T08:07:27.117Z,5.0,,,2023-06-21T08:07:27.117Z,Forecast,214483932258437218, Adel Kasenova,United Nations High Commissioner for Refugees
,,,,Detail Drawing Submittal,WF-000009,In Progress,,,2023-06-21T08:11:40.643Z,5.0,,,2023-06-21T08:11:40.643Z,Forecast,214483932258437234, Viola Caracciolo,United Nations High Commissioner for Refugees
,,,,Project Financial Report Submission,WF-000011,In Progress,2023-06-19T12:44:24.237Z,,2023-09-25T12:43:58.420Z,5.0,,2023-06-19T12:46:26.097Z,2023-06-26T12:43:58.360Z,Skipped,214483932258437026, Robert Genninges,United Nations High Commissioner for Refugees
,,,,Project Financial Report Submission,WF-000011,In Progress,2023-06-19T12:46:26.107Z,,2023-10-02T12:43:58.420Z,5.0,,2023-06-19T12:49:25.807Z,2023-06-26T12:43:58.360Z,Skipped,214483932258437026, Robert Genninges,United Nations High Commissioner for Refugees
,,,,Project Financial Report Submission,WF-000011,In Progress,2023-06-19T12:49:25.817Z,,2023-10-09T12:43:58.420Z,5.0,,,2023-06-26T12:43:58.360Z,Overdue,214483932258437026, Robert Genninges,United Nations High Commissioner for Refugees
,,,,Site Meeting Minutes Review,WF-000005,In Progress,2023-06-07T07:37:20.123Z,,2023-06-28T07:37:20.067Z,15.0,,,2023-06-28T07:37:20.067Z,Overdue,214483932258437066,Mr Robert Hurt,United Nations High Commissioner for Refugees
,,,,Site Meeting Minutes Review,WF-000005,In Progress,,,2023-07-05T07:37:20.067Z,5.0,,,2023-07-05T07:37:20.067Z,Forecast,214483932258437066,Mr Robert Hurt,United Nations High Commissioner for Refugees
,,,,Negotiation of Financial Plan,WF-000010,In Progress,2023-06-19T12:03:10.087Z,,2023-07-10T12:03:10.057Z,15.0,,,2023-07-10T12:03:10.057Z,Overdue,214483932258437059, Robert Genninges,United Nations High Commissioner for Refugees
,,,,Negotiation of Financial Plan,WF-000010,In Progress,2023-06-19T12:03:10.197Z,,2023-07-10T12:03:10.167Z,15.0,,,2023-07-10T12:03:10.167Z,Overdue,214483932258437225, Robert Genninges,United Nations High Commissioner for Refugees
,,,,Project Financial Report Submission,WF-000022,Completed,2023-07-11T10:27:37.513Z,,2023-10-17T10:25:46.410Z,5.0,,2023-07-11T10:29:27.803Z,2023-07-18T10:25:46.343Z,Completed,214483932258539810,Mr Muhammad Shahzad,United Nations High Commissioner for Refugees
,,,,Project Financial Report Submission,WF-000022,Completed,2023-07-11T10:29:27.817Z,,2023-10-24T10:25:46.410Z,5.0,,2023-07-11T10:30:31.650Z,2023-07-18T10:25:46.343Z,Completed,214483932258539810,Mr Muhammad Shahzad,United Nations High Commissioner for Refugees
,,,,Project Financial Report Submission,WF-000022,Completed,2023-07-11T10:30:31.663Z,,2023-10-31T10:25:46.410Z,5.0,,2023-07-11T10:30:46.723Z,2023-07-18T10:25:46.343Z,Completed,214483932258539810,Mr Muhammad Shahzad,United Nations High Commissioner for Refugees
,,,,Project Financial Report Submission,WF-000023,Completed,2023-07-12T09:33:15.330Z,,2023-10-18T09:19:03.070Z,5.0,,2023-07-12T09:33:34.220Z,2023-07-19T09:19:02.983Z,Completed,214483932258544081, Robert Genninges,United Nations High Commissioner for Refugees
,,,,Project Financial Report Submission,WF-000024,Completed,2023-07-12T09:51:22.403Z,,2023-10-18T09:50:20.210Z,5.0,,2023-07-12T09:51:47.433Z,2023-07-19T09:50:20.103Z,Completed,214483932258544081, Robert Genninges,United Nations High Commissioner for Refugees
,,,,Project Financial Report Submission,WF-000023,Completed,2023-07-12T09:33:34.237Z,,2023-10-25T09:19:03.070Z,5.0,,2023-07-12T09:33:49.530Z,2023-07-19T09:19:02.983Z,Completed,214483932258544081, Robert Genninges,United Nations High Commissioner for Refugees
,,,,Project Financial Report Submission,WF-000024,Completed,2023-07-12T09:51:47.450Z,,2023-10-25T09:50:20.210Z,5.0,,2023-07-12T09:52:16.403Z,2023-07-19T09:50:20.103Z,Completed,214483932258544081, Robert Genninges,United Nations High Commissioner for Refugees
,,,,Project Financial Report Submission,WF-000023,Completed,2023-07-12T09:33:49.543Z,,2023-11-01T09:19:03.070Z,5.0,,2023-07-12T09:34:03.477Z,2023-07-19T09:19:02.983Z,Completed,214483932258544081, Robert Genninges,United Nations High Commissioner for Refugees
,,,,Project Financial Report Submission,WF-000024,Completed,2023-07-12T09:52:16.417Z,,2023-11-01T09:50:20.210Z,5.0,,2023-07-12T09:52:31.720Z,2023-07-19T09:50:20.103Z,Completed,214483932258544081, Robert Genninges,United Nations High Commissioner for Refugees
,,,,Project Financial Report Submission,WF-000025,Completed,2023-07-13T05:07:04.837Z,,2023-10-19T05:04:59.440Z,5.0,,2023-07-13T05:07:46.620Z,2023-07-20T05:04:59.360Z,Completed,214483932258550086, Robert Genninges,United Nations High Commissioner for Refugees
,,,,Project Financial Report Submission,WF-000025,Completed,2023-07-13T05:07:46.633Z,,2023-10-26T05:04:59.440Z,5.0,,2023-07-13T05:08:16.150Z,2023-07-20T05:04:59.360Z,Completed,214483932258550086, Robert Genninges,United Nations High Commissioner for Refugees
,,,,Project Financial Report Submission,WF-000025,Completed,2023-07-13T05:08:16.160Z,,2023-11-02T05:04:59.440Z,5.0,,2023-07-13T05:10:01.127Z,2023-07-20T05:04:59.360Z,Completed,214483932258550086, Robert Genninges,United Nations High Commissioner for Refugees
,,,,Project Financial Report Submission,WF-000026,Completed,2023-07-14T06:57:14.803Z,,2023-10-20T06:56:51.863Z,5.0,,2023-07-14T06:57:30.680Z,2023-07-21T06:56:51.777Z,Completed,214483932258550086, Robert Genninges,United Nations High Commissioner for Refugees
,,,,Project Financial Report Submission,WF-000027,Completed,2023-07-14T11:08:01.683Z,,2023-10-20T11:07:41.330Z,5.0,,2023-07-14T11:08:44.503Z,2023-07-21T11:07:41.247Z,Completed,214483932258554447, Robert Genninges,United Nations High Commissioner for Refugees
,,,,Project Financial Report Submission,WF-000026,Completed,2023-07-14T06:57:30.693Z,,2023-10-27T06:56:51.863Z,5.0,,2023-07-14T06:57:49.257Z,2023-07-21T06:56:51.777Z,Completed,214483932258550086, Robert Genninges,United Nations High Commissioner for Refugees
,,,,Project Financial Report Submission,WF-000026,Completed,2023-07-14T06:57:49.273Z,,2023-11-03T06:56:51.863Z,5.0,,2023-07-14T06:58:10.627Z,2023-07-21T06:56:51.777Z,Completed,214483932258550086, Robert Genninges,United Nations High Commissioner for Refugees
,,,,Negotiation of Financial Plan,WF-000012,Completed,2023-07-06T09:15:34.247Z,,2023-07-27T09:15:34.217Z,15.0,,2023-07-06T09:43:53.483Z,2023-07-27T09:15:34.217Z,Completed,214483932258500168,Mr Basie Lombard,United Nations High Commissioner for Refugees
,,,,Negotiation of Indicators,WF-000013,Completed,2023-07-06T09:42:51.730Z,,2023-07-27T09:42:51.697Z,15.0,,2023-07-06T09:45:50.650Z,2023-07-27T09:42:51.697Z,Completed,214483932258500171,Mr Basie Lombard,United Nations High Commissioner for Refugees
,,,,Negotiation of Financial Plan,WF-000014,Completed,2023-07-06T10:06:29.827Z,,2023-07-27T10:06:29.800Z,15.0,,2023-07-06T10:12:02.240Z,2023-07-27T10:06:29.800Z,Completed,214483932258500161,Mr Basie Lombard,United Nations High Commissioner for Refugees
,,,,Negotiation of Indicators,WF-000015,Completed,2023-07-06T10:07:53.407Z,,2023-07-27T10:07:53.363Z,15.0,,2023-07-06T10:13:03.887Z,2023-07-27T10:07:53.363Z,Completed,214483932258500164,Mr Basie Lombard,United Nations High Commissioner for Refugees
,,,,Negotiation of Financial Plan,WF-000016,Completed,2023-07-06T10:33:08.570Z,,2023-07-27T10:33:08.540Z,15.0,,2023-07-06T10:36:39.187Z,2023-07-27T10:33:08.540Z,Completed,214483932258500169,Mr Basie Lombard,United Nations High Commissioner for Refugees
,,,,Negotiation of Indicators,WF-000017,Completed,2023-07-06T10:34:15.263Z,,2023-07-27T10:34:15.233Z,15.0,,2023-07-06T10:37:54.583Z,2023-07-27T10:34:15.233Z,Completed,214483932258500170,Mr Basie Lombard,United Nations High Commissioner for Refugees
,,,,Negotiation of Financial Plan,WF-000018,Completed,2023-07-06T11:31:05.520Z,,2023-07-27T11:31:05.490Z,15.0,,2023-07-06T11:36:31.123Z,2023-07-27T11:31:05.490Z,Completed,214483932258481931,Mr Basie Lombard,United Nations High Commissioner for Refugees
,,,,Negotiation of Indicators,WF-000019,Completed,2023-07-06T11:32:46.580Z,,2023-07-27T11:32:46.553Z,15.0,,2023-07-06T11:37:19.860Z,2023-07-27T11:32:46.553Z,Completed,214483932258500163,Mr Basie Lombard,United Nations High Commissioner for Refugees
,,,,Negotiation of Financial Plan,WF-000020,Completed,2023-07-06T11:44:59.840Z,,2023-07-27T11:44:59.810Z,15.0,,2023-07-06T11:46:34.747Z,2023-07-27T11:44:59.810Z,Completed,214483932258500160,Mr Basie Lombard,United Nations High Commissioner for Refugees
,,,,Negotiation of Indicators,WF-000021,Completed,2023-07-06T11:45:53.767Z,,2023-07-27T11:45:53.740Z,15.0,,2023-07-06T11:47:20.833Z,2023-07-27T11:45:53.740Z,Completed,214483932258500166,Mr Basie Lombard,United Nations High Commissioner for Refugees
,,,,Negotiation of Financial Plan,WF-000012,Completed,2023-07-06T09:43:53.497Z,,2023-08-17T09:15:34.217Z,15.0,,2023-07-06T09:44:27.727Z,2023-07-27T09:15:34.147Z,Completed,214483932258500168,Mr Basie Lombard,United Nations High Commissioner for Refugees
,,,,Negotiation of Indicators,WF-000013,Completed,2023-07-06T09:45:50.667Z,,2023-08-17T09:42:51.697Z,15.0,,2023-07-06T09:46:06.383Z,2023-07-27T09:42:51.637Z,Completed,214483932258500171,Mr Basie Lombard,United Nations High Commissioner for Refugees
,,,,Negotiation of Financial Plan,WF-000014,Completed,2023-07-06T10:12:02.253Z,,2023-08-17T10:06:29.800Z,15.0,,2023-07-06T10:12:30.130Z,2023-07-27T10:06:29.737Z,Completed,214483932258500161,Mr Basie Lombard,United Nations High Commissioner for Refugees
,,,,Negotiation of Indicators,WF-000015,Completed,2023-07-06T10:13:03.897Z,,2023-08-17T10:07:53.363Z,15.0,,2023-07-06T10:13:23.203Z,2023-07-27T10:07:53.293Z,Completed,214483932258500164,Mr Basie Lombard,United Nations High Commissioner for Refugees
,,,,Negotiation of Financial Plan,WF-000016,Completed,2023-07-06T10:36:39.200Z,,2023-08-17T10:33:08.540Z,15.0,,2023-07-06T10:37:25.347Z,2023-07-27T10:33:08.480Z,Completed,214483932258500169,Mr Basie Lombard,United Nations High Commissioner for Refugees
,,,,Negotiation of Indicators,WF-000017,Completed,2023-07-06T10:37:54.597Z,,2023-08-17T10:34:15.233Z,15.0,,2023-07-06T10:38:13.780Z,2023-07-27T10:34:15.170Z,Completed,214483932258500170,Mr Basie Lombard,United Nations High Commissioner for Refugees
,,,,Negotiation of Financial Plan,WF-000018,Completed,2023-07-06T11:36:31.137Z,,2023-08-17T11:31:05.490Z,15.0,,2023-07-06T11:36:46.920Z,2023-07-27T11:31:05.427Z,Completed,214483932258481931,Mr Basie Lombard,United Nations High Commissioner for Refugees
,,,,Negotiation of Indicators,WF-000019,Completed,2023-07-06T11:37:19.880Z,,2023-08-17T11:32:46.553Z,15.0,,2023-07-06T11:37:35.430Z,2023-07-27T11:32:46.487Z,Completed,214483932258500163,Mr Basie Lombard,United Nations High Commissioner for Refugees
,,,,Negotiation of Financial Plan,WF-000020,Completed,2023-07-06T11:46:34.757Z,,2023-08-17T11:44:59.810Z,15.0,,2023-07-06T11:46:48.740Z,2023-07-27T11:44:59.747Z,Completed,214483932258500160,Mr Basie Lombard,United Nations High Commissioner for Refugees
,,,,Negotiation of Indicators,WF-000021,Completed,2023-07-06T11:47:20.850Z,,2023-08-17T11:45:53.740Z,15.0,,2023-07-06T11:47:35.057Z,2023-07-27T11:45:53.683Z,Completed,214483932258500166,Mr Basie Lombard,United Nations High Commissioner for Refugees
,,,,Project Financial Report Submission,WF-000027,Completed,,,2023-10-27T11:07:41.330Z,5.0,,2023-07-14T11:08:44.640Z,2023-07-28T11:07:41.247Z,Completed,214483932258554447, Robert Genninges,United Nations High Commissioner for Refugees
,,,,Negotiation of Financial Plan,WF-000010,In Progress,,,2023-07-31T12:03:10.057Z,15.0,,,2023-07-31T12:03:10.057Z,Forecast,214483932258437059, Robert Genninges,United Nations High Commissioner for Refugees
,,,,Negotiation of Financial Plan,WF-000010,In Progress,,,2023-07-31T12:03:10.167Z,15.0,,,2023-07-31T12:03:10.167Z,Forecast,214483932258437225, Robert Genninges,United Nations High Commissioner for Refugees
,,,,Project Financial Report Submission,WF-000031,Completed,2023-07-24T12:25:14.077Z,,2023-10-30T12:24:27.630Z,5.0,,2023-07-24T12:25:42.217Z,2023-07-31T12:24:27.573Z,Completed,214483932258571521, Robert Genninges,United Nations High Commissioner for Refugees
,,,,Project Financial Report Submission,WF-000032,Completed,2023-07-24T12:55:02.100Z,,2023-10-30T12:54:23.627Z,5.0,,2023-07-24T12:55:24.313Z,2023-07-31T12:54:23.507Z,Completed,214483932258571521, Robert Genninges,United Nations High Commissioner for Refugees
,,,,Project Financial Report Submission,WF-000031,Completed,2023-07-24T12:25:42.227Z,,2023-11-06T12:24:27.630Z,5.0,,2023-07-24T12:28:22.880Z,2023-07-31T12:24:27.573Z,Completed,214483932258571521, Robert Genninges,United Nations High Commissioner for Refugees
,,,,Project Financial Report Submission,WF-000032,Completed,2023-07-24T12:55:24.327Z,,2023-11-06T12:54:23.627Z,5.0,,2023-07-24T12:56:28.487Z,2023-07-31T12:54:23.507Z,Completed,214483932258571521, Robert Genninges,United Nations High Commissioner for Refugees
,,,,Project Financial Report Submission,WF-000031,Completed,2023-07-24T12:28:22.893Z,,2023-11-13T12:24:27.630Z,5.0,,2023-07-24T12:29:07.953Z,2023-07-31T12:24:27.573Z,Completed,214483932258571521, Robert Genninges,United Nations High Commissioner for Refugees
,,,,Project Financial Report Submission,WF-000032,Completed,2023-07-24T12:56:28.497Z,,2023-11-13T12:54:23.627Z,5.0,,2023-07-24T12:56:42.930Z,2023-07-31T12:54:23.507Z,Completed,214483932258571521, Robert Genninges,United Nations High Commissioner for Refugees
,,,,Project Financial Report Submission,WF-000027,Completed,,,2023-11-03T11:07:41.330Z,5.0,,2023-07-14T11:08:44.643Z,2023-08-04T11:07:41.247Z,Completed,214483932258554447, Robert Genninges,United Nations High Commissioner for Refugees
,,,,Negotiation of Financial Plan,WF-000028,Completed,2023-07-21T06:50:08.463Z,,2023-08-11T06:50:08.370Z,15.0,,2023-07-21T06:50:23.410Z,2023-08-11T06:50:08.370Z,Completed,214483932258500168, Robert Genninges,United Nations High Commissioner for Refugees
,,,,Negotiation of Financial Plan,WF-000029,Completed,2023-07-23T10:52:49.817Z,,2023-08-11T10:52:49.783Z,15.0,,2023-07-23T10:53:33.683Z,2023-08-11T10:52:49.783Z,Completed,214483932258500169, Robert Genninges,United Nations High Commissioner for Refugees
,,,,Negotiation of Financial Plan,WF-000029,Completed,2023-07-23T10:52:49.557Z,,2023-08-11T10:52:49.467Z,15.0,,2023-07-23T10:53:33.957Z,2023-08-11T10:52:49.467Z,Completed,214483932258500170, Robert Genninges,United Nations High Commissioner for Refugees
,,,,Negotiation of Indicators,WF-000030,Completed,2023-07-23T11:28:59.733Z,,2023-08-11T11:28:59.700Z,15.0,,2023-07-23T11:29:43.543Z,2023-08-11T11:28:59.700Z,Completed,214483932258500170, Robert Genninges,United Nations High Commissioner for Refugees
,,,,Negotiation of Financial Plan,WF-000028,Completed,2023-07-21T06:50:23.420Z,,2023-09-01T06:50:08.370Z,15.0,,2023-07-21T06:50:43.153Z,2023-08-11T06:50:08.277Z,Completed,214483932258500168, Robert Genninges,United Nations High Commissioner for Refugees
,,,,Negotiation of Financial Plan,WF-000029,Completed,2023-07-23T10:53:33.700Z,,2023-09-01T10:52:49.783Z,15.0,,2023-07-23T10:54:00.500Z,2023-08-11T10:52:49.723Z,Completed,214483932258500169, Robert Genninges,United Nations High Commissioner for Refugees
,,,,Negotiation of Financial Plan,WF-000029,Completed,2023-07-23T10:53:33.970Z,,2023-09-01T10:52:49.467Z,15.0,,2023-07-23T10:54:00.660Z,2023-08-11T10:52:49.260Z,Completed,214483932258500170, Robert Genninges,United Nations High Commissioner for Refugees
,,,,Negotiation of Indicators,WF-000030,Completed,2023-07-23T11:29:43.563Z,,2023-09-01T11:28:59.700Z,15.0,,2023-07-23T11:29:58.770Z,2023-08-11T11:28:59.620Z,Completed,214483932258500170, Robert Genninges,United Nations High Commissioner for Refugees
,,,,Site Meeting Minutes Review,WF-000007,In Progress,2023-08-17T11:48:49.657Z,,2023-06-21T07:55:20.960Z,5.0,,,2023-08-24T07:55:20.893Z,Overdue,214483932258437056,Mr Carlo Barrientos,United Nations High Commissioner for Refugees
,,,,Project Financial Report Submission,WF-000011,In Progress,2023-06-19T12:43:58.473Z,,2023-09-18T12:43:58.420Z,65.0,,2023-06-19T12:44:24.227Z,2023-09-18T12:43:58.420Z,Skipped,214483932258437026, Robert Genninges,United Nations High Commissioner for Refugees
,,,,Project Financial Report Submission,WF-000022,Completed,2023-07-11T10:25:46.467Z,,2023-10-10T10:25:46.410Z,65.0,,2023-07-11T10:27:37.500Z,2023-10-10T10:25:46.410Z,Completed,214483932258539810,Mr Muhammad Shahzad,United Nations High Commissioner for Refugees
,,,,Project Financial Report Submission,WF-000023,Completed,2023-07-12T09:19:03.127Z,,2023-10-11T09:19:03.070Z,65.0,,2023-07-12T09:33:15.310Z,2023-10-11T09:19:03.070Z,Completed,214483932258544081, Robert Genninges,United Nations High Commissioner for Refugees
,,,,Project Financial Report Submission,WF-000024,Completed,2023-07-12T09:50:20.300Z,,2023-10-11T09:50:20.210Z,65.0,,2023-07-12T09:51:22.387Z,2023-10-11T09:50:20.210Z,Completed,214483932258544081, Robert Genninges,United Nations High Commissioner for Refugees
,,,,Project Financial Report Submission,WF-000025,Completed,2023-07-13T05:04:59.547Z,,2023-10-12T05:04:59.440Z,65.0,,2023-07-13T05:07:04.690Z,2023-10-12T05:04:59.440Z,Completed,214483932258550086, Robert Genninges,United Nations High Commissioner for Refugees
,,,,Project Financial Report Submission,WF-000026,Completed,2023-07-14T06:56:51.950Z,,2023-10-13T06:56:51.863Z,65.0,,2023-07-14T06:57:14.787Z,2023-10-13T06:56:51.863Z,Completed,214483932258550086, Robert Genninges,United Nations High Commissioner for Refugees
,,,,Project Financial Report Submission,WF-000027,Completed,2023-07-14T11:07:41.410Z,,2023-10-13T11:07:41.330Z,65.0,,2023-07-14T11:08:01.673Z,2023-10-13T11:07:41.330Z,Completed,214483932258554447, Robert Genninges,United Nations High Commissioner for Refugees
,,,,Negotiation of Financial Plan,WF-000033,Completed,2023-10-10T10:19:35.843Z,,2023-11-28T10:18:09.193Z,5.0,,2023-10-11T08:18:53.903Z,2023-10-17T10:18:09.103Z,Completed,214483932258802416, Robert Genninges,United Nations High Commissioner for Refugees
,,,,Negotiation of Financial Plan,WF-000033,Completed,2023-10-10T10:19:35.953Z,,2023-11-28T10:18:09.353Z,5.0,,2023-10-11T08:18:54.090Z,2023-10-17T10:18:09.287Z,Completed,214483932258802417, Robert Genninges,United Nations High Commissioner for Refugees
,,,,Negotiation of Financial Plan Rev 1,WF-000034,Completed,2023-10-11T13:34:49.153Z,,2023-11-29T13:34:03.727Z,5.0,,2023-10-11T13:35:06.850Z,2023-10-18T13:34:03.620Z,Completed,214483932258802416, Robert Genninges,United Nations High Commissioner for Refugees
,,,,Negotiation of Financial Plan Rev 1,WF-000034,Completed,2023-10-11T13:34:49.277Z,,2023-11-29T13:34:04.033Z,5.0,,2023-10-11T13:35:07.227Z,2023-10-18T13:34:03.937Z,Completed,214483932258802417, Robert Genninges,United Nations High Commissioner for Refugees
,,,,Negotiation of Financial Plan Rev 1,WF-000035,Completed,2023-10-11T13:45:22.377Z,,2023-11-29T13:44:06.827Z,5.0,,2023-10-11T13:45:43.743Z,2023-10-18T13:44:06.710Z,Completed,214483932258802417, Robert Genninges,United Nations High Commissioner for Refugees
,,,,Negotiation of Financial Plan Rev 1,WF-000036,Completed,2023-10-12T08:09:08.657Z,,2023-11-30T08:02:52.940Z,5.0,,2023-10-12T10:10:49.857Z,2023-10-19T08:02:52.860Z,Completed,214483932258802419, Robert Genninges,United Nations High Commissioner for Refugees
,,,,Negotiation of Financial Plan Rev 1,WF-000036,Completed,2023-10-12T08:09:08.763Z,,2023-11-30T08:02:53.093Z,5.0,,2023-10-12T10:10:54.597Z,2023-10-19T08:02:53.027Z,Completed,214483932258802420, Robert Genninges,United Nations High Commissioner for Refugees
,,,,Project Financial Report Submission,WF-000037,Completed,2023-10-13T11:58:58.820Z,,2024-01-19T11:58:21.660Z,5.0,,2023-10-13T11:59:19.580Z,2023-10-20T11:58:21.587Z,Completed,214483932258807158, Robert Genninges,United Nations High Commissioner for Refugees
,,,,Negotiation of Financial Plan Rev 1,WF-000038,Completed,2023-10-13T12:44:55.147Z,,2023-12-01T12:44:06.883Z,5.0,,2023-10-13T12:46:31.373Z,2023-10-20T12:44:06.807Z,Completed,214483932258811856,Ms Clare Askew,United Nations High Commissioner for Refugees
,,,,Negotiation of Financial Plan Rev 1,WF-000038,Completed,2023-10-13T12:44:55.260Z,,2023-12-01T12:44:07.080Z,5.0,,2023-10-13T12:46:31.537Z,2023-10-20T12:44:07.007Z,Completed,214483932258811858,Ms Clare Askew,United Nations High Commissioner for Refugees
,,,,Negotiation of Financial Plan Rev 1,WF-000039,Completed,2023-10-13T12:59:32.530Z,,2023-12-01T12:58:29.763Z,5.0,,2023-10-13T12:59:45.940Z,2023-10-20T12:58:29.647Z,Completed,214483932258811855,Ms Clare Askew,United Nations High Commissioner for Refugees
,,,,Negotiation of Financial Plan Rev 1,WF-000039,Completed,2023-10-13T12:59:32.643Z,,2023-12-01T12:58:29.520Z,5.0,,2023-10-13T12:59:46.107Z,2023-10-20T12:58:29.443Z,Completed,214483932258811857,Ms Clare Askew,United Nations High Commissioner for Refugees
,,,,Project Financial Report Submission,WF-000037,Completed,2023-10-13T11:59:19.590Z,,2024-01-26T11:58:21.660Z,5.0,,2023-10-13T12:01:01.597Z,2023-10-20T11:58:21.587Z,Completed,214483932258807158, Robert Genninges,United Nations High Commissioner for Refugees
,,,,Project Financial Report Submission,WF-000037,Completed,2023-10-13T12:01:01.613Z,,2024-02-02T11:58:21.660Z,5.0,,2023-10-13T13:23:22.490Z,2023-10-20T11:58:21.587Z,Completed,214483932258807158, Robert Genninges,United Nations High Commissioner for Refugees
,,,,Project Financial Report Submission,WF-000031,Completed,2023-07-24T12:24:27.710Z,,2023-10-23T12:24:27.630Z,65.0,,2023-07-24T12:25:14.067Z,2023-10-23T12:24:27.630Z,Completed,214483932258571521, Robert Genninges,United Nations High Commissioner for Refugees
,,,,Project Financial Report Submission,WF-000032,Completed,2023-07-24T12:54:23.680Z,,2023-10-23T12:54:23.627Z,65.0,,2023-07-24T12:55:02.080Z,2023-10-23T12:54:23.627Z,Completed,214483932258571521, Robert Genninges,United Nations High Commissioner for Refugees
,,,,Project Financial Report Submission,WF-000041,Completed,2023-10-16T22:18:19.493Z,,2024-01-22T22:17:57.757Z,5.0,,2023-10-16T22:18:37.173Z,2023-10-23T22:17:57.673Z,Completed,214483932258810229, Robert Genninges,United Nations High Commissioner for Refugees
,,,,Project Financial Report Submission,WF-000041,Completed,2023-10-16T22:18:37.187Z,,2024-01-29T22:17:57.757Z,5.0,,2023-10-16T22:18:49.180Z,2023-10-23T22:17:57.673Z,Completed,214483932258810229, Robert Genninges,United Nations High Commissioner for Refugees
,,,,Project Financial Report Submission,WF-000041,Completed,2023-10-16T22:18:49.193Z,,2024-02-05T22:17:57.757Z,5.0,,2023-10-16T22:19:09.017Z,2023-10-23T22:17:57.673Z,Completed,214483932258810229, Robert Genninges,United Nations High Commissioner for Refugees
,,,,Negotiation of Financial Plan Rev 1,WF-000042,Completed,2023-10-18T05:07:53.363Z,,2023-12-06T05:05:41.137Z,5.0,,2023-10-18T05:08:21.813Z,2023-10-25T05:05:40.980Z,Completed,214483932258802416, Robert Genninges,United Nations High Commissioner for Refugees
,,,,Negotiation of Financial Plan Rev 1,WF-000042,Completed,2023-10-18T05:07:53.583Z,,2023-12-06T05:05:41.373Z,5.0,,2023-10-18T05:08:21.993Z,2023-10-25T05:05:41.287Z,Completed,214483932258802417, Robert Genninges,United Nations High Commissioner for Refugees
,,,,Negotiation of Financial Plan Rev 1,WF-000043,Completed,2023-10-18T10:44:14.757Z,,2023-12-06T10:42:46.363Z,5.0,,2023-10-18T10:44:55.290Z,2023-10-25T10:42:46.297Z,Completed,214483932258802419, Robert Genninges,United Nations High Commissioner for Refugees
,,,,Negotiation of Financial Plan Rev 1,WF-000043,Completed,2023-10-18T10:44:24.807Z,,2023-12-06T10:42:46.627Z,5.0,,2023-10-18T10:44:55.460Z,2023-10-25T10:42:46.563Z,Completed,214483932258802420, Robert Genninges,United Nations High Commissioner for Refugees
,,,,Negotiation of Financial Plan,WF-000033,Completed,2023-10-10T10:18:09.240Z,,2023-10-31T10:18:09.193Z,15.0,,2023-10-10T10:18:56.277Z,2023-10-31T10:18:09.193Z,Completed,214483932258802416, Robert Genninges,United Nations High Commissioner for Refugees
,,,,Negotiation of Financial Plan,WF-000033,Completed,2023-10-10T10:18:09.397Z,,2023-10-31T10:18:09.353Z,15.0,,2023-10-10T10:18:56.593Z,2023-10-31T10:18:09.353Z,Completed,214483932258802417, Robert Genninges,United Nations High Commissioner for Refugees
,,,,Negotiation of Financial Plan,WF-000033,Completed,2023-10-10T10:18:56.403Z,,2023-11-21T10:18:09.193Z,15.0,,2023-10-10T10:19:35.830Z,2023-10-31T10:18:09.103Z,Completed,214483932258802416, Robert Genninges,United Nations High Commissioner for Refugees
,,,,Negotiation of Financial Plan,WF-000033,Completed,2023-10-10T10:18:56.607Z,,2023-11-21T10:18:09.353Z,15.0,,2023-10-10T10:19:35.940Z,2023-10-31T10:18:09.287Z,Completed,214483932258802417, Robert Genninges,United Nations High Commissioner for Refugees
,,,,Negotiation of Financial Plan Rev 1,WF-000044,Completed,2023-10-24T17:31:37.593Z,,2023-12-12T17:29:26.093Z,5.0,,2023-10-24T17:34:59.287Z,2023-10-31T17:29:26.007Z,Completed,214483932258854581,Ms Hadir Shady,United Nations High Commissioner for Refugees
,,,,Negotiation of Financial Plan Rev 1,WF-000046,Completed,2023-10-24T17:53:59.757Z,,2023-12-12T17:52:22.263Z,5.0,,2023-10-24T17:54:30.743Z,2023-10-31T17:52:22.170Z,Completed,214483932258854580,Ms Hadir Shady,United Nations High Commissioner for Refugees
,,,,Negotiation of Financial Plan Rev 1,WF-000034,Completed,2023-10-11T13:34:03.777Z,,2023-11-01T13:34:03.727Z,15.0,,2023-10-11T13:34:31.297Z,2023-11-01T13:34:03.727Z,Completed,214483932258802416, Robert Genninges,United Nations High Commissioner for Refugees
,,,,Negotiation of Financial Plan Rev 1,WF-000034,Completed,2023-10-11T13:34:04.083Z,,2023-11-01T13:34:04.033Z,15.0,,2023-10-11T13:34:31.433Z,2023-11-01T13:34:04.033Z,Completed,214483932258802417, Robert Genninges,United Nations High Commissioner for Refugees
,,,,Negotiation of Financial Plan Rev 1,WF-000035,Completed,2023-10-11T13:44:06.900Z,,2023-11-01T13:44:06.827Z,15.0,,2023-10-11T13:45:00.890Z,2023-11-01T13:44:06.827Z,Completed,214483932258802417, Robert Genninges,United Nations High Commissioner for Refugees
,,,,Negotiation of Financial Plan Rev 1,WF-000034,Completed,2023-10-11T13:34:31.310Z,,2023-11-22T13:34:03.727Z,15.0,,2023-10-11T13:34:49.140Z,2023-11-01T13:34:03.620Z,Completed,214483932258802416, Robert Genninges,United Nations High Commissioner for Refugees
,,,,Negotiation of Financial Plan Rev 1,WF-000034,Completed,2023-10-11T13:34:31.453Z,,2023-11-22T13:34:04.033Z,15.0,,2023-10-11T13:34:49.257Z,2023-11-01T13:34:03.937Z,Completed,214483932258802417, Robert Genninges,United Nations High Commissioner for Refugees
,,,,Negotiation of Financial Plan Rev 1,WF-000035,Completed,2023-10-11T13:45:01.010Z,,2023-11-22T13:44:06.827Z,15.0,,2023-10-11T13:45:22.363Z,2023-11-01T13:44:06.710Z,Completed,214483932258802417, Robert Genninges,United Nations High Commissioner for Refugees
,,,,Negotiation of Financial Plan Rev 1,WF-000049,Completed,2023-10-25T17:41:08.373Z,,2023-12-13T17:39:14.543Z,5.0,,2023-10-25T17:41:43.173Z,2023-11-01T17:39:14.433Z,Completed,214483932258854579,Ms Hadir Shady,United Nations High Commissioner for Refugees
,,,,Negotiation of Financial Plan Rev 1,WF-000051,Completed,2023-10-25T17:52:45.907Z,,2023-12-13T17:50:35.900Z,5.0,,2023-10-25T17:52:59.010Z,2023-11-01T17:50:35.663Z,Completed,214483932258854579,Ms Hadir Shady,United Nations High Commissioner for Refugees
,,,,Negotiation of Financial Plan Rev 1,WF-000036,Completed,2023-10-12T08:02:52.983Z,,2023-11-02T08:02:52.940Z,15.0,,2023-10-12T08:07:24.063Z,2023-11-02T08:02:52.940Z,Completed,214483932258802419, Robert Genninges,United Nations High Commissioner for Refugees
,,,,Negotiation of Financial Plan Rev 1,WF-000036,Completed,2023-10-12T08:02:53.137Z,,2023-11-02T08:02:53.093Z,15.0,,2023-10-12T08:07:24.247Z,2023-11-02T08:02:53.093Z,Completed,214483932258802420, Robert Genninges,United Nations High Commissioner for Refugees
,,,,Negotiation of Financial Plan Rev 1,WF-000036,Completed,2023-10-12T08:07:24.077Z,,2023-11-23T08:02:52.940Z,15.0,,2023-10-12T08:09:08.643Z,2023-11-02T08:02:52.860Z,Completed,214483932258802419, Robert Genninges,United Nations High Commissioner for Refugees
,,,,Negotiation of Financial Plan Rev 1,WF-000036,Completed,2023-10-12T08:07:24.260Z,,2023-11-23T08:02:53.093Z,15.0,,2023-10-12T08:09:08.750Z,2023-11-02T08:02:53.027Z,Completed,214483932258802420, Robert Genninges,United Nations High Commissioner for Refugees
,,,,Negotiation of Financial Plan Rev 1,WF-000052,Completed,2023-10-26T09:50:55.667Z,,2023-12-14T09:46:31.547Z,5.0,,2023-10-26T09:52:14.600Z,2023-11-02T09:46:31.473Z,Completed,214483932258802415,Ms Clare Askew,United Nations High Commissioner for Refugees
,,,,Negotiation of Financial Plan Rev 1,WF-000038,Completed,2023-10-13T12:44:06.960Z,,2023-11-03T12:44:06.883Z,15.0,,2023-10-13T12:44:36.353Z,2023-11-03T12:44:06.883Z,Completed,214483932258811856,Ms Clare Askew,United Nations High Commissioner for Refugees
,,,,Negotiation of Financial Plan Rev 1,WF-000038,Completed,2023-10-13T12:44:07.130Z,,2023-11-03T12:44:07.080Z,15.0,,2023-10-13T12:44:36.477Z,2023-11-03T12:44:07.080Z,Completed,214483932258811858,Ms Clare Askew,United Nations High Commissioner for Refugees
,,,,Negotiation of Financial Plan Rev 1,WF-000039,Completed,2023-10-13T12:58:29.820Z,,2023-11-03T12:58:29.763Z,15.0,,2023-10-13T12:58:47.147Z,2023-11-03T12:58:29.763Z,Completed,214483932258811855,Ms Clare Askew,United Nations High Commissioner for Refugees
,,,,Negotiation of Financial Plan Rev 1,WF-000039,Completed,2023-10-13T12:58:29.597Z,,2023-11-03T12:58:29.520Z,15.0,,2023-10-13T12:58:47.267Z,2023-11-03T12:58:29.520Z,Completed,214483932258811857,Ms Clare Askew,United Nations High Commissioner for Refugees
,,,,Negotiation of Financial Plan Rev 1,WF-000038,Completed,2023-10-13T12:44:36.370Z,,2023-11-24T12:44:06.883Z,15.0,,2023-10-13T12:44:55.130Z,2023-11-03T12:44:06.807Z,Completed,214483932258811856,Ms Clare Askew,United Nations High Commissioner for Refugees
,,,,Negotiation of Financial Plan Rev 1,WF-000038,Completed,2023-10-13T12:44:36.497Z,,2023-11-24T12:44:07.080Z,15.0,,2023-10-13T12:44:55.243Z,2023-11-03T12:44:07.007Z,Completed,214483932258811858,Ms Clare Askew,United Nations High Commissioner for Refugees
,,,,Negotiation of Financial Plan Rev 1,WF-000039,Completed,2023-10-13T12:58:47.163Z,,2023-11-24T12:58:29.763Z,15.0,,2023-10-13T12:59:32.517Z,2023-11-03T12:58:29.647Z,Completed,214483932258811855,Ms Clare Askew,United Nations High Commissioner for Refugees
,,,,Negotiation of Financial Plan Rev 1,WF-000039,Completed,2023-10-13T12:58:47.280Z,,2023-11-24T12:58:29.520Z,15.0,,2023-10-13T12:59:32.627Z,2023-11-03T12:58:29.443Z,Completed,214483932258811857,Ms Clare Askew,United Nations High Commissioner for Refugees
,,,,Negotiation of Financial Plan Rev 1,WF-000053,Completed,2023-10-27T09:19:39.957Z,,2023-12-15T08:58:46.463Z,5.0,,2023-10-27T09:37:29.583Z,2023-11-03T08:58:46.387Z,Completed,214483932258867304,Ms Phoebe Goodwin,United Nations High Commissioner for Refugees
,,,,Negotiation of Financial Plan Rev 1,WF-000053,Completed,2023-10-27T09:19:40.073Z,,2023-12-15T08:58:46.660Z,5.0,,2023-10-27T09:37:29.743Z,2023-11-03T08:58:46.583Z,Completed,214483932258867306,Ms Phoebe Goodwin,United Nations High Commissioner for Refugees
,,,,Negotiation of Financial Plan Rev 1,WF-000054,Completed,2023-10-27T11:05:32.837Z,,2023-12-15T11:03:17.627Z,5.0,,2023-10-27T11:07:08.433Z,2023-11-03T11:03:17.543Z,Completed,214483932258867303,Ms Hadir Shady,United Nations High Commissioner for Refugees
,,,,Negotiation of Financial Plan Rev 1,WF-000056,Completed,2023-10-27T11:21:17.290Z,,2023-12-15T11:19:16.267Z,5.0,,2023-10-27T11:21:28.953Z,2023-11-03T11:19:16.173Z,Completed,214483932258867303,Ms Hadir Shady,United Nations High Commissioner for Refugees
,,,,Negotiation of Financial Plan Rev 1,WF-000057,Completed,2023-10-27T11:50:17.250Z,,2023-12-15T11:49:16.457Z,5.0,,2023-10-27T11:50:30.733Z,2023-11-03T11:49:16.377Z,Completed,214483932258862148,Ms Hadir Shady,United Nations High Commissioner for Refugees
,,,,Negotiation of Financial Plan Rev 1,WF-000040,Terminated,2023-10-16T15:04:22.767Z,,2023-11-06T15:04:22.723Z,15.0,,2023-10-16T15:05:18.887Z,2023-11-06T15:04:22.723Z,Terminated,214483932258802415,Ms Clare Askew,United Nations High Commissioner for Refugees
,,,,Negotiation of Financial Plan Rev 1,WF-000040,Terminated,2023-10-16T15:04:22.933Z,,2023-11-06T15:04:22.890Z,15.0,,2023-10-16T15:06:14.340Z,2023-11-06T15:04:22.890Z,Terminated,214483932258802418,Ms Clare Askew,United Nations High Commissioner for Refugees
,,,,Negotiation of Financial Plan Rev 1,WF-000042,Completed,2023-10-18T05:05:41.233Z,,2023-11-08T05:05:41.137Z,15.0,,2023-10-18T05:07:06.397Z,2023-11-08T05:05:41.137Z,Completed,214483932258802416, Robert Genninges,United Nations High Commissioner for Refugees
,,,,Negotiation of Financial Plan Rev 1,WF-000042,Completed,2023-10-18T05:05:41.427Z,,2023-11-08T05:05:41.373Z,15.0,,2023-10-18T05:07:06.627Z,2023-11-08T05:05:41.373Z,Completed,214483932258802417, Robert Genninges,United Nations High Commissioner for Refugees
,,,,Negotiation of Financial Plan Rev 1,WF-000043,Completed,2023-10-18T10:42:46.410Z,,2023-11-08T10:42:46.363Z,15.0,,2023-10-18T10:43:52.800Z,2023-11-08T10:42:46.363Z,Completed,214483932258802419, Robert Genninges,United Nations High Commissioner for Refugees
,,,,Negotiation of Financial Plan Rev 1,WF-000043,Completed,2023-10-18T10:42:46.673Z,,2023-11-08T10:42:46.627Z,15.0,,2023-10-18T10:43:53.013Z,2023-11-08T10:42:46.627Z,Completed,214483932258802420, Robert Genninges,United Nations High Commissioner for Refugees
,,,,Negotiation of Financial Plan Rev 1,WF-000042,Completed,2023-10-18T05:07:06.417Z,,2023-11-29T05:05:41.137Z,15.0,,2023-10-18T05:07:53.343Z,2023-11-08T05:05:40.980Z,Completed,214483932258802416, Robert Genninges,United Nations High Commissioner for Refugees
,,,,Negotiation of Financial Plan Rev 1,WF-000042,Completed,2023-10-18T05:07:06.647Z,,2023-11-29T05:05:41.373Z,15.0,,2023-10-18T05:07:53.567Z,2023-11-08T05:05:41.287Z,Completed,214483932258802417, Robert Genninges,United Nations High Commissioner for Refugees
,,,,Negotiation of Financial Plan Rev 1,WF-000043,Completed,2023-10-18T10:43:52.820Z,,2023-11-29T10:42:46.363Z,15.0,,2023-10-18T10:44:14.743Z,2023-11-08T10:42:46.297Z,Completed,214483932258802419, Robert Genninges,United Nations High Commissioner for Refugees
,,,,Negotiation of Financial Plan Rev 1,WF-000043,Completed,2023-10-18T10:43:53.030Z,,2023-11-29T10:42:46.627Z,15.0,,2023-10-18T10:44:24.790Z,2023-11-08T10:42:46.563Z,Completed,214483932258802420, Robert Genninges,United Nations High Commissioner for Refugees
,,,,Negotiation of Financial Plan Rev 1,WF-000044,Completed,2023-10-24T17:29:26.183Z,,2023-11-14T17:29:26.093Z,15.0,,2023-10-24T17:30:38.797Z,2023-11-14T17:29:26.093Z,Completed,214483932258854581,Ms Hadir Shady,United Nations High Commissioner for Refugees
,,,,Negotiation of Indicators,WF-000045,Completed,2023-10-24T17:42:07.457Z,,2023-11-14T17:42:07.387Z,15.0,,2023-10-24T17:42:40.767Z,2023-11-14T17:42:07.387Z,Completed,214483932258854583,Ms Hadir Shady,United Nations High Commissioner for Refugees
,,,,Negotiation of Financial Plan Rev 1,WF-000046,Completed,2023-10-24T17:52:22.353Z,,2023-11-14T17:52:22.263Z,15.0,,2023-10-24T17:53:08.953Z,2023-11-14T17:52:22.263Z,Completed,214483932258854580,Ms Hadir Shady,United Nations High Commissioner for Refugees
,,,,Negotiation of Indicators,WF-000047,Completed,2023-10-24T17:55:42.033Z,,2023-11-14T17:55:41.967Z,15.0,,2023-10-24T17:57:44.337Z,2023-11-14T17:55:41.967Z,Completed,214483932258854584,Ms Hadir Shady,United Nations High Commissioner for Refugees
,,,,Negotiation of Financial Plan Rev 1,WF-000044,Completed,2023-10-24T17:30:38.813Z,,2023-12-05T17:29:26.093Z,15.0,,2023-10-24T17:31:37.577Z,2023-11-14T17:29:26.007Z,Completed,214483932258854581,Ms Hadir Shady,United Nations High Commissioner for Refugees
,,,,Negotiation of Indicators,WF-000045,Completed,2023-10-24T17:42:40.780Z,,2023-12-05T17:42:07.387Z,15.0,,2023-10-24T17:42:59.543Z,2023-11-14T17:42:07.280Z,Completed,214483932258854583,Ms Hadir Shady,United Nations High Commissioner for Refugees
,,,,Negotiation of Financial Plan Rev 1,WF-000046,Completed,2023-10-24T17:53:08.970Z,,2023-12-05T17:52:22.263Z,15.0,,2023-10-24T17:53:59.620Z,2023-11-14T17:52:22.170Z,Completed,214483932258854580,Ms Hadir Shady,United Nations High Commissioner for Refugees
,,,,Negotiation of Indicators,WF-000047,Completed,2023-10-24T17:57:44.467Z,,2023-12-05T17:55:41.967Z,15.0,,2023-10-24T17:58:03.177Z,2023-11-14T17:55:41.887Z,Completed,214483932258854584,Ms Hadir Shady,United Nations High Commissioner for Refugees
,,,,Negotiation of Indicators,WF-000048,Completed,2023-10-25T10:34:57.183Z,,2023-11-15T10:34:57.123Z,15.0,,2023-10-25T10:39:03.417Z,2023-11-15T10:34:57.123Z,Completed,214483932258854583,Ms Hadir Shady,United Nations High Commissioner for Refugees
,,,,Negotiation of Financial Plan Rev 1,WF-000049,Completed,2023-10-25T17:39:14.653Z,,2023-11-15T17:39:14.543Z,15.0,,2023-10-25T17:40:30.787Z,2023-11-15T17:39:14.543Z,Completed,214483932258854579,Ms Hadir Shady,United Nations High Commissioner for Refugees
,,,,Negotiation of Indicators,WF-000050,Completed,2023-10-25T17:42:50.383Z,,2023-11-15T17:42:50.313Z,15.0,,2023-10-25T17:44:55.013Z,2023-11-15T17:42:50.313Z,Completed,214483932258854582,Ms Hadir Shady,United Nations High Commissioner for Refugees
,,,,Negotiation of Financial Plan Rev 1,WF-000051,Completed,2023-10-25T17:50:36.000Z,,2023-11-15T17:50:35.900Z,15.0,,2023-10-25T17:52:13.223Z,2023-11-15T17:50:35.900Z,Completed,214483932258854579,Ms Hadir Shady,United Nations High Commissioner for Refugees
,,,,Negotiation of Indicators,WF-000048,Completed,2023-10-25T10:39:03.433Z,,2023-12-06T10:34:57.123Z,15.0,,2023-10-25T10:39:25.333Z,2023-11-15T10:34:57.043Z,Completed,214483932258854583,Ms Hadir Shady,United Nations High Commissioner for Refugees
,,,,Negotiation of Financial Plan Rev 1,WF-000049,Completed,2023-10-25T17:40:30.800Z,,2023-12-06T17:39:14.543Z,15.0,,2023-10-25T17:41:08.357Z,2023-11-15T17:39:14.433Z,Completed,214483932258854579,Ms Hadir Shady,United Nations High Commissioner for Refugees
,,,,Negotiation of Indicators,WF-000050,Completed,2023-10-25T17:44:55.027Z,,2023-12-06T17:42:50.313Z,15.0,,2023-10-25T17:45:29.350Z,2023-11-15T17:42:50.237Z,Completed,214483932258854582,Ms Hadir Shady,United Nations High Commissioner for Refugees
,,,,Negotiation of Financial Plan Rev 1,WF-000051,Completed,2023-10-25T17:52:13.237Z,,2023-12-06T17:50:35.900Z,15.0,,2023-10-25T17:52:45.890Z,2023-11-15T17:50:35.663Z,Completed,214483932258854579,Ms Hadir Shady,United Nations High Commissioner for Refugees
,,,,Negotiation of Financial Plan Rev 1,WF-000052,Completed,2023-10-26T09:46:31.590Z,,2023-11-16T09:46:31.547Z,15.0,,2023-10-26T09:50:25.107Z,2023-11-16T09:46:31.547Z,Completed,214483932258802415,Ms Clare Askew,United Nations High Commissioner for Refugees
,,,,Negotiation of Financial Plan Rev 1,WF-000052,Completed,2023-10-26T09:50:25.120Z,,2023-12-07T09:46:31.547Z,15.0,,2023-10-26T09:50:55.653Z,2023-11-16T09:46:31.473Z,Completed,214483932258802415,Ms Clare Askew,United Nations High Commissioner for Refugees
,,,,Negotiation of Financial Plan Rev 1,WF-000053,Completed,2023-10-27T08:58:46.537Z,,2023-11-17T08:58:46.463Z,15.0,,2023-10-27T09:02:11.877Z,2023-11-17T08:58:46.463Z,Completed,214483932258867304,Ms Phoebe Goodwin,United Nations High Commissioner for Refugees
,,,,Negotiation of Financial Plan Rev 1,WF-000053,Completed,2023-10-27T08:58:46.713Z,,2023-11-17T08:58:46.660Z,15.0,,2023-10-27T09:02:12.007Z,2023-11-17T08:58:46.660Z,Completed,214483932258867306,Ms Phoebe Goodwin,United Nations High Commissioner for Refugees
,,,,Negotiation of Financial Plan Rev 1,WF-000054,Completed,2023-10-27T11:03:17.677Z,,2023-11-17T11:03:17.627Z,15.0,,2023-10-27T11:04:24.033Z,2023-11-17T11:03:17.627Z,Completed,214483932258867303,Ms Hadir Shady,United Nations High Commissioner for Refugees
,,,,Negotiation of Indicators,WF-000055,Completed,2023-10-27T11:09:00.870Z,,2023-11-17T11:09:00.787Z,15.0,,2023-10-27T11:10:01.740Z,2023-11-17T11:09:00.787Z,Completed,214483932258867305,Ms Hadir Shady,United Nations High Commissioner for Refugees
,,,,Negotiation of Financial Plan Rev 1,WF-000056,Completed,2023-10-27T11:19:16.323Z,,2023-11-17T11:19:16.267Z,15.0,,2023-10-27T11:20:45.280Z,2023-11-17T11:19:16.267Z,Completed,214483932258867303,Ms Hadir Shady,United Nations High Commissioner for Refugees
,,,,Negotiation of Financial Plan Rev 1,WF-000057,Completed,2023-10-27T11:49:16.533Z,,2023-11-17T11:49:16.457Z,15.0,,2023-10-27T11:49:47.737Z,2023-11-17T11:49:16.457Z,Completed,214483932258862148,Ms Hadir Shady,United Nations High Commissioner for Refugees
,,,,Negotiation of Indicators,WF-000058,Completed,2023-10-27T11:51:08.227Z,,2023-11-17T11:51:08.150Z,15.0,,2023-10-27T11:51:51.917Z,2023-11-17T11:51:08.150Z,Completed,214483932258862150,Ms Hadir Shady,United Nations High Commissioner for Refugees
,,,,Negotiation of Financial Plan Rev 1,WF-000053,Completed,2023-10-27T09:02:11.893Z,,2023-12-08T08:58:46.463Z,15.0,,2023-10-27T09:19:39.817Z,2023-11-17T08:58:46.387Z,Completed,214483932258867304,Ms Phoebe Goodwin,United Nations High Commissioner for Refugees
,,,,Negotiation of Financial Plan Rev 1,WF-000053,Completed,2023-10-27T09:02:12.020Z,,2023-12-08T08:58:46.660Z,15.0,,2023-10-27T09:19:40.060Z,2023-11-17T08:58:46.583Z,Completed,214483932258867306,Ms Phoebe Goodwin,United Nations High Commissioner for Refugees
,,,,Negotiation of Financial Plan Rev 1,WF-000054,Completed,2023-10-27T11:04:24.047Z,,2023-12-08T11:03:17.627Z,15.0,,2023-10-27T11:05:32.820Z,2023-11-17T11:03:17.543Z,Completed,214483932258867303,Ms Hadir Shady,United Nations High Commissioner for Refugees
,,,,Negotiation of Indicators,WF-000055,Completed,2023-10-27T11:10:01.757Z,,2023-12-08T11:09:00.787Z,15.0,,2023-10-27T11:10:15.630Z,2023-11-17T11:09:00.707Z,Completed,214483932258867305,Ms Hadir Shady,United Nations High Commissioner for Refugees
,,,,Negotiation of Financial Plan Rev 1,WF-000056,Completed,2023-10-27T11:20:45.297Z,,2023-12-08T11:19:16.267Z,15.0,,2023-10-27T11:21:17.277Z,2023-11-17T11:19:16.173Z,Completed,214483932258867303,Ms Hadir Shady,United Nations High Commissioner for Refugees
,,,,Negotiation of Financial Plan Rev 1,WF-000057,Completed,2023-10-27T11:49:47.757Z,,2023-12-08T11:49:16.457Z,15.0,,2023-10-27T11:50:17.237Z,2023-11-17T11:49:16.377Z,Completed,214483932258862148,Ms Hadir Shady,United Nations High Commissioner for Refugees
,,,,Negotiation of Indicators,WF-000058,Completed,2023-10-27T11:51:51.930Z,,2023-12-08T11:51:08.150Z,15.0,,2023-10-27T11:52:20.200Z,2023-11-17T11:51:08.053Z,Completed,214483932258862150,Ms Hadir Shady,United Nations High Commissioner for Refugees
,,,,Negotiation of Financial Plan Rev 1,WF-000040,Terminated,,,2023-11-27T15:04:22.723Z,15.0,,2023-10-16T15:05:18.890Z,2023-11-27T15:04:22.723Z,Terminated,214483932258802415,Ms Clare Askew,United Nations High Commissioner for Refugees
,,,,Negotiation of Financial Plan Rev 1,WF-000040,Terminated,,,2023-11-27T15:04:22.890Z,15.0,,2023-10-16T15:06:14.340Z,2023-11-27T15:04:22.890Z,Terminated,214483932258802418,Ms Clare Askew,United Nations High Commissioner for Refugees
,,,,Negotiation of Financial Plan Rev 1,WF-000040,Terminated,,,2023-12-04T15:04:22.723Z,5.0,,2023-10-16T15:05:18.890Z,2023-12-04T15:04:22.723Z,Terminated,214483932258802415,Ms Clare Askew,United Nations High Commissioner for Refugees
,,,,Negotiation of Financial Plan Rev 1,WF-000040,Terminated,,,2023-12-04T15:04:22.890Z,5.0,,2023-10-16T15:06:14.340Z,2023-12-04T15:04:22.890Z,Terminated,214483932258802418,Ms Clare Askew,United Nations High Commissioner for Refugees
,,,,Project Financial Report Submission,WF-000037,Completed,2023-10-13T11:58:21.713Z,,2024-01-12T11:58:21.660Z,65.0,,2023-10-13T11:58:58.807Z,2024-01-12T11:58:21.660Z,Completed,214483932258807158, Robert Genninges,United Nations High Commissioner for Refugees
,,,,Project Financial Report Submission,WF-000041,Completed,2023-10-16T22:17:57.823Z,,2024-01-15T22:17:57.757Z,65.0,,2023-10-16T22:18:19.480Z,2024-01-15T22:17:57.757Z,Completed,214483932258810229, Robert Genninges,United Nations High Commissioner for Refugees
