{
    "body": [
        {
            "id": 4385,
            "draft": false,
            "draftId": null,
            "currentId": 4385,
            "attachmentType": "CONTRACT_CHANGE",
            "enterpriseId": 13,
            "projectId": 73361,
            "lastUpdated": "2023-07-14T11:15:01.428229+04:00",
            "description": null,
            "contractId": 6889,
            "contractName": "32061Y23P062017-JORDAN RIVER FOUNDATION",
            "shared": {
                "id": 2655,
                "code": "32061Y23P062017-VAR-0003",
                "name": "Variation for 32061Y23P062017",
                "status": "APPROVED",
                "description": null,
                "changeDate": "2023-07-14",
                "submittedDate": "2023-07-14",
                "approvedDate": "2023-07-14",
                "currency": "USD",
                "currencyFormats": {
                    "decimalPlaces": 2,
                    "thousandsSeparator": ",",
                    "decimalsSeparator": ".",
                    "currencySymbol": "$",
                    "currencyCode": "USD",
                    "locale": null,
                    "prefix": "US$\u00A0",
                    "suffix": "",
                    "prefixCurrencySymbol": true
                },
                "sharedContractCode": "JOR ABC-32061Y23P062017",
                "retentionExemptionAllowed": false,
                "version": 1,
                "lastUpdatedByEnterpriseId": 13
            },
            "enterpriseName": "United Nations High Commissioner for Refugees",
            "partnerEnterpriseName": "JORDAN RIVER FOUNDATION",
            "upstream": true,
            "canEditValue": false,
            "canShare": false,
            "tags": [
                {
                    "id": 3390,
                    "enterpriseId": 13,
                    "projectId": null,
                    "name": "Reallocation",
                    "code": "REA",
                    "categoryId": 473,
                    "categoryName": "Variation Type",
                    "order": null,
                    "lastUpdated": "2023-04-26T16:05:37.18085+04:00"
                }
            ],
            "availableActions": [
                {
                    "name": "revert-to-submitted",
                    "destinationStatus": "SUBMITTED"
                },
                {
                    "name": "withdraw",
                    "destinationStatus": "WITHDRAWN"
                },
                {
                    "name": "revert-to-proceed",
                    "destinationStatus": "PROCEED"
                }
            ],
            "etcDrawDown": false,
            "etcIncrease": false,
            "costImpact": "POTENTIAL",
            "budgetImpact": "POTENTIAL",
            "contractDetails": {
                "sharedValue": 0.0,
                "originalAmount": 2.0E7,
                "approvedAmount": -50000.0,
                "currentAmount": 0.0,
                "pendingAmount": 0.0,
                "proceedAmount": 0.0,
                "forecastAmount": 0.0,
                "approvedChanges": -50000.0,
                "proceedChanges": 0.0,
                "pendingChanges": 0.0,
                "potentialChanges": 0.0,
                "currentCommitments": 0.0,
                "pendingCommitments": 0.0,
                "allCommitments": 0.0,
                "approvedContractActuals": 0.0,
                "pendingContractActuals": 0.0,
                "approvedContractActualsPeriod": 0.0,
                "pendingContractActualsPeriod": 0.0,
                "requestedAmount": -50000.0,
                "pendingRetention": 0.0,
                "approvedRetention": 0.0,
                "pendingRetentionReleased": 0.0,
                "approvedRetentionReleased": 0.0,
                "pendingNetAmount": 0.0,
                "approvedNetAmount": 0.0,
                "outstandingRetention": 0.0,
                "allContractActuals": 0.0,
                "remainingToSpend": 0.0,
                "varianceAmount": 0.0,
                "allCommitmentsThatShouldDrawDownETC": 0.0,
                "allContractActualsCurrentPeriod": 0.0,
                "allContractActualsPreviousPeriods": 0.0,
                "forecastRemainingToSpend": 0.0,
                "percentInvoiced": 0.0,
                "allRetention": 0.0,
                "allRetentionReleased": 0.0
            },
            "projectCurrencyContractDetails": {
                "sharedValue": 0.0,
                "originalAmount": 2.0E7,
                "approvedAmount": -50000.0,
                "currentAmount": 0.0,
                "pendingAmount": 0.0,
                "proceedAmount": 0.0,
                "forecastAmount": 0.0,
                "approvedChanges": -50000.0,
                "proceedChanges": 0.0,
                "pendingChanges": 0.0,
                "potentialChanges": 0.0,
                "currentCommitments": 0.0,
                "pendingCommitments": 0.0,
                "allCommitments": 0.0,
                "approvedContractActuals": 0.0,
                "pendingContractActuals": 0.0,
                "approvedContractActualsPeriod": 0.0,
                "pendingContractActualsPeriod": 0.0,
                "requestedAmount": -50000.0,
                "pendingRetention": 0.0,
                "approvedRetention": 0.0,
                "pendingRetentionReleased": 0.0,
                "approvedRetentionReleased": 0.0,
                "pendingNetAmount": 0.0,
                "approvedNetAmount": 0.0,
                "outstandingRetention": 0.0,
                "allContractActuals": 0.0,
                "remainingToSpend": 0.0,
                "varianceAmount": 0.0,
                "allCommitmentsThatShouldDrawDownETC": 0.0,
                "allContractActualsCurrentPeriod": 0.0,
                "allContractActualsPreviousPeriods": 0.0,
                "forecastRemainingToSpend": 0.0,
                "percentInvoiced": 0.0,
                "allRetention": 0.0,
                "allRetentionReleased": 0.0
            },
            "requestedDays": 0.0,
            "acceptedDays": 0.0,
            "contractChangeTerms": null,
            "otherProceedOrApprovedChangesOnContract": 0.0,
            "calculatedFields": {},
            "manualFields": {},
            "code": null,
            "canEditSharedFields": false,
            "isConnected": false,
            "isActive": true,
            "isSharedWithPartner": false,
            "isContractShared": false
        }
    ],
    "error": null
}