<?xml version="1.0" encoding="UTF-8" standalone="yes"?><ProjectResults TotalResults="6"><SearchResults><Project Hidden="false" DisconnectionStatus="NONE" Active="true" AccessLevel="NORMAL"><CreationDate>2023-05-11T01:23:58.140Z</CreationDate><DeliveryAddressLine></DeliveryAddressLine><DeliveryCity></DeliveryCity><DeliveryCountry></DeliveryCountry><DeliveryPostcode></DeliveryPostcode><DeliveryState></DeliveryState><FaxNumber>41</FaxNumber><LogoPath>/html/logos/aconex-stored/project/671089885/2023-06-22-17-02-06-2211354265452686907462.jpg</LogoPath><ProjectOwnerOrganizationId>671093575</ProjectOwnerOrganizationId><ProjectOwnerOrganizationName>United Nations High Commissioner for Refugees</ProjectOwnerOrganizationName><PhoneNumber>41</PhoneNumber><PostalAddressLine></PostalAddressLine><PostalCity></PostalCity><PostalCountry></PostalCountry><PostalPostcode></PostalPostcode><PostalState></PostalState><ProjectAddressLine>Geneva</ProjectAddressLine><ProjectCity>Geneva</ProjectCity><ProjectCode>DRS</ProjectCode><ProjectCountry>Switzerland</ProjectCountry><ProjectDescription>UVT Test Environment 3</ProjectDescription><ProjectId>671089885</ProjectId><ProjectName>DRS UVT</ProjectName><ProjectPostcode></ProjectPostcode><ProjectShortName>DRS UVT</ProjectShortName><ProjectState></ProjectState><ProjectValue>0.00</ProjectValue><ProjectResponsibilities/><StartDate>2023-05-10T20:00:00.000Z</StartDate><StopDate>2026-11-08T20:00:00.000Z</StopDate></Project><Project Hidden="false" DisconnectionStatus="NONE" Active="true" AccessLevel="NORMAL"><CreationDate>2023-05-15T07:53:48.527Z</CreationDate><DeliveryAddressLine></DeliveryAddressLine><DeliveryCity></DeliveryCity><DeliveryCountry></DeliveryCountry><DeliveryPostcode></DeliveryPostcode><DeliveryState></DeliveryState><FaxNumber>41</FaxNumber><ProjectOwnerOrganizationId>671093575</ProjectOwnerOrganizationId><ProjectOwnerOrganizationName>United Nations High Commissioner for Refugees</ProjectOwnerOrganizationName><PhoneNumber>41</PhoneNumber><PostalAddressLine></PostalAddressLine><PostalCity></PostalCity><PostalCountry></PostalCountry><PostalPostcode></PostalPostcode><PostalState></PostalState><ProjectAddressLine>Geneva</ProjectAddressLine><ProjectCity>Geneva</ProjectCity><ProjectCode>BEL</ProjectCode><ProjectCountry>Switzerland</ProjectCountry><ProjectDescription>UVT Test Environment 4</ProjectDescription><ProjectId>671089894</ProjectId><ProjectName>MCO-BEL UVT</ProjectName><ProjectPostcode></ProjectPostcode><ProjectShortName>MCO-BEL UVT</ProjectShortName><ProjectState></ProjectState><ProjectValue>0.00</ProjectValue><ProjectResponsibilities/><StartDate>2023-05-14T20:00:00.000Z</StartDate><StopDate>2026-11-08T20:00:00.000Z</StopDate></Project><Project Hidden="false" DisconnectionStatus="NONE" Active="true" AccessLevel="NORMAL"><CreationDate>2023-06-02T03:14:17.120Z</CreationDate><DeliveryAddressLine></DeliveryAddressLine><DeliveryCity></DeliveryCity><DeliveryCountry></DeliveryCountry><DeliveryPostcode></DeliveryPostcode><DeliveryState></DeliveryState><FaxNumber>41</FaxNumber><ProjectOwnerOrganizationId>671093575</ProjectOwnerOrganizationId><ProjectOwnerOrganizationName>United Nations High Commissioner for Refugees</ProjectOwnerOrganizationName><PhoneNumber>41</PhoneNumber><PostalAddressLine></PostalAddressLine><PostalCity></PostalCity><PostalCountry></PostalCountry><PostalPostcode></PostalPostcode><PostalState></PostalState><ProjectAddressLine>Geneva</ProjectAddressLine><ProjectCity>Geneva</ProjectCity><ProjectCode>SDN</ProjectCode><ProjectCountry>Switzerland</ProjectCountry><ProjectDescription>UVT</ProjectDescription><ProjectId>671089924</ProjectId><ProjectName>Sudan UVT</ProjectName><ProjectPostcode></ProjectPostcode><ProjectShortName>Sudan UVT</ProjectShortName><ProjectState></ProjectState><ProjectValue>0.00</ProjectValue><ProjectResponsibilities/><StartDate>2023-06-01T20:00:00.000Z</StartDate><StopDate>2026-11-08T20:00:00.000Z</StopDate></Project><Project Hidden="false" DisconnectionStatus="NONE" Active="true" AccessLevel="NORMAL"><CreationDate>2023-05-11T05:05:58.877Z</CreationDate><DeliveryAddressLine></DeliveryAddressLine><DeliveryCity></DeliveryCity><DeliveryCountry></DeliveryCountry><DeliveryPostcode></DeliveryPostcode><DeliveryState></DeliveryState><FaxNumber>41</FaxNumber><ProjectOwnerOrganizationId>671093575</ProjectOwnerOrganizationId><ProjectOwnerOrganizationName>United Nations High Commissioner for Refugees</ProjectOwnerOrganizationName><PhoneNumber>41</PhoneNumber><PostalAddressLine></PostalAddressLine><PostalCity></PostalCity><PostalCountry></PostalCountry><PostalPostcode></PostalPostcode><PostalState></PostalState><ProjectAddressLine>Geneva</ProjectAddressLine><ProjectCity>Geneva</ProjectCity><ProjectCode>AFG</ProjectCode><ProjectCountry>Switzerland</ProjectCountry><ProjectDescription>UVT Test Environment 2</ProjectDescription><ProjectId>671089886</ProjectId><ProjectName>Afghan UVT</ProjectName><ProjectPostcode></ProjectPostcode><ProjectShortName>Afghan UVT</ProjectShortName><ProjectState></ProjectState><ProjectValue>0.00</ProjectValue><ProjectResponsibilities/><StartDate>2023-05-10T20:00:00.000Z</StartDate><StopDate>2026-11-08T20:00:00.000Z</StopDate></Project><Project Hidden="false" DisconnectionStatus="NONE" Active="true" AccessLevel="NORMAL"><CreationDate>2023-05-03T22:23:40.317Z</CreationDate><DeliveryAddressLine></DeliveryAddressLine><DeliveryCity></DeliveryCity><DeliveryCountry></DeliveryCountry><DeliveryPostcode></DeliveryPostcode><DeliveryState></DeliveryState><FaxNumber>41</FaxNumber><LogoPath>/html/logos/aconex-stored/project/671089868/2023-06-22-17-50-49-8432994008317512190748.jpg</LogoPath><ProjectOwnerOrganizationId>671093575</ProjectOwnerOrganizationId><ProjectOwnerOrganizationName>United Nations High Commissioner for Refugees</ProjectOwnerOrganizationName><PhoneNumber>41</PhoneNumber><PostalAddressLine></PostalAddressLine><PostalCity></PostalCity><PostalCountry></PostalCountry><PostalPostcode></PostalPostcode><PostalState></PostalState><ProjectAddressLine>Case postale 2500</ProjectAddressLine><ProjectCity>Geneva</ProjectCity><ProjectCode>JOR</ProjectCode><ProjectCountry>Switzerland</ProjectCountry><ProjectDescription>For User Validation Testing.</ProjectDescription><ProjectId>671089868</ProjectId><ProjectName>Jordan UVT</ProjectName><ProjectPostcode>1211</ProjectPostcode><ProjectShortName>Jordan UVT</ProjectShortName><ProjectState></ProjectState><ProjectValue>0.00</ProjectValue><ProjectResponsibilities/><StartDate>2023-05-03T20:00:00.000Z</StartDate><StopDate>2026-11-08T20:00:00.000Z</StopDate></Project><Project Hidden="false" DisconnectionStatus="NONE" Active="true" AccessLevel="NORMAL"><CreationDate>2022-03-02T07:23:02.340Z</CreationDate><DeliveryAddressLine></DeliveryAddressLine><DeliveryCity></DeliveryCity><DeliveryCountry></DeliveryCountry><DeliveryPostcode></DeliveryPostcode><DeliveryState></DeliveryState><FaxNumber>44</FaxNumber><LogoPath>/html/logos/aconex-stored/project/671089351/2023-04-28-18-46-41-8655266902534529481667.jpg</LogoPath><ProjectOwnerOrganizationId>671093575</ProjectOwnerOrganizationId><ProjectOwnerOrganizationName>United Nations High Commissioner for Refugees</ProjectOwnerOrganizationName><PhoneNumber>44</PhoneNumber><PostalAddressLine></PostalAddressLine><PostalCity></PostalCity><PostalCountry></PostalCountry><PostalPostcode></PostalPostcode><PostalState></PostalState><ProjectAddressLine>TBA</ProjectAddressLine><ProjectCity>UNHCR</ProjectCity><ProjectCode>AFA2022</ProjectCode><ProjectCountry>United Kingdom</ProjectCountry><ProjectDescription>This project will be used for the sole purpose of UNHCR UAT (Testing), we have a template more or less finalized for the PHASE 1 of PROMS which is UNHCR Template (ID 671089324). Please copy this template, along with workflows and field config (issue types and inspections).</ProjectDescription><ProjectId>671089351</ProjectId><ProjectName>UNHCR UAT Afghanistan</ProjectName><ProjectPostcode></ProjectPostcode><ProjectShortName>UNHCR UAT Afghan.</ProjectShortName><ProjectState></ProjectState><ProjectValue>0.00</ProjectValue><ProjectResponsibilities/><StartDate>2022-03-01T20:00:00.000Z</StartDate><StopDate>2026-11-08T20:00:00.000Z</StopDate></Project></SearchResults></ProjectResults>