Region,Project/ABC,Partner Agreement / Contract,Assigned to Organisation,Assigned to User,Open,projectid,issue_id,issue_number,area_id,Implementer
,,,Global Humanitarian Solutions,,,671089868,c7cc64f5-dfb3-470f-ba5f-f2dd9f6bcdaf,4,214483932253539884,
,,,Global Humanitarian Solutions,,,671089868,c7cc64f5-dfb3-470f-ba5f-f2dd9f6bcdaf,4,214483932253539884,JORDAN RIVER FOUNDATION
,,,Global Humanitarian Solutions,,,671089868,c7cc64f5-dfb3-470f-ba5f-f2dd9f6bcdaf,4,214483932253539884,
,,32063Y23P500032,Global Humanitarian Solutions,,,671089868,c7cc64f5-dfb3-470f-ba5f-f2dd9f6bcdaf,4,214483932253539884,
,,,Global Humanitarian Solutions,,,671089868,c7cc64f5-dfb3-470f-ba5f-f2dd9f6bcdaf,4,214483932253539884,
,,,Global Humanitarian Solutions,,,671089868,c7cc64f5-dfb3-470f-ba5f-f2dd9f6bcdaf,4,214483932253539884,
,,,Global Humanitarian Solutions,,,671089868,c7cc64f5-dfb3-470f-ba5f-f2dd9f6bcdaf,4,214483932253539884,
,,,Global Humanitarian Solutions,,,671089868,c7cc64f5-dfb3-470f-ba5f-f2dd9f6bcdaf,4,214483932253539884,
,,,Global Humanitarian Solutions,,,671089868,c7cc64f5-dfb3-470f-ba5f-f2dd9f6bcdaf,4,214483932253539884,
,,,Global Humanitarian Solutions,,,671089868,c7cc64f5-dfb3-470f-ba5f-f2dd9f6bcdaf,4,214483932253539884,
,,,Global Humanitarian Solutions,,,671089868,c7cc64f5-dfb3-470f-ba5f-f2dd9f6bcdaf,4,214483932253539884,
,,,Global Humanitarian Solutions,,,671089868,c7cc64f5-dfb3-470f-ba5f-f2dd9f6bcdaf,4,214483932253539884,
,,,Global Humanitarian Solutions,,,671089868,e5e7a7f1-3280-4f09-b431-64ddb641f4d8,3,214483932253539884,
,,,Global Humanitarian Solutions,,,671089868,e5e7a7f1-3280-4f09-b431-64ddb641f4d8,3,214483932253539884,
,,,Global Humanitarian Solutions,,,671089868,e5e7a7f1-3280-4f09-b431-64ddb641f4d8,3,214483932253539884,
,,,Global Humanitarian Solutions,,,671089868,e5e7a7f1-3280-4f09-b431-64ddb641f4d8,3,214483932253539884,ARABIAN MEDICAL RELIEF SOCIETY
,,,Global Humanitarian Solutions,,,671089868,e5e7a7f1-3280-4f09-b431-64ddb641f4d8,3,214483932253539884,
,,,Global Humanitarian Solutions,,,671089868,e5e7a7f1-3280-4f09-b431-64ddb641f4d8,3,214483932253539884,
,,,Global Humanitarian Solutions,,,671089868,e5e7a7f1-3280-4f09-b431-64ddb641f4d8,3,214483932253539884,
,,,Global Humanitarian Solutions,,,671089868,e5e7a7f1-3280-4f09-b431-64ddb641f4d8,3,214483932253539884,
,,,Global Humanitarian Solutions,,,671089868,e5e7a7f1-3280-4f09-b431-64ddb641f4d8,3,214483932253539884,
,,,Global Humanitarian Solutions,,,671089868,e5e7a7f1-3280-4f09-b431-64ddb641f4d8,3,214483932253539884,
,,32063Y23P157083,Global Humanitarian Solutions,,,671089868,e5e7a7f1-3280-4f09-b431-64ddb641f4d8,3,214483932253539884,
,,,Global Humanitarian Solutions,,,671089868,e5e7a7f1-3280-4f09-b431-64ddb641f4d8,3,214483932253539884,
,,,Global Humanitarian Solutions,,,671089868,9ac13137-6831-4cc5-a90b-53a07c76c1a2,2,214483932253539884,
,,,Global Humanitarian Solutions,,,671089868,9ac13137-6831-4cc5-a90b-53a07c76c1a2,2,214483932253539884,
,,,Global Humanitarian Solutions,,,671089868,9ac13137-6831-4cc5-a90b-53a07c76c1a2,2,214483932253539884,
,,32063Y23P500032,Global Humanitarian Solutions,,,671089868,9ac13137-6831-4cc5-a90b-53a07c76c1a2,2,214483932253539884,
,,,Global Humanitarian Solutions,,,671089868,9ac13137-6831-4cc5-a90b-53a07c76c1a2,2,214483932253539884,
,,,Global Humanitarian Solutions,,,671089868,9ac13137-6831-4cc5-a90b-53a07c76c1a2,2,214483932253539884,
,,,Global Humanitarian Solutions,,,671089868,9ac13137-6831-4cc5-a90b-53a07c76c1a2,2,214483932253539884,
,,,Global Humanitarian Solutions,,,671089868,9ac13137-6831-4cc5-a90b-53a07c76c1a2,2,214483932253539884,Global Humanitarian Solution - JOR
,,,Global Humanitarian Solutions,,,671089868,9ac13137-6831-4cc5-a90b-53a07c76c1a2,2,214483932253539884,
,,,Global Humanitarian Solutions,,,671089868,9ac13137-6831-4cc5-a90b-53a07c76c1a2,2,214483932253539884,
,,,Global Humanitarian Solutions,,,671089868,9ac13137-6831-4cc5-a90b-53a07c76c1a2,2,214483932253539884,
,,,Global Humanitarian Solutions,,,671089868,9ac13137-6831-4cc5-a90b-53a07c76c1a2,2,214483932253539884,
,,,United Nations High Commissioner for Refugees,Izabella Boka,,671089868,363b9075-b5b7-4d5a-8612-1af579c9a004,1,214483932253539884,
,,Agreement Number Values,United Nations High Commissioner for Refugees,Izabella Boka,,671089868,363b9075-b5b7-4d5a-8612-1af579c9a004,1,214483932253539884,
,,,United Nations High Commissioner for Refugees,Izabella Boka,,671089868,363b9075-b5b7-4d5a-8612-1af579c9a004,1,214483932253539884,
,,,United Nations High Commissioner for Refugees,Izabella Boka,,671089868,363b9075-b5b7-4d5a-8612-1af579c9a004,1,214483932253539884,
,,,United Nations High Commissioner for Refugees,Izabella Boka,,671089868,363b9075-b5b7-4d5a-8612-1af579c9a004,1,214483932253539884,
,,,United Nations High Commissioner for Refugees,Izabella Boka,,671089868,363b9075-b5b7-4d5a-8612-1af579c9a004,1,214483932253539884,
,,,United Nations High Commissioner for Refugees,Izabella Boka,,671089868,363b9075-b5b7-4d5a-8612-1af579c9a004,1,214483932253539884,
,,,United Nations High Commissioner for Refugees,Izabella Boka,,671089868,363b9075-b5b7-4d5a-8612-1af579c9a004,1,214483932253539884,
