{
    "issues": [
        {
            "description": "Low production of printing of certificates. UNHCR would like to identify why this is happening and to see an increase from XX to XX per week.",
            "status": "Open",
            "attachments": [],
            "area": {
                "id": "214483932253539884",
                "name": "User Validation T01",
                "path": [
                    {
                        "id": "214483932253539884",
                        "name": "User Validation T01"
                    }
                ]
            },
            "project": {
                "id": "671089868",
                "name": "Jordan UVT",
                "permissions": {},
                "module_permissions": {
                    "daily_reports_enabled": true,
                    "punchlists_enabled": true
                },
                "short_name": "Jordan UVT"
            },
            "shared": false,
            "issue_id": "c7cc64f5-dfb3-470f-ba5f-f2dd9f6bcdaf",
            "issue_number": "4",
            "location_detail": "All locations",
            "area_sort_string": "",
            "issue_type": {
                "id": "214483932253522488",
                "name": "Implementation Monitoring",
                "custom_fields": []
            },
            "assigned_to": {
                "organization": {
                    "id": "671094793",
                    "name": "Global Humanitarian Solutions",
                    "trading_name": "Global Humanitarian Solutions"
                }
            },
            "assigned_by": {
                "organization": {
                    "id": "671093575",
                    "name": "United Nations High Commissioner for Refugees",
                    "trading_name": "United Nations High Commissioner for Refugees"
                }
            },
            "assigned_at": "2023-08-24T13:50:01.526Z",
            "due_date": "2023-08-31T00:00:01.000Z",
            "custom_fields": [
                {
                    "id": "214483932253632343",
                    "value": "No",
                    "family_id": "214483932253621841"
                },
                {
                    "id": "214483932253624105",
                    "value": "JORDAN RIVER FOUNDATION",
                    "family_id": "214483932253614485"
                },
                {
                    "id": "214483932253624394",
                    "value": "",
                    "family_id": "214483932253614719"
                },
                {
                    "id": "214483932253624124",
                    "value": "32063Y23P500032",
                    "family_id": "214483932253614504"
                },
                {
                    "id": "214483932253632344",
                    "value": "",
                    "family_id": "214483932253621842"
                },
                {
                    "id": "214483932253632342",
                    "value": "Remote",
                    "family_id": "214483932253614705"
                },
                {
                    "id": "214483932253630155",
                    "value": "High",
                    "family_id": "214483932253614700"
                },
                {
                    "id": "214483932253632340",
                    "value": "Recommendation",
                    "family_id": "214483932253621840"
                },
                {
                    "id": "214483932253624376",
                    "value": "",
                    "family_id": "214483932253614704"
                },
                {
                    "id": "214483932253632341",
                    "value": "Protection & solutions",
                    "family_id": "214483932253614703"
                },
                {
                    "id": "214483932253624379",
                    "value": "UNHCR would like to ask for increased productivity through printing of certificates, i.e. to increase by XX number per week.",
                    "family_id": "214483932253614707"
                }
            ],
            "meta_data": {
                "created_by": {
                    "id": "671136049",
                    "organization": {
                        "id": "671093575",
                        "name": "United Nations High Commissioner for Refugees",
                        "trading_name": "United Nations High Commissioner for Refugees"
                    },
                    "first_name": "Clare",
                    "last_name": "Askew",
                    "position": "Programme Support"
                },
                "updated_by": {
                    "id": "671136049",
                    "organization": {
                        "id": "671093575",
                        "name": "United Nations High Commissioner for Refugees",
                        "trading_name": "United Nations High Commissioner for Refugees"
                    },
                    "first_name": "Clare",
                    "last_name": "Askew",
                    "position": "Programme Support"
                },
                "created_at": "2023-08-24T13:50:01.526Z",
                "updated_at": "2023-08-24T13:50:01.526Z"
            },
            "closed_by": null,
            "closed_at": null,
            "event_aggregation_id": null,
            "issue_source": null,
            "issue_listings": null,
            "attachment": null,
            "conversations": {
                "_links": {
                    "self": {
                        "href": "/field-management/api/projects/671089868/issues/c7cc64f5-dfb3-470f-ba5f-f2dd9f6bcdaf/conversations"
                    }
                },
                "_embedded": {
                    "conversations": [
                        {
                            "participant": {
                                "id": "671093575",
                                "name": "United Nations High Commissioner for Refugees",
                                "trading_name": "United Nations High Commissioner for Refugees"
                            },
                            "issueId": "c7cc64f5-dfb3-470f-ba5f-f2dd9f6bcdaf",
                            "comments": [],
                            "active": true,
                            "count": 0,
                            "_links": {
                                "add": {
                                    "href": "/field-management/api/projects/671089868/issues/c7cc64f5-dfb3-470f-ba5f-f2dd9f6bcdaf/participants/671093575/comments",
                                    "templated": false
                                },
                                "self": {
                                    "href": "/field-management/api/projects/671089868/issues/c7cc64f5-dfb3-470f-ba5f-f2dd9f6bcdaf/participants/671093575/conversations",
                                    "templated": false
                                }
                            }
                        },
                        {
                            "participant": {
                                "id": "671094793",
                                "name": "Global Humanitarian Solutions",
                                "trading_name": "Global Humanitarian Solutions"
                            },
                            "issueId": "c7cc64f5-dfb3-470f-ba5f-f2dd9f6bcdaf",
                            "comments": [],
                            "active": true,
                            "count": 0,
                            "_links": {
                                "add": {
                                    "href": "/field-management/api/projects/671089868/issues/c7cc64f5-dfb3-470f-ba5f-f2dd9f6bcdaf/participants/671094793/comments",
                                    "templated": false
                                },
                                "self": {
                                    "href": "/field-management/api/projects/671089868/issues/c7cc64f5-dfb3-470f-ba5f-f2dd9f6bcdaf/participants/671094793/conversations",
                                    "templated": false
                                }
                            }
                        }
                    ]
                }
            }
        },
        {
            "description": "% of cases lower than initially targeted or planned (than in other locations)",
            "status": "Open",
            "attachments": [],
            "area": {
                "id": "214483932253539884",
                "name": "User Validation T01",
                "path": [
                    {
                        "id": "214483932253539884",
                        "name": "User Validation T01"
                    }
                ]
            },
            "project": {
                "id": "671089868",
                "name": "Jordan UVT",
                "permissions": {},
                "module_permissions": {
                    "daily_reports_enabled": true,
                    "punchlists_enabled": true
                },
                "short_name": "Jordan UVT"
            },
            "shared": false,
            "issue_id": "e5e7a7f1-3280-4f09-b431-64ddb641f4d8",
            "issue_number": "3",
            "location_detail": "Settlement X, sub-zone Y",
            "area_sort_string": "",
            "issue_type": {
                "id": "214483932253522488",
                "name": "Implementation Monitoring",
                "custom_fields": []
            },
            "assigned_to": {
                "organization": {
                    "id": "671094793",
                    "name": "Global Humanitarian Solutions",
                    "trading_name": "Global Humanitarian Solutions"
                }
            },
            "assigned_by": {
                "organization": {
                    "id": "671093575",
                    "name": "United Nations High Commissioner for Refugees",
                    "trading_name": "United Nations High Commissioner for Refugees"
                }
            },
            "assigned_at": "2023-08-24T09:03:07.531Z",
            "due_date": "2023-08-31T00:00:01.000Z",
            "custom_fields": [
                {
                    "id": "214483932253624394",
                    "value": "",
                    "family_id": "214483932253614719"
                },
                {
                    "id": "214483932253632340",
                    "value": "Recommendation",
                    "family_id": "214483932253621840"
                },
                {
                    "id": "214483932253632342",
                    "value": "Onsite",
                    "family_id": "214483932253614705"
                },
                {
                    "id": "214483932253624105",
                    "value": "ARABIAN MEDICAL RELIEF SOCIETY",
                    "family_id": "214483932253614485"
                },
                {
                    "id": "214483932253624376",
                    "value": "Child Protection",
                    "family_id": "214483932253614704"
                },
                {
                    "id": "214483932253632341",
                    "value": "Protection & solutions",
                    "family_id": "214483932253614703"
                },
                {
                    "id": "214483932253624379",
                    "value": "To follow-up and respond to UNHCR as to why this low % of cases is happening?",
                    "family_id": "214483932253614707"
                },
                {
                    "id": "214483932253632343",
                    "value": "No",
                    "family_id": "214483932253621841"
                },
                {
                    "id": "214483932253632344",
                    "value": "",
                    "family_id": "214483932253621842"
                },
                {
                    "id": "214483932253630155",
                    "value": "High",
                    "family_id": "214483932253614700"
                },
                {
                    "id": "214483932253624124",
                    "value": "32063Y23P157083",
                    "family_id": "214483932253614504"
                }
            ],
            "meta_data": {
                "created_by": {
                    "id": "671136049",
                    "organization": {
                        "id": "671093575",
                        "name": "United Nations High Commissioner for Refugees",
                        "trading_name": "United Nations High Commissioner for Refugees"
                    },
                    "first_name": "Clare",
                    "last_name": "Askew",
                    "position": "Programme Support"
                },
                "updated_by": {
                    "id": "671136049",
                    "organization": {
                        "id": "671093575",
                        "name": "United Nations High Commissioner for Refugees",
                        "trading_name": "United Nations High Commissioner for Refugees"
                    },
                    "first_name": "Clare",
                    "last_name": "Askew",
                    "position": "Programme Support"
                },
                "created_at": "2023-08-24T09:03:07.531Z",
                "updated_at": "2023-08-24T09:03:07.531Z"
            },
            "closed_by": null,
            "closed_at": null,
            "event_aggregation_id": null,
            "issue_source": null,
            "issue_listings": null,
            "attachment": null,
            "conversations": {
                "_links": {
                    "self": {
                        "href": "/field-management/api/projects/671089868/issues/e5e7a7f1-3280-4f09-b431-64ddb641f4d8/conversations"
                    }
                },
                "_embedded": {
                    "conversations": [
                        {
                            "participant": {
                                "id": "671094793",
                                "name": "Global Humanitarian Solutions",
                                "trading_name": "Global Humanitarian Solutions"
                            },
                            "issueId": "e5e7a7f1-3280-4f09-b431-64ddb641f4d8",
                            "comments": [],
                            "active": true,
                            "count": 0,
                            "_links": {
                                "add": {
                                    "href": "/field-management/api/projects/671089868/issues/e5e7a7f1-3280-4f09-b431-64ddb641f4d8/participants/671094793/comments",
                                    "templated": false
                                },
                                "self": {
                                    "href": "/field-management/api/projects/671089868/issues/e5e7a7f1-3280-4f09-b431-64ddb641f4d8/participants/671094793/conversations",
                                    "templated": false
                                }
                            }
                        },
                        {
                            "participant": {
                                "id": "671093575",
                                "name": "United Nations High Commissioner for Refugees",
                                "trading_name": "United Nations High Commissioner for Refugees"
                            },
                            "issueId": "e5e7a7f1-3280-4f09-b431-64ddb641f4d8",
                            "comments": [],
                            "active": true,
                            "count": 0,
                            "_links": {
                                "add": {
                                    "href": "/field-management/api/projects/671089868/issues/e5e7a7f1-3280-4f09-b431-64ddb641f4d8/participants/671093575/comments",
                                    "templated": false
                                },
                                "self": {
                                    "href": "/field-management/api/projects/671089868/issues/e5e7a7f1-3280-4f09-b431-64ddb641f4d8/participants/671093575/conversations",
                                    "templated": false
                                }
                            }
                        }
                    ]
                }
            }
        },
        {
            "description": "wewewe",
            "status": "Open",
            "attachments": [],
            "area": {
                "id": "214483932253539884",
                "name": "User Validation T01",
                "path": [
                    {
                        "id": "214483932253539884",
                        "name": "User Validation T01"
                    }
                ]
            },
            "project": {
                "id": "671089868",
                "name": "Jordan UVT",
                "permissions": {},
                "module_permissions": {
                    "daily_reports_enabled": true,
                    "punchlists_enabled": true
                },
                "short_name": "Jordan UVT"
            },
            "shared": false,
            "issue_id": "9ac13137-6831-4cc5-a90b-53a07c76c1a2",
            "issue_number": "2",
            "location_detail": "wewe",
            "area_sort_string": "",
            "issue_type": {
                "id": "214483932253522488",
                "name": "Implementation Monitoring",
                "custom_fields": []
            },
            "assigned_to": {
                "organization": {
                    "id": "671094793",
                    "name": "Global Humanitarian Solutions",
                    "trading_name": "Global Humanitarian Solutions"
                }
            },
            "assigned_by": {
                "organization": {
                    "id": "671093575",
                    "name": "United Nations High Commissioner for Refugees",
                    "trading_name": "United Nations High Commissioner for Refugees"
                }
            },
            "assigned_at": "2023-08-24T08:09:01.778Z",
            "due_date": "2023-08-31T00:00:01.000Z",
            "custom_fields": [
                {
                    "id": "214483932253632341",
                    "value": "Protection & solutions",
                    "family_id": "214483932253614703"
                },
                {
                    "id": "214483932253624379",
                    "value": "wewewe",
                    "family_id": "214483932253614707"
                },
                {
                    "id": "214483932253632344",
                    "value": "",
                    "family_id": "214483932253621842"
                },
                {
                    "id": "214483932253624124",
                    "value": "32063Y23P500032",
                    "family_id": "214483932253614504"
                },
                {
                    "id": "214483932253624376",
                    "value": "",
                    "family_id": "214483932253614704"
                },
                {
                    "id": "214483932253630155",
                    "value": "Low",
                    "family_id": "214483932253614700"
                },
                {
                    "id": "214483932253632343",
                    "value": "Yes",
                    "family_id": "214483932253621841"
                },
                {
                    "id": "214483932253624105",
                    "value": "Global Humanitarian Solution - JOR",
                    "family_id": "214483932253614485"
                },
                {
                    "id": "214483932253624394",
                    "value": "",
                    "family_id": "214483932253614719"
                },
                {
                    "id": "214483932253632340",
                    "value": "Recommendation",
                    "family_id": "214483932253621840"
                },
                {
                    "id": "214483932253632342",
                    "value": "Onsite",
                    "family_id": "214483932253614705"
                }
            ],
            "meta_data": {
                "created_by": {
                    "id": "671136049",
                    "organization": {
                        "id": "671093575",
                        "name": "United Nations High Commissioner for Refugees",
                        "trading_name": "United Nations High Commissioner for Refugees"
                    },
                    "first_name": "Clare",
                    "last_name": "Askew",
                    "position": "Programme Support"
                },
                "updated_by": {
                    "id": "671136049",
                    "organization": {
                        "id": "671093575",
                        "name": "United Nations High Commissioner for Refugees",
                        "trading_name": "United Nations High Commissioner for Refugees"
                    },
                    "first_name": "Clare",
                    "last_name": "Askew",
                    "position": "Programme Support"
                },
                "created_at": "2023-08-24T08:09:01.778Z",
                "updated_at": "2023-08-24T08:09:01.778Z"
            },
            "closed_by": null,
            "closed_at": null,
            "event_aggregation_id": null,
            "issue_source": null,
            "issue_listings": null,
            "attachment": null,
            "conversations": {
                "_links": {
                    "self": {
                        "href": "/field-management/api/projects/671089868/issues/9ac13137-6831-4cc5-a90b-53a07c76c1a2/conversations"
                    }
                },
                "_embedded": {
                    "conversations": [
                        {
                            "participant": {
                                "id": "671093575",
                                "name": "United Nations High Commissioner for Refugees",
                                "trading_name": "United Nations High Commissioner for Refugees"
                            },
                            "issueId": "9ac13137-6831-4cc5-a90b-53a07c76c1a2",
                            "comments": [],
                            "active": true,
                            "count": 0,
                            "_links": {
                                "add": {
                                    "href": "/field-management/api/projects/671089868/issues/9ac13137-6831-4cc5-a90b-53a07c76c1a2/participants/671093575/comments",
                                    "templated": false
                                },
                                "self": {
                                    "href": "/field-management/api/projects/671089868/issues/9ac13137-6831-4cc5-a90b-53a07c76c1a2/participants/671093575/conversations",
                                    "templated": false
                                }
                            }
                        },
                        {
                            "participant": {
                                "id": "671094793",
                                "name": "Global Humanitarian Solutions",
                                "trading_name": "Global Humanitarian Solutions"
                            },
                            "issueId": "9ac13137-6831-4cc5-a90b-53a07c76c1a2",
                            "comments": [],
                            "active": true,
                            "count": 0,
                            "_links": {
                                "add": {
                                    "href": "/field-management/api/projects/671089868/issues/9ac13137-6831-4cc5-a90b-53a07c76c1a2/participants/671094793/comments",
                                    "templated": false
                                },
                                "self": {
                                    "href": "/field-management/api/projects/671089868/issues/9ac13137-6831-4cc5-a90b-53a07c76c1a2/participants/671094793/conversations",
                                    "templated": false
                                }
                            }
                        }
                    ]
                }
            }
        },
        {
            "description": "test description",
            "status": "Open",
            "attachments": [
                {
                    "url": "/field-management/api/projects/671089868/areas/214483932253539884/issues/363b9075-b5b7-4d5a-8612-1af579c9a004/attachments/214483932253543177",
                    "id": "214483932253543177",
                    "captured_by": {
                        "id": "671131173",
                        "organization": {
                            "id": "671093575",
                            "name": "United Nations High Commissioner for Refugees",
                            "trading_name": "United Nations High Commissioner for Refugees"
                        },
                        "first_name": "Valeria",
                        "last_name": "Grassi",
                        "position": "Senior ICT Officer"
                    },
                    "captured_at": "2023-06-06T08:21:14.205Z",
                    "updated_by": {
                        "id": "671131173",
                        "organization": {
                            "id": "671093575",
                            "name": "United Nations High Commissioner for Refugees",
                            "trading_name": "United Nations High Commissioner for Refugees"
                        },
                        "first_name": "Valeria",
                        "last_name": "Grassi",
                        "position": "Senior ICT Officer"
                    },
                    "updated_at": "2023-06-06T08:21:14.205Z",
                    "issue_status": "Open",
                    "name": "pic to upload.JPG",
                    "type": "image/jpeg",
                    "comment": null,
                    "size": 45762,
                    "av_qualification_status": false,
                    "_links": [
                        {
                            "href": "https://babylon-api:60800/field-filestore/projects/671089868/files/ebae94e3-fb6b-46a4-b87f-5ac0c3097a67?expiry=1699955457&signature=d0bd6f41ac29b4b6e87026bfb3375f9a7ece2996ed8bdd72aae6f7ade1bad7be&user=671164054",
                            "rel": "preSigned_fileUrl",
                            "method": "GET"
                        }
                    ]
                }
            ],
            "area": {
                "id": "214483932253539884",
                "name": "User Validation T01",
                "path": [
                    {
                        "id": "214483932253539884",
                        "name": "User Validation T01"
                    }
                ]
            },
            "project": {
                "id": "671089868",
                "name": "Jordan UVT",
                "permissions": {},
                "module_permissions": {
                    "daily_reports_enabled": true,
                    "punchlists_enabled": true
                },
                "short_name": "Jordan UVT"
            },
            "shared": false,
            "issue_id": "363b9075-b5b7-4d5a-8612-1af579c9a004",
            "issue_number": "1",
            "location_detail": "h",
            "area_sort_string": "",
            "issue_type": {
                "id": "214483932253522488",
                "name": "Implementation Monitoring",
                "custom_fields": []
            },
            "assigned_to": {
                "organization": {
                    "id": "671093575",
                    "name": "United Nations High Commissioner for Refugees",
                    "trading_name": "United Nations High Commissioner for Refugees"
                },
                "user": {
                    "id": "671154210",
                    "organization": {
                        "id": "671093575",
                        "name": "United Nations High Commissioner for Refugees",
                        "trading_name": "United Nations High Commissioner for Refugees"
                    },
                    "first_name": "Izabella",
                    "last_name": "Boka",
                    "position": "Senior Programme Assistant "
                }
            },
            "assigned_by": {
                "organization": {
                    "id": "671093575",
                    "name": "United Nations High Commissioner for Refugees",
                    "trading_name": "United Nations High Commissioner for Refugees"
                }
            },
            "assigned_at": "2023-06-06T08:21:13.833Z",
            "due_date": null,
            "custom_fields": [
                {
                    "id": "214483932253624376",
                    "value": null,
                    "family_id": "214483932253614704"
                },
                {
                    "id": "214483932253624124",
                    "value": "Agreement Number Values",
                    "family_id": "214483932253614504"
                },
                {
                    "id": "214483932253624379",
                    "value": "fix this issue template",
                    "family_id": "214483932253614707"
                },
                {
                    "id": "214483932253624375",
                    "value": "Procurement",
                    "family_id": "214483932253614703"
                },
                {
                    "id": "214483932253624372",
                    "value": "High",
                    "family_id": "214483932253614700"
                },
                {
                    "id": "214483932253624377",
                    "value": "Audit recommendation",
                    "family_id": "214483932253614705"
                },
                {
                    "id": "214483932253624378",
                    "value": null,
                    "family_id": "214483932253614706"
                }
            ],
            "meta_data": {
                "created_by": {
                    "id": "671131173",
                    "organization": {
                        "id": "671093575",
                        "name": "United Nations High Commissioner for Refugees",
                        "trading_name": "United Nations High Commissioner for Refugees"
                    },
                    "first_name": "Valeria",
                    "last_name": "Grassi",
                    "position": "Senior ICT Officer"
                },
                "updated_by": {
                    "id": "671131173",
                    "organization": {
                        "id": "671093575",
                        "name": "United Nations High Commissioner for Refugees",
                        "trading_name": "United Nations High Commissioner for Refugees"
                    },
                    "first_name": "Valeria",
                    "last_name": "Grassi",
                    "position": "Senior ICT Officer"
                },
                "created_at": "2023-06-06T08:21:13.833Z",
                "updated_at": "2023-06-06T08:21:13.833Z"
            },
            "closed_by": null,
            "closed_at": null,
            "event_aggregation_id": null,
            "issue_source": null,
            "issue_listings": null,
            "attachment": {
                "url": "/field-management/api/projects/671089868/areas/214483932253539884/issues/363b9075-b5b7-4d5a-8612-1af579c9a004/attachments/214483932253543177",
                "id": "214483932253543177",
                "captured_by": {
                    "id": "671131173",
                    "organization": {
                        "id": "671093575",
                        "name": "United Nations High Commissioner for Refugees",
                        "trading_name": "United Nations High Commissioner for Refugees"
                    },
                    "first_name": "Valeria",
                    "last_name": "Grassi",
                    "position": "Senior ICT Officer"
                },
                "captured_at": "2023-06-06T08:21:14.205Z",
                "updated_by": {
                    "id": "671131173",
                    "organization": {
                        "id": "671093575",
                        "name": "United Nations High Commissioner for Refugees",
                        "trading_name": "United Nations High Commissioner for Refugees"
                    },
                    "first_name": "Valeria",
                    "last_name": "Grassi",
                    "position": "Senior ICT Officer"
                },
                "updated_at": "2023-06-06T08:21:14.205Z",
                "issue_status": "Open",
                "name": "pic to upload.JPG",
                "type": "image/jpeg",
                "comment": null,
                "size": 45762,
                "av_qualification_status": false,
                "_links": [
                    {
                        "href": "https://babylon-api:60800/field-filestore/projects/671089868/files/ebae94e3-fb6b-46a4-b87f-5ac0c3097a67?expiry=1699955457&signature=d0bd6f41ac29b4b6e87026bfb3375f9a7ece2996ed8bdd72aae6f7ade1bad7be&user=671164054",
                        "rel": "preSigned_fileUrl",
                        "method": "GET"
                    }
                ]
            },
            "conversations": {
                "_links": {
                    "self": {
                        "href": "/field-management/api/projects/671089868/issues/363b9075-b5b7-4d5a-8612-1af579c9a004/conversations"
                    }
                },
                "_embedded": {
                    "conversations": [
                        {
                            "participant": {
                                "id": "671093575",
                                "name": "United Nations High Commissioner for Refugees",
                                "trading_name": "United Nations High Commissioner for Refugees"
                            },
                            "issueId": "363b9075-b5b7-4d5a-8612-1af579c9a004",
                            "comments": [],
                            "active": true,
                            "count": 0,
                            "_links": {
                                "add": {
                                    "href": "/field-management/api/projects/671089868/issues/363b9075-b5b7-4d5a-8612-1af579c9a004/participants/671093575/comments",
                                    "templated": false
                                },
                                "self": {
                                    "href": "/field-management/api/projects/671089868/issues/363b9075-b5b7-4d5a-8612-1af579c9a004/participants/671093575/conversations",
                                    "templated": false
                                }
                            }
                        }
                    ]
                }
            }
        }
    ],
    "next": "",
    "previous": "",
    "results_on_page": 4,
    "page_size": 100,
    "page_number": 1,
    "total_results": 4,
    "total_pages": 1
}