<?xml version="1.0" encoding="UTF-8" standalone="yes"?>
<WorkflowSearch TotalResultsOnPage="25" TotalResults="185" TotalPages="8" PageSize="25"
    CurrentPage="1">
    <SearchResults>
        <Workflow WorkflowId="214483932256141380">
            <Assignees>
                <Assignee>
                    <OrganizationId>671093575</OrganizationId>
                    <OrganizationName>United Nations High Commissioner for Refugees</OrganizationName>
                    <Name>Ms Katharina Thote</Name>
                    <UserId>671153463</UserId>
                </Assignee>
            </Assignees>
            <Comments></Comments>
            <DateCompleted></DateCompleted>
            <DateDue>2023-06-13T07:37:42.297Z</DateDue>
            <DateIn>2023-06-07T07:37:42.330Z</DateIn>
            <DaysLate>105</DaysLate>
            <DocumentNumber>JOR-ANV-SMM-0009</DocumentNumber>
            <DocumentRevision>A</DocumentRevision>
            <DocumentTitle>Katharina Minutes UVT</DocumentTitle>
            <DocumentTrackingId>214483932258437020</DocumentTrackingId>
            <DocumentVersion>2</DocumentVersion>
            <Duration>4.0</Duration>
            <FileName>Specialized Project Activities Appendix_EN_June 2023.docx</FileName>
            <FileSize>126415</FileSize>
            <Initiator>
                <OrganizationId>671093575</OrganizationId>
                <OrganizationName>United Nations High Commissioner for Refugees</OrganizationName>
                <Name>Ms Katharina Thote</Name>
                <UserId>671153463</UserId>
            </Initiator>
            <OriginalDueDate>2023-06-13T07:37:42.297Z</OriginalDueDate>
            <ReasonForIssue>Issued for Review</ReasonForIssue>
            <StepName>Contractor Review / Sign</StepName>
            <StepOutcome>Pending</StepOutcome>
            <StepStatus>Overdue</StepStatus>
            <WorkflowName>Site Meeting Minutes Review</WorkflowName>
            <WorkflowNumber>WF-000006</WorkflowNumber>
            <WorkflowStatus>In Progress</WorkflowStatus>
            <WorkflowTemplate>Site Meeting Minutes Review</WorkflowTemplate>
        </Workflow>
        <Workflow WorkflowId="214483932256141314">
            <Assignees>
                <Assignee>
                    <OrganizationId>671093575</OrganizationId>
                    <OrganizationName>United Nations High Commissioner for Refugees</OrganizationName>
                    <Name> Robert Genninges</Name>
                    <UserId>671133941</UserId>
                </Assignee>
            </Assignees>
            <Comments></Comments>
            <DateCompleted></DateCompleted>
            <DateDue>2023-06-14T07:19:56.680Z</DateDue>
            <DateIn>2023-06-07T07:19:56.737Z</DateIn>
            <DaysLate>104</DaysLate>
            <DocumentNumber>JOR-ANV-SMM-0001</DocumentNumber>
            <DocumentRevision>A</DocumentRevision>
            <DocumentTitle>Rob G - SMM UVT Test</DocumentTitle>
            <DocumentTrackingId>214483932258436971</DocumentTrackingId>
            <DocumentVersion>2</DocumentVersion>
            <Duration>5.0</Duration>
            <FileName>Aconex Compass Statuses 2023.06.01.xlsx</FileName>
            <FileSize>14706</FileSize>
            <Initiator>
                <OrganizationId>671093575</OrganizationId>
                <OrganizationName>United Nations High Commissioner for Refugees</OrganizationName>
                <Name> Robert Genninges</Name>
                <UserId>671133941</UserId>
            </Initiator>
            <OriginalDueDate>2023-06-14T07:19:56.680Z</OriginalDueDate>
            <ReasonForIssue>Issued for Review</ReasonForIssue>
            <StepName>Contractor Review / Sign</StepName>
            <StepOutcome>Pending</StepOutcome>
            <StepStatus>Overdue</StepStatus>
            <WorkflowName>Site Meeting Minutes Review</WorkflowName>
            <WorkflowNumber>WF-000001</WorkflowNumber>
            <WorkflowStatus>In Progress</WorkflowStatus>
            <WorkflowTemplate>Site Meeting Minutes Review</WorkflowTemplate>
        </Workflow>
        <Workflow WorkflowId="214483932256141374">
            <Assignees>
                <Assignee>
                    <OrganizationId>671094793</OrganizationId>
                    <OrganizationName>Global Humanitarian Solutions</OrganizationName>
                    <Name>Ms Phoebe GHS</Name>
                    <UserId>671155880</UserId>
                </Assignee>
            </Assignees>
            <Comments></Comments>
            <DateCompleted></DateCompleted>
            <DateDue>2023-06-14T07:35:43.927Z</DateDue>
            <DateIn>2023-06-07T07:35:43.997Z</DateIn>
            <DaysLate>104</DaysLate>
            <DocumentNumber>JOR-ANV-SMM-0004</DocumentNumber>
            <DocumentRevision>0</DocumentRevision>
            <DocumentTitle>Viola C Site meeting minutes UVT</DocumentTitle>
            <DocumentTrackingId>214483932258436974</DocumentTrackingId>
            <DocumentVersion>2</DocumentVersion>
            <Duration>5.0</Duration>
            <FileName>AFA2022-213010001-PFR-0001[0].xlsx</FileName>
            <FileSize>55296</FileSize>
            <Initiator>
                <OrganizationId>671093575</OrganizationId>
                <OrganizationName>United Nations High Commissioner for Refugees</OrganizationName>
                <Name> Viola Caracciolo</Name>
                <UserId>671135778</UserId>
            </Initiator>
            <OriginalDueDate>2023-06-14T07:35:43.927Z</OriginalDueDate>
            <ReasonForIssue>Issued for Review</ReasonForIssue>
            <StepName>Contractor Review / Sign</StepName>
            <StepOutcome>Pending</StepOutcome>
            <StepStatus>Overdue</StepStatus>
            <WorkflowName>Site Meeting Minutes Review</WorkflowName>
            <WorkflowNumber>WF-000002</WorkflowNumber>
            <WorkflowStatus>In Progress</WorkflowStatus>
            <WorkflowTemplate>Site Meeting Minutes Review</WorkflowTemplate>
        </Workflow>
        <Workflow WorkflowId="214483932256141376">
            <Assignees>
                <Assignee>
                    <OrganizationId>671093575</OrganizationId>
                    <OrganizationName>United Nations High Commissioner for Refugees</OrganizationName>
                    <Name> Robert Genninges</Name>
                    <UserId>671133941</UserId>
                </Assignee>
            </Assignees>
            <Comments></Comments>
            <DateCompleted></DateCompleted>
            <DateDue>2023-06-14T07:36:04.700Z</DateDue>
            <DateIn>2023-06-07T07:36:04.717Z</DateIn>
            <DaysLate>104</DaysLate>
            <DocumentNumber>JOR-ANV-DDR-0004</DocumentNumber>
            <DocumentRevision>A</DocumentRevision>
            <DocumentTitle>Attila Vondorkovics Drawing UVT</DocumentTitle>
            <DocumentTrackingId>214483932258437023</DocumentTrackingId>
            <DocumentVersion>2</DocumentVersion>
            <Duration>5.0</Duration>
            <FileName>RWA01-190-Management_Letter-1223020-Caritas_Rwanda.xlsx</FileName>
            <FileSize>66634</FileSize>
            <Initiator>
                <OrganizationId>671093575</OrganizationId>
                <OrganizationName>United Nations High Commissioner for Refugees</OrganizationName>
                <Name>Mr Attila Vondorkovics</Name>
                <UserId>671153443</UserId>
            </Initiator>
            <OriginalDueDate>2023-06-14T07:36:04.700Z</OriginalDueDate>
            <ReasonForIssue>Issued for Review</ReasonForIssue>
            <StepName>UNHCR Engineer Review</StepName>
            <StepOutcome>Pending</StepOutcome>
            <StepStatus>Overdue</StepStatus>
            <WorkflowName>Detail Drawing Submittal (without UNHCR Engineer)</WorkflowName>
            <WorkflowNumber>WF-000003</WorkflowNumber>
            <WorkflowStatus>In Progress</WorkflowStatus>
            <WorkflowTemplate>Detail Drawing Submittal (without UNHCR Engineer)</WorkflowTemplate>
        </Workflow>
        <Workflow WorkflowId="214483932256141377">
            <Assignees>
                <Assignee>
                    <OrganizationId>671093575</OrganizationId>
                    <OrganizationName>United Nations High Commissioner for Refugees</OrganizationName>
                    <Name> Robert Genninges</Name>
                    <UserId>671133941</UserId>
                </Assignee>
            </Assignees>
            <Comments></Comments>
            <DateCompleted></DateCompleted>
            <DateDue>2023-06-14T07:37:07.280Z</DateDue>
            <DateIn>2023-06-07T07:37:07.300Z</DateIn>
            <DaysLate>104</DaysLate>
            <DocumentNumber>JOR-ANV-DDR-0007</DocumentNumber>
            <DocumentRevision>A</DocumentRevision>
            <DocumentTitle>Adel Detail Drawing UVT</DocumentTitle>
            <DocumentTrackingId>214483932258437058</DocumentTrackingId>
            <DocumentVersion>2</DocumentVersion>
            <Duration>5.0</Duration>
            <FileName>GBV Safety Audit Checklist.pdf</FileName>
            <FileSize>120386</FileSize>
            <Initiator>
                <OrganizationId>671093575</OrganizationId>
                <OrganizationName>United Nations High Commissioner for Refugees</OrganizationName>
                <Name> Adel Kasenova</Name>
                <UserId>671154209</UserId>
            </Initiator>
            <OriginalDueDate>2023-06-14T07:37:07.280Z</OriginalDueDate>
            <ReasonForIssue>Issued for Review</ReasonForIssue>
            <StepName>UNHCR Engineer Review</StepName>
            <StepOutcome>Pending</StepOutcome>
            <StepStatus>Overdue</StepStatus>
            <WorkflowName>Detail Drawing Submittal (without UNHCR Engineer)</WorkflowName>
            <WorkflowNumber>WF-000004</WorkflowNumber>
            <WorkflowStatus>In Progress</WorkflowStatus>
            <WorkflowTemplate>Detail Drawing Submittal (without UNHCR Engineer)</WorkflowTemplate>
        </Workflow>
        <Workflow WorkflowId="214483932256141608">
            <Assignees>
                <Assignee>
                    <OrganizationId>671093575</OrganizationId>
                    <OrganizationName>United Nations High Commissioner for Refugees</OrganizationName>
                    <Name> Robert Genninges</Name>
                    <UserId>671133941</UserId>
                </Assignee>
            </Assignees>
            <Comments></Comments>
            <DateCompleted></DateCompleted>
            <DateDue>2023-06-14T08:07:27.117Z</DateDue>
            <DateIn>2023-06-07T08:07:27.173Z</DateIn>
            <DaysLate>104</DaysLate>
            <DocumentNumber>JOR-ANV-HOC-0001</DocumentNumber>
            <DocumentRevision>A</DocumentRevision>
            <DocumentTitle>Adel Handover Certificate</DocumentTitle>
            <DocumentTrackingId>214483932258437218</DocumentTrackingId>
            <DocumentVersion>2</DocumentVersion>
            <Duration>5.0</Duration>
            <FileName>GBV Safety Audit Checklist.pdf</FileName>
            <FileSize>120386</FileSize>
            <Initiator>
                <OrganizationId>671093575</OrganizationId>
                <OrganizationName>United Nations High Commissioner for Refugees</OrganizationName>
                <Name> Adel Kasenova</Name>
                <UserId>671154209</UserId>
            </Initiator>
            <OriginalDueDate>2023-06-14T08:07:27.117Z</OriginalDueDate>
            <ReasonForIssue>Issued for Review</ReasonForIssue>
            <StepName>Partner / Contractor Sign-off</StepName>
            <StepOutcome>Pending</StepOutcome>
            <StepStatus>Overdue</StepStatus>
            <WorkflowName>Project Handover to End Users</WorkflowName>
            <WorkflowNumber>WF-000008</WorkflowNumber>
            <WorkflowStatus>In Progress</WorkflowStatus>
            <WorkflowTemplate>Project Handover to End Users</WorkflowTemplate>
        </Workflow>
        <Workflow WorkflowId="214483932256141617">
            <Assignees>
                <Assignee>
                    <OrganizationId>671093575</OrganizationId>
                    <OrganizationName>United Nations High Commissioner for Refugees</OrganizationName>
                    <Name> Robert Genninges</Name>
                    <UserId>671133941</UserId>
                </Assignee>
            </Assignees>
            <Comments></Comments>
            <DateCompleted></DateCompleted>
            <DateDue>2023-06-14T08:11:40.643Z</DateDue>
            <DateIn>2023-06-07T08:11:40.673Z</DateIn>
            <DaysLate>104</DaysLate>
            <DocumentNumber>JOR-ANV-DDR-0017</DocumentNumber>
            <DocumentRevision>0</DocumentRevision>
            <DocumentTitle>Viola C</DocumentTitle>
            <DocumentTrackingId>214483932258437234</DocumentTrackingId>
            <DocumentVersion>2</DocumentVersion>
            <Duration>5.0</Duration>
            <FileName>PFR AHDAA-1016.pdf</FileName>
            <FileSize>1168609</FileSize>
            <Initiator>
                <OrganizationId>671093575</OrganizationId>
                <OrganizationName>United Nations High Commissioner for Refugees</OrganizationName>
                <Name> Viola Caracciolo</Name>
                <UserId>671135778</UserId>
            </Initiator>
            <OriginalDueDate>2023-06-14T08:11:40.643Z</OriginalDueDate>
            <ReasonForIssue>Issued for Review</ReasonForIssue>
            <StepName>UNHCR Engineer Review</StepName>
            <StepOutcome>Pending</StepOutcome>
            <StepStatus>Overdue</StepStatus>
            <WorkflowName>Detail Drawing Submittal</WorkflowName>
            <WorkflowNumber>WF-000009</WorkflowNumber>
            <WorkflowStatus>In Progress</WorkflowStatus>
            <WorkflowTemplate>Detail Drawing Submittal</WorkflowTemplate>
        </Workflow>
        <Workflow WorkflowId="214483932256141547">
            <Assignees>
                <Assignee>
                    <OrganizationId>671093575</OrganizationId>
                    <OrganizationName>United Nations High Commissioner for Refugees</OrganizationName>
                    <Name> Robert Genninges</Name>
                    <UserId>671133941</UserId>
                </Assignee>
            </Assignees>
            <Comments></Comments>
            <DateCompleted>2023-08-17T11:48:49.633Z</DateCompleted>
            <DateDue>2023-06-14T07:55:20.960Z</DateDue>
            <DateIn>2023-06-07T07:55:21.020Z</DateIn>
            <DaysLate>46</DaysLate>
            <DocumentNumber>JOR-ANV-SMM-0012</DocumentNumber>
            <DocumentRevision>A</DocumentRevision>
            <DocumentTitle>Carlo B - proms test document UVT</DocumentTitle>
            <DocumentTrackingId>214483932258437056</DocumentTrackingId>
            <DocumentVersion>2</DocumentVersion>
            <Duration>5.0</Duration>
            <FileName>Azure Services for RBM-BI.xlsx</FileName>
            <FileSize>674802</FileSize>
            <Initiator>
                <OrganizationId>671093575</OrganizationId>
                <OrganizationName>United Nations High Commissioner for Refugees</OrganizationName>
                <Name>Mr Carlo Barrientos</Name>
                <UserId>671136284</UserId>
            </Initiator>
            <OriginalDueDate>2023-06-14T07:55:20.960Z</OriginalDueDate>
            <ReasonForIssue>Issued for Review</ReasonForIssue>
            <Reviewer>
                <OrganizationId>671093575</OrganizationId>
                <OrganizationName>United Nations High Commissioner for Refugees</OrganizationName>
                <Name> Robert Genninges</Name>
                <UserId>671133941</UserId>
            </Reviewer>
            <StepName>Contractor Review / Sign</StepName>
            <StepOutcome>Agreed</StepOutcome>
            <StepStatus>Completed</StepStatus>
            <WorkflowName>Site Meeting Minutes Review</WorkflowName>
            <WorkflowNumber>WF-000007</WorkflowNumber>
            <WorkflowStatus>In Progress</WorkflowStatus>
            <WorkflowTemplate>Site Meeting Minutes Review</WorkflowTemplate>
        </Workflow>
        <Workflow WorkflowId="214483932256141381">
            <Assignees>
                <Assignee>
                    <OrganizationId>671093575</OrganizationId>
                    <OrganizationName>United Nations High Commissioner for Refugees</OrganizationName>
                    <Name> Robert Genninges</Name>
                    <UserId>671133941</UserId>
                </Assignee>
            </Assignees>
            <Comments></Comments>
            <DateCompleted></DateCompleted>
            <DateDue>2023-06-20T07:37:42.297Z</DateDue>
            <DateIn></DateIn>
            <DaysLate>0</DaysLate>
            <DocumentNumber>JOR-ANV-SMM-0009</DocumentNumber>
            <DocumentRevision>A</DocumentRevision>
            <DocumentTitle>Katharina Minutes UVT</DocumentTitle>
            <DocumentTrackingId>214483932258437020</DocumentTrackingId>
            <DocumentVersion>2</DocumentVersion>
            <Duration>5.0</Duration>
            <FileName>Specialized Project Activities Appendix_EN_June 2023.docx</FileName>
            <FileSize>126415</FileSize>
            <Initiator>
                <OrganizationId>671093575</OrganizationId>
                <OrganizationName>United Nations High Commissioner for Refugees</OrganizationName>
                <Name>Ms Katharina Thote</Name>
                <UserId>671153463</UserId>
            </Initiator>
            <OriginalDueDate>2023-06-20T07:37:42.297Z</OriginalDueDate>
            <ReasonForIssue>Issued for Review</ReasonForIssue>
            <StepName>UNHCR Review / Sign</StepName>
            <StepOutcome>Pending</StepOutcome>
            <StepStatus>Forecast</StepStatus>
            <WorkflowName>Site Meeting Minutes Review</WorkflowName>
            <WorkflowNumber>WF-000006</WorkflowNumber>
            <WorkflowStatus>In Progress</WorkflowStatus>
            <WorkflowTemplate>Site Meeting Minutes Review</WorkflowTemplate>
        </Workflow>
        <Workflow WorkflowId="214483932256141315">
            <Assignees>
                <Assignee>
                    <OrganizationId>671093575</OrganizationId>
                    <OrganizationName>United Nations High Commissioner for Refugees</OrganizationName>
                    <Name> Robert Genninges</Name>
                    <UserId>671133941</UserId>
                </Assignee>
            </Assignees>
            <Comments></Comments>
            <DateCompleted></DateCompleted>
            <DateDue>2023-06-21T07:19:56.680Z</DateDue>
            <DateIn></DateIn>
            <DaysLate>0</DaysLate>
            <DocumentNumber>JOR-ANV-SMM-0001</DocumentNumber>
            <DocumentRevision>A</DocumentRevision>
            <DocumentTitle>Rob G - SMM UVT Test</DocumentTitle>
            <DocumentTrackingId>214483932258436971</DocumentTrackingId>
            <DocumentVersion>2</DocumentVersion>
            <Duration>5.0</Duration>
            <FileName>Aconex Compass Statuses 2023.06.01.xlsx</FileName>
            <FileSize>14706</FileSize>
            <Initiator>
                <OrganizationId>671093575</OrganizationId>
                <OrganizationName>United Nations High Commissioner for Refugees</OrganizationName>
                <Name> Robert Genninges</Name>
                <UserId>671133941</UserId>
            </Initiator>
            <OriginalDueDate>2023-06-21T07:19:56.680Z</OriginalDueDate>
            <ReasonForIssue>Issued for Review</ReasonForIssue>
            <StepName>UNHCR Review / Sign</StepName>
            <StepOutcome>Pending</StepOutcome>
            <StepStatus>Forecast</StepStatus>
            <WorkflowName>Site Meeting Minutes Review</WorkflowName>
            <WorkflowNumber>WF-000001</WorkflowNumber>
            <WorkflowStatus>In Progress</WorkflowStatus>
            <WorkflowTemplate>Site Meeting Minutes Review</WorkflowTemplate>
        </Workflow>
        <Workflow WorkflowId="214483932256141375">
            <Assignees>
                <Assignee>
                    <OrganizationId>671093575</OrganizationId>
                    <OrganizationName>United Nations High Commissioner for Refugees</OrganizationName>
                    <Name>Ms Phoebe Goodwin</Name>
                    <UserId>671143589</UserId>
                </Assignee>
            </Assignees>
            <Comments></Comments>
            <DateCompleted></DateCompleted>
            <DateDue>2023-06-21T07:35:43.927Z</DateDue>
            <DateIn></DateIn>
            <DaysLate>0</DaysLate>
            <DocumentNumber>JOR-ANV-SMM-0004</DocumentNumber>
            <DocumentRevision>0</DocumentRevision>
            <DocumentTitle>Viola C Site meeting minutes UVT</DocumentTitle>
            <DocumentTrackingId>214483932258436974</DocumentTrackingId>
            <DocumentVersion>2</DocumentVersion>
            <Duration>5.0</Duration>
            <FileName>AFA2022-213010001-PFR-0001[0].xlsx</FileName>
            <FileSize>55296</FileSize>
            <Initiator>
                <OrganizationId>671093575</OrganizationId>
                <OrganizationName>United Nations High Commissioner for Refugees</OrganizationName>
                <Name> Viola Caracciolo</Name>
                <UserId>671135778</UserId>
            </Initiator>
            <OriginalDueDate>2023-06-21T07:35:43.927Z</OriginalDueDate>
            <ReasonForIssue>Issued for Review</ReasonForIssue>
            <StepName>UNHCR Review / Sign</StepName>
            <StepOutcome>Pending</StepOutcome>
            <StepStatus>Forecast</StepStatus>
            <WorkflowName>Site Meeting Minutes Review</WorkflowName>
            <WorkflowNumber>WF-000002</WorkflowNumber>
            <WorkflowStatus>In Progress</WorkflowStatus>
            <WorkflowTemplate>Site Meeting Minutes Review</WorkflowTemplate>
        </Workflow>
        <Workflow WorkflowId="214483932256141609">
            <Assignees>
                <Assignee>
                    <OrganizationId>671093575</OrganizationId>
                    <OrganizationName>United Nations High Commissioner for Refugees</OrganizationName>
                    <Name> Robert Genninges</Name>
                    <UserId>671133941</UserId>
                </Assignee>
            </Assignees>
            <Comments></Comments>
            <DateCompleted></DateCompleted>
            <DateDue>2023-06-21T08:07:27.117Z</DateDue>
            <DateIn></DateIn>
            <DaysLate>0</DaysLate>
            <DocumentNumber>JOR-ANV-HOC-0001</DocumentNumber>
            <DocumentRevision>A</DocumentRevision>
            <DocumentTitle>Adel Handover Certificate</DocumentTitle>
            <DocumentTrackingId>214483932258437218</DocumentTrackingId>
            <DocumentVersion>2</DocumentVersion>
            <Duration>5.0</Duration>
            <FileName>GBV Safety Audit Checklist.pdf</FileName>
            <FileSize>120386</FileSize>
            <Initiator>
                <OrganizationId>671093575</OrganizationId>
                <OrganizationName>United Nations High Commissioner for Refugees</OrganizationName>
                <Name> Adel Kasenova</Name>
                <UserId>671154209</UserId>
            </Initiator>
            <OriginalDueDate>2023-06-21T08:07:27.117Z</OriginalDueDate>
            <ReasonForIssue>Issued for Review</ReasonForIssue>
            <StepName>End User Sign-off</StepName>
            <StepOutcome>Pending</StepOutcome>
            <StepStatus>Forecast</StepStatus>
            <WorkflowName>Project Handover to End Users</WorkflowName>
            <WorkflowNumber>WF-000008</WorkflowNumber>
            <WorkflowStatus>In Progress</WorkflowStatus>
            <WorkflowTemplate>Project Handover to End Users</WorkflowTemplate>
        </Workflow>
        <Workflow WorkflowId="214483932256141618">
            <Assignees>
                <Assignee>
                    <OrganizationId>671093575</OrganizationId>
                    <OrganizationName>United Nations High Commissioner for Refugees</OrganizationName>
                    <Name> Robert Genninges</Name>
                    <UserId>671133941</UserId>
                </Assignee>
            </Assignees>
            <Comments></Comments>
            <DateCompleted></DateCompleted>
            <DateDue>2023-06-21T08:11:40.643Z</DateDue>
            <DateIn></DateIn>
            <DaysLate>0</DaysLate>
            <DocumentNumber>JOR-ANV-DDR-0017</DocumentNumber>
            <DocumentRevision>0</DocumentRevision>
            <DocumentTitle>Viola C</DocumentTitle>
            <DocumentTrackingId>214483932258437234</DocumentTrackingId>
            <DocumentVersion>2</DocumentVersion>
            <Duration>5.0</Duration>
            <FileName>PFR AHDAA-1016.pdf</FileName>
            <FileSize>1168609</FileSize>
            <Initiator>
                <OrganizationId>671093575</OrganizationId>
                <OrganizationName>United Nations High Commissioner for Refugees</OrganizationName>
                <Name> Viola Caracciolo</Name>
                <UserId>671135778</UserId>
            </Initiator>
            <OriginalDueDate>2023-06-21T08:11:40.643Z</OriginalDueDate>
            <ReasonForIssue>Issued for Review</ReasonForIssue>
            <StepName>UNHCR Contract Manager Review</StepName>
            <StepOutcome>Pending</StepOutcome>
            <StepStatus>Forecast</StepStatus>
            <WorkflowName>Detail Drawing Submittal</WorkflowName>
            <WorkflowNumber>WF-000009</WorkflowNumber>
            <WorkflowStatus>In Progress</WorkflowStatus>
            <WorkflowTemplate>Detail Drawing Submittal</WorkflowTemplate>
        </Workflow>
        <Workflow WorkflowId="214483932256184246">
            <Assignees>
                <Assignee>
                    <OrganizationId>671093575</OrganizationId>
                    <OrganizationName>United Nations High Commissioner for Refugees</OrganizationName>
                    <Name>Mr Robert Berenyi</Name>
                    <UserId>671153455</UserId>
                </Assignee>
            </Assignees>
            <Comments>Rob B Test </Comments>
            <DateCompleted>2023-06-19T12:46:26.097Z</DateCompleted>
            <DateDue>2023-06-26T12:43:58.360Z</DateDue>
            <DateIn>2023-06-19T12:44:24.237Z</DateIn>
            <DaysLate>0</DaysLate>
            <DocumentNumber>JOR-ANV-DDR-0006</DocumentNumber>
            <DocumentRevision>A</DocumentRevision>
            <DocumentTitle>Susan</DocumentTitle>
            <DocumentTrackingId>214483932258437026</DocumentTrackingId>
            <DocumentVersion>2</DocumentVersion>
            <Duration>5.0</Duration>
            <FileName>Compass%20Support%20Weekly%20Status.xlsx</FileName>
            <FileSize>182622</FileSize>
            <Initiator>
                <OrganizationId>671093575</OrganizationId>
                <OrganizationName>United Nations High Commissioner for Refugees</OrganizationName>
                <Name> Robert Genninges</Name>
                <UserId>671133941</UserId>
            </Initiator>
            <OriginalDueDate>2023-09-25T12:43:58.420Z</OriginalDueDate>
            <ReasonForIssue>Issued for Review</ReasonForIssue>
            <Reviewer>
                <OrganizationId>671093575</OrganizationId>
                <OrganizationName>United Nations High Commissioner for Refugees</OrganizationName>
                <Name> Robert Genninges</Name>
                <UserId>671133941</UserId>
            </Reviewer>
            <StepName>1st Stage Approval</StepName>
            <StepOutcome>None</StepOutcome>
            <StepStatus>Skipped</StepStatus>
            <WorkflowName>Project Financial Report Submission</WorkflowName>
            <WorkflowNumber>WF-000011</WorkflowNumber>
            <WorkflowStatus>In Progress</WorkflowStatus>
            <WorkflowTemplate>Project Financial Report Submission</WorkflowTemplate>
        </Workflow>
        <Workflow WorkflowId="214483932256184247">
            <Assignees>
                <Assignee>
                    <OrganizationId>671093575</OrganizationId>
                    <OrganizationName>United Nations High Commissioner for Refugees</OrganizationName>
                    <Name> Robert Genninges</Name>
                    <UserId>671133941</UserId>
                </Assignee>
            </Assignees>
            <Comments>Sup File test</Comments>
            <DateCompleted>2023-06-19T12:49:25.807Z</DateCompleted>
            <DateDue>2023-06-26T12:43:58.360Z</DateDue>
            <DateIn>2023-06-19T12:46:26.107Z</DateIn>
            <DaysLate>0</DaysLate>
            <DocumentNumber>JOR-ANV-DDR-0006</DocumentNumber>
            <DocumentRevision>A</DocumentRevision>
            <DocumentTitle>Susan</DocumentTitle>
            <DocumentTrackingId>214483932258437026</DocumentTrackingId>
            <DocumentVersion>2</DocumentVersion>
            <Duration>5.0</Duration>
            <FileName>Compass%20Support%20Weekly%20Status.xlsx</FileName>
            <FileSize>182622</FileSize>
            <Initiator>
                <OrganizationId>671093575</OrganizationId>
                <OrganizationName>United Nations High Commissioner for Refugees</OrganizationName>
                <Name> Robert Genninges</Name>
                <UserId>671133941</UserId>
            </Initiator>
            <OriginalDueDate>2023-10-02T12:43:58.420Z</OriginalDueDate>
            <ReasonForIssue>Issued for Review</ReasonForIssue>
            <Reviewer>
                <OrganizationId>671093575</OrganizationId>
                <OrganizationName>United Nations High Commissioner for Refugees</OrganizationName>
                <Name> Robert Genninges</Name>
                <UserId>671133941</UserId>
            </Reviewer>
            <StepName>2nd Stage Approval</StepName>
            <StepOutcome>None</StepOutcome>
            <StepStatus>Skipped</StepStatus>
            <WorkflowName>Project Financial Report Submission</WorkflowName>
            <WorkflowNumber>WF-000011</WorkflowNumber>
            <WorkflowStatus>In Progress</WorkflowStatus>
            <WorkflowTemplate>Project Financial Report Submission</WorkflowTemplate>
        </Workflow>
        <Workflow WorkflowId="214483932256184248">
            <Assignees>
                <Assignee>
                    <OrganizationId>671093575</OrganizationId>
                    <OrganizationName>United Nations High Commissioner for Refugees</OrganizationName>
                    <Name> Robert Genninges</Name>
                    <UserId>671133941</UserId>
                </Assignee>
            </Assignees>
            <Comments></Comments>
            <DateCompleted></DateCompleted>
            <DateDue>2023-06-26T12:43:58.360Z</DateDue>
            <DateIn>2023-06-19T12:49:25.817Z</DateIn>
            <DaysLate>96</DaysLate>
            <DocumentNumber>JOR-ANV-DDR-0006</DocumentNumber>
            <DocumentRevision>A</DocumentRevision>
            <DocumentTitle>Susan</DocumentTitle>
            <DocumentTrackingId>214483932258437026</DocumentTrackingId>
            <DocumentVersion>2</DocumentVersion>
            <Duration>5.0</Duration>
            <FileName>Compass%20Support%20Weekly%20Status.xlsx</FileName>
            <FileSize>182622</FileSize>
            <Initiator>
                <OrganizationId>671093575</OrganizationId>
                <OrganizationName>United Nations High Commissioner for Refugees</OrganizationName>
                <Name> Robert Genninges</Name>
                <UserId>671133941</UserId>
            </Initiator>
            <OriginalDueDate>2023-10-09T12:43:58.420Z</OriginalDueDate>
            <ReasonForIssue>Issued for Review</ReasonForIssue>
            <StepName>3rd Stage Approval</StepName>
            <StepOutcome>Pending</StepOutcome>
            <StepStatus>Overdue</StepStatus>
            <WorkflowName>Project Financial Report Submission</WorkflowName>
            <WorkflowNumber>WF-000011</WorkflowNumber>
            <WorkflowStatus>In Progress</WorkflowStatus>
            <WorkflowTemplate>Project Financial Report Submission</WorkflowTemplate>
        </Workflow>
        <Workflow WorkflowId="214483932256141378">
            <Assignees>
                <Assignee>
                    <OrganizationId>671094793</OrganizationId>
                    <OrganizationName>Global Humanitarian Solutions</OrganizationName>
                    <Name>Ms Katharina GHS</Name>
                    <UserId>671155885</UserId>
                </Assignee>
            </Assignees>
            <Comments></Comments>
            <DateCompleted></DateCompleted>
            <DateDue>2023-06-28T07:37:20.067Z</DateDue>
            <DateIn>2023-06-07T07:37:20.123Z</DateIn>
            <DaysLate>94</DaysLate>
            <DocumentNumber>JOR-ANV-SMM-0013</DocumentNumber>
            <DocumentRevision>1</DocumentRevision>
            <DocumentTitle>Site Meeting Minutes</DocumentTitle>
            <DocumentTrackingId>214483932258437066</DocumentTrackingId>
            <DocumentVersion>2</DocumentVersion>
            <Duration>15.0</Duration>
            <FileName>Site Meeting Minutes - v1.docx</FileName>
            <FileSize>12042</FileSize>
            <Initiator>
                <OrganizationId>671093575</OrganizationId>
                <OrganizationName>United Nations High Commissioner for Refugees</OrganizationName>
                <Name>Mr Robert Hurt</Name>
                <UserId>671136281</UserId>
            </Initiator>
            <OriginalDueDate>2023-06-28T07:37:20.067Z</OriginalDueDate>
            <ReasonForIssue>Issued for Approval</ReasonForIssue>
            <StepName>Contractor Review / Sign</StepName>
            <StepOutcome>Pending</StepOutcome>
            <StepStatus>Overdue</StepStatus>
            <WorkflowName>Site Meeting Minutes Review</WorkflowName>
            <WorkflowNumber>WF-000005</WorkflowNumber>
            <WorkflowStatus>In Progress</WorkflowStatus>
            <WorkflowTemplate>Site Meeting Minutes Review</WorkflowTemplate>
        </Workflow>
        <Workflow WorkflowId="214483932256141379">
            <Assignees>
                <Assignee>
                    <OrganizationId>671093575</OrganizationId>
                    <OrganizationName>United Nations High Commissioner for Refugees</OrganizationName>
                    <Name>Mr Robert Hurt</Name>
                    <UserId>671136281</UserId>
                </Assignee>
            </Assignees>
            <Comments></Comments>
            <DateCompleted></DateCompleted>
            <DateDue>2023-07-05T07:37:20.067Z</DateDue>
            <DateIn></DateIn>
            <DaysLate>0</DaysLate>
            <DocumentNumber>JOR-ANV-SMM-0013</DocumentNumber>
            <DocumentRevision>1</DocumentRevision>
            <DocumentTitle>Site Meeting Minutes</DocumentTitle>
            <DocumentTrackingId>214483932258437066</DocumentTrackingId>
            <DocumentVersion>2</DocumentVersion>
            <Duration>5.0</Duration>
            <FileName>Site Meeting Minutes - v1.docx</FileName>
            <FileSize>12042</FileSize>
            <Initiator>
                <OrganizationId>671093575</OrganizationId>
                <OrganizationName>United Nations High Commissioner for Refugees</OrganizationName>
                <Name>Mr Robert Hurt</Name>
                <UserId>671136281</UserId>
            </Initiator>
            <OriginalDueDate>2023-07-05T07:37:20.067Z</OriginalDueDate>
            <ReasonForIssue>Issued for Approval</ReasonForIssue>
            <StepName>UNHCR Review / Sign</StepName>
            <StepOutcome>Pending</StepOutcome>
            <StepStatus>Forecast</StepStatus>
            <WorkflowName>Site Meeting Minutes Review</WorkflowName>
            <WorkflowNumber>WF-000005</WorkflowNumber>
            <WorkflowStatus>In Progress</WorkflowStatus>
            <WorkflowTemplate>Site Meeting Minutes Review</WorkflowTemplate>
        </Workflow>
        <Workflow WorkflowId="214483932256183983">
            <Assignees>
                <Assignee>
                    <OrganizationId>671093575</OrganizationId>
                    <OrganizationName>United Nations High Commissioner for Refugees</OrganizationName>
                    <Name> Robert Genninges</Name>
                    <UserId>671133941</UserId>
                </Assignee>
            </Assignees>
            <Comments></Comments>
            <DateCompleted></DateCompleted>
            <DateDue>2023-07-10T12:03:10.057Z</DateDue>
            <DateIn>2023-06-19T12:03:10.087Z</DateIn>
            <DaysLate>86</DaysLate>
            <DocumentNumber>JOR-ANV-DDR-0008</DocumentNumber>
            <DocumentRevision>A</DocumentRevision>
            <DocumentTitle>Izabella Boka - Drawing UVT - Test</DocumentTitle>
            <DocumentTrackingId>214483932258437059</DocumentTrackingId>
            <DocumentVersion>2</DocumentVersion>
            <Duration>15.0</Duration>
            <FileName>IMAS intranet assets 2023.xlsx</FileName>
            <FileSize>44069</FileSize>
            <Initiator>
                <OrganizationId>671093575</OrganizationId>
                <OrganizationName>United Nations High Commissioner for Refugees</OrganizationName>
                <Name> Robert Genninges</Name>
                <UserId>671133941</UserId>
            </Initiator>
            <OriginalDueDate>2023-07-10T12:03:10.057Z</OriginalDueDate>
            <ReasonForIssue>For Negotiation</ReasonForIssue>
            <StepName>Partner Financial Plan Proposal</StepName>
            <StepOutcome>Pending</StepOutcome>
            <StepStatus>Overdue</StepStatus>
            <WorkflowName>Negotiation of Financial Plan</WorkflowName>
            <WorkflowNumber>WF-000010</WorkflowNumber>
            <WorkflowStatus>In Progress</WorkflowStatus>
            <WorkflowTemplate>Negotiation of Financial Plan</WorkflowTemplate>
        </Workflow>
        <Workflow WorkflowId="214483932256183985">
            <Assignees>
                <Assignee>
                    <OrganizationId>671093575</OrganizationId>
                    <OrganizationName>United Nations High Commissioner for Refugees</OrganizationName>
                    <Name> Robert Genninges</Name>
                    <UserId>671133941</UserId>
                </Assignee>
            </Assignees>
            <Comments></Comments>
            <DateCompleted></DateCompleted>
            <DateDue>2023-07-10T12:03:10.167Z</DateDue>
            <DateIn>2023-06-19T12:03:10.197Z</DateIn>
            <DaysLate>86</DaysLate>
            <DocumentNumber>JOR-ANV-DDR-0014</DocumentNumber>
            <DocumentRevision>A</DocumentRevision>
            <DocumentTitle>Carlo - detail drawing UVT</DocumentTitle>
            <DocumentTrackingId>214483932258437225</DocumentTrackingId>
            <DocumentVersion>2</DocumentVersion>
            <Duration>15.0</Duration>
            <FileName>Azure Services for RBM-BI.xlsx</FileName>
            <FileSize>674802</FileSize>
            <Initiator>
                <OrganizationId>671093575</OrganizationId>
                <OrganizationName>United Nations High Commissioner for Refugees</OrganizationName>
                <Name> Robert Genninges</Name>
                <UserId>671133941</UserId>
            </Initiator>
            <OriginalDueDate>2023-07-10T12:03:10.167Z</OriginalDueDate>
            <ReasonForIssue>For Negotiation</ReasonForIssue>
            <StepName>Partner Financial Plan Proposal</StepName>
            <StepOutcome>Pending</StepOutcome>
            <StepStatus>Overdue</StepStatus>
            <WorkflowName>Negotiation of Financial Plan</WorkflowName>
            <WorkflowNumber>WF-000010</WorkflowNumber>
            <WorkflowStatus>In Progress</WorkflowStatus>
            <WorkflowTemplate>Negotiation of Financial Plan</WorkflowTemplate>
        </Workflow>
        <Workflow WorkflowId="214483932256270744">
            <Assignees>
                <Assignee>
                    <OrganizationId>671093575</OrganizationId>
                    <OrganizationName>United Nations High Commissioner for Refugees</OrganizationName>
                    <Name>Mr Muhammad Shahzad</Name>
                    <UserId>671136048</UserId>
                </Assignee>
            </Assignees>
            <Comments></Comments>
            <DateCompleted>2023-07-11T10:29:27.803Z</DateCompleted>
            <DateDue>2023-07-18T10:25:46.343Z</DateDue>
            <DateIn>2023-07-11T10:27:37.513Z</DateIn>
            <DaysLate>0</DaysLate>
            <DocumentNumber>JOR-32061Y23P062017-PFR-0001</DocumentNumber>
            <DocumentRevision>0</DocumentRevision>
            <DocumentTitle>Project Financial Report for-32061Y23P062017</DocumentTitle>
            <DocumentTrackingId>214483932258539810</DocumentTrackingId>
            <DocumentVersion>3</DocumentVersion>
            <Duration>5.0</Duration>
            <FileName>JOR-32061Y23P062017-PFR-0001- MS.xlsx</FileName>
            <FileSize>1495159</FileSize>
            <Initiator>
                <OrganizationId>671093575</OrganizationId>
                <OrganizationName>United Nations High Commissioner for Refugees</OrganizationName>
                <Name>Mr Muhammad Shahzad</Name>
                <UserId>671136048</UserId>
            </Initiator>
            <OriginalDueDate>2023-10-17T10:25:46.410Z</OriginalDueDate>
            <ReasonForIssue>Issued for Review</ReasonForIssue>
            <Reviewer>
                <OrganizationId>671093575</OrganizationId>
                <OrganizationName>United Nations High Commissioner for Refugees</OrganizationName>
                <Name>Mr Muhammad Shahzad</Name>
                <UserId>671136048</UserId>
            </Reviewer>
            <StepName>1st Stage Approval</StepName>
            <StepOutcome>Approved</StepOutcome>
            <StepStatus>Completed</StepStatus>
            <WorkflowName>Project Financial Report Submission</WorkflowName>
            <WorkflowNumber>WF-000022</WorkflowNumber>
            <WorkflowStatus>Completed</WorkflowStatus>
            <WorkflowTemplate>Project Financial Report Submission</WorkflowTemplate>
        </Workflow>
        <Workflow WorkflowId="214483932256270745">
            <Assignees>
                <Assignee>
                    <OrganizationId>671093575</OrganizationId>
                    <OrganizationName>United Nations High Commissioner for Refugees</OrganizationName>
                    <Name>Mr Muhammad Shahzad</Name>
                    <UserId>671136048</UserId>
                </Assignee>
            </Assignees>
            <Comments></Comments>
            <DateCompleted>2023-07-11T10:30:31.650Z</DateCompleted>
            <DateDue>2023-07-18T10:25:46.343Z</DateDue>
            <DateIn>2023-07-11T10:29:27.817Z</DateIn>
            <DaysLate>0</DaysLate>
            <DocumentNumber>JOR-32061Y23P062017-PFR-0001</DocumentNumber>
            <DocumentRevision>0</DocumentRevision>
            <DocumentTitle>Project Financial Report for-32061Y23P062017</DocumentTitle>
            <DocumentTrackingId>214483932258539810</DocumentTrackingId>
            <DocumentVersion>3</DocumentVersion>
            <Duration>5.0</Duration>
            <FileName>JOR-32061Y23P062017-PFR-0001- MS.xlsx</FileName>
            <FileSize>1495159</FileSize>
            <Initiator>
                <OrganizationId>671093575</OrganizationId>
                <OrganizationName>United Nations High Commissioner for Refugees</OrganizationName>
                <Name>Mr Muhammad Shahzad</Name>
                <UserId>671136048</UserId>
            </Initiator>
            <OriginalDueDate>2023-10-24T10:25:46.410Z</OriginalDueDate>
            <ReasonForIssue>Issued for Review</ReasonForIssue>
            <Reviewer>
                <OrganizationId>671093575</OrganizationId>
                <OrganizationName>United Nations High Commissioner for Refugees</OrganizationName>
                <Name>Mr Muhammad Shahzad</Name>
                <UserId>671136048</UserId>
            </Reviewer>
            <StepName>2nd Stage Approval</StepName>
            <StepOutcome>Approved</StepOutcome>
            <StepStatus>Completed</StepStatus>
            <WorkflowName>Project Financial Report Submission</WorkflowName>
            <WorkflowNumber>WF-000022</WorkflowNumber>
            <WorkflowStatus>Completed</WorkflowStatus>
            <WorkflowTemplate>Project Financial Report Submission</WorkflowTemplate>
        </Workflow>
        <Workflow WorkflowId="214483932256270746">
            <Assignees>
                <Assignee>
                    <OrganizationId>671093575</OrganizationId>
                    <OrganizationName>United Nations High Commissioner for Refugees</OrganizationName>
                    <Name>Mr Muhammad Shahzad</Name>
                    <UserId>671136048</UserId>
                </Assignee>
            </Assignees>
            <Comments></Comments>
            <DateCompleted>2023-07-11T10:30:46.723Z</DateCompleted>
            <DateDue>2023-07-18T10:25:46.343Z</DateDue>
            <DateIn>2023-07-11T10:30:31.663Z</DateIn>
            <DaysLate>0</DaysLate>
            <DocumentNumber>JOR-32061Y23P062017-PFR-0001</DocumentNumber>
            <DocumentRevision>0</DocumentRevision>
            <DocumentTitle>Project Financial Report for-32061Y23P062017</DocumentTitle>
            <DocumentTrackingId>214483932258539810</DocumentTrackingId>
            <DocumentVersion>3</DocumentVersion>
            <Duration>5.0</Duration>
            <FileName>JOR-32061Y23P062017-PFR-0001- MS.xlsx</FileName>
            <FileSize>1495159</FileSize>
            <Initiator>
                <OrganizationId>671093575</OrganizationId>
                <OrganizationName>United Nations High Commissioner for Refugees</OrganizationName>
                <Name>Mr Muhammad Shahzad</Name>
                <UserId>671136048</UserId>
            </Initiator>
            <OriginalDueDate>2023-10-31T10:25:46.410Z</OriginalDueDate>
            <ReasonForIssue>Issued for Review</ReasonForIssue>
            <Reviewer>
                <OrganizationId>671093575</OrganizationId>
                <OrganizationName>United Nations High Commissioner for Refugees</OrganizationName>
                <Name>Mr Muhammad Shahzad</Name>
                <UserId>671136048</UserId>
            </Reviewer>
            <StepName>3rd Stage Approval</StepName>
            <StepOutcome>Approved</StepOutcome>
            <StepStatus>Completed</StepStatus>
            <WorkflowName>Project Financial Report Submission</WorkflowName>
            <WorkflowNumber>WF-000022</WorkflowNumber>
            <WorkflowStatus>Completed</WorkflowStatus>
            <WorkflowTemplate>Project Financial Report Submission</WorkflowTemplate>
        </Workflow>
        <Workflow WorkflowId="214483932256274316">
            <Assignees>
                <Assignee>
                    <OrganizationId>671093575</OrganizationId>
                    <OrganizationName>United Nations High Commissioner for Refugees</OrganizationName>
                    <Name> Robert Genninges</Name>
                    <UserId>671133941</UserId>
                </Assignee>
            </Assignees>
            <Comments></Comments>
            <DateCompleted>2023-07-12T09:33:34.220Z</DateCompleted>
            <DateDue>2023-07-19T09:19:02.983Z</DateDue>
            <DateIn>2023-07-12T09:33:15.330Z</DateIn>
            <DaysLate>0</DaysLate>
            <DocumentNumber>JOR-32061Y23P062017-PFR-0002</DocumentNumber>
            <DocumentRevision>0</DocumentRevision>
            <DocumentTitle>Project Financial Report for-32061Y23P062017</DocumentTitle>
            <DocumentTrackingId>214483932258544081</DocumentTrackingId>
            <DocumentVersion>3</DocumentVersion>
            <Duration>5.0</Duration>
            <FileName>JOR-32061Y23P062017-PFR-0001 - RG.xlsx</FileName>
            <FileSize>1496113</FileSize>
            <Initiator>
                <OrganizationId>671093575</OrganizationId>
                <OrganizationName>United Nations High Commissioner for Refugees</OrganizationName>
                <Name> Robert Genninges</Name>
                <UserId>671133941</UserId>
            </Initiator>
            <OriginalDueDate>2023-10-18T09:19:03.070Z</OriginalDueDate>
            <ReasonForIssue>Issued for Review</ReasonForIssue>
            <Reviewer>
                <OrganizationId>671093575</OrganizationId>
                <OrganizationName>United Nations High Commissioner for Refugees</OrganizationName>
                <Name> Robert Genninges</Name>
                <UserId>671133941</UserId>
            </Reviewer>
            <StepName>1st Stage Approval</StepName>
            <StepOutcome>Approved</StepOutcome>
            <StepStatus>Completed</StepStatus>
            <WorkflowName>Project Financial Report Submission</WorkflowName>
            <WorkflowNumber>WF-000023</WorkflowNumber>
            <WorkflowStatus>Completed</WorkflowStatus>
            <WorkflowTemplate>Project Financial Report Submission</WorkflowTemplate>
        </Workflow>
        <Workflow WorkflowId="214483932256275001">
            <Assignees>
                <Assignee>
                    <OrganizationId>671093575</OrganizationId>
                    <OrganizationName>United Nations High Commissioner for Refugees</OrganizationName>
                    <Name> Robert Genninges</Name>
                    <UserId>671133941</UserId>
                </Assignee>
            </Assignees>
            <Comments></Comments>
            <DateCompleted>2023-07-12T09:51:47.433Z</DateCompleted>
            <DateDue>2023-07-19T09:50:20.103Z</DateDue>
            <DateIn>2023-07-12T09:51:22.403Z</DateIn>
            <DaysLate>0</DaysLate>
            <DocumentNumber>JOR-32061Y23P062017-PFR-0002</DocumentNumber>
            <DocumentRevision>0</DocumentRevision>
            <DocumentTitle>Project Financial Report for-32061Y23P062017</DocumentTitle>
            <DocumentTrackingId>214483932258544081</DocumentTrackingId>
            <DocumentVersion>6</DocumentVersion>
            <Duration>5.0</Duration>
            <FileName>JOR-32061Y23P062017-PFR-0001.xlsx</FileName>
            <FileSize>1495760</FileSize>
            <Initiator>
                <OrganizationId>671093575</OrganizationId>
                <OrganizationName>United Nations High Commissioner for Refugees</OrganizationName>
                <Name> Robert Genninges</Name>
                <UserId>671133941</UserId>
            </Initiator>
            <OriginalDueDate>2023-10-18T09:50:20.210Z</OriginalDueDate>
            <ReasonForIssue>Issued for Review</ReasonForIssue>
            <Reviewer>
                <OrganizationId>671093575</OrganizationId>
                <OrganizationName>United Nations High Commissioner for Refugees</OrganizationName>
                <Name> Robert Genninges</Name>
                <UserId>671133941</UserId>
            </Reviewer>
            <StepName>1st Stage Approval</StepName>
            <StepOutcome>Approved</StepOutcome>
            <StepStatus>Completed</StepStatus>
            <WorkflowName>Project Financial Report Submission</WorkflowName>
            <WorkflowNumber>WF-000024</WorkflowNumber>
            <WorkflowStatus>Completed</WorkflowStatus>
            <WorkflowTemplate>Project Financial Report Submission</WorkflowTemplate>
        </Workflow>
    </SearchResults>
    s</WorkflowSearch>