Region,Project/ABC,Partner Agreement / Contract,Implementer,DocumentTrackingId,Template,Workflow No,Document No,Workflow Status,Document Title,Type,Revision,Version,Review Status,Step Name,Assigned To Organization,Assigned To,Step Status,Date Due,Step Outcome,Days Late,Initiator Name,Initiator Org Name
,,,,214483932258437020,Site Meeting Minutes Review,WF-000006,JOR-ANV-SMM-0009,In Progress,Katharina Minutes UVT,,A,2,,Contractor Review / Sign,United Nations High Commissioner for Refugees,Ms Katharina Thote,Overdue,2023-06-13T07:37:42.297Z,Pending,105,Ms Katharina Thote,United Nations High Commissioner for Refugees
,,,,214483932258436971,Site Meeting Minutes Review,WF-000001,JOR-ANV-SMM-0001,In Progress,Rob G - SMM UVT Test,,A,2,,Contractor Review / Sign,United Nations High Commissioner for Refugees, Robert Genninges,Overdue,2023-06-14T07:19:56.680Z,Pending,104, Robert Genninges,United Nations High Commissioner for Refugees
,,,,214483932258436974,Site Meeting Minutes Review,WF-000002,JOR-ANV-SMM-0004,In Progress,Viola C Site meeting minutes UVT,,0,2,,Contractor Review / Sign,Global Humanitarian Solutions,Ms Phoebe GHS,Overdue,2023-06-14T07:35:43.927Z,Pending,104, Viola Caracciolo,United Nations High Commissioner for Refugees
,,,,214483932258437023,Detail Drawing Submittal (without UNHCR Engineer),WF-000003,JOR-ANV-DDR-0004,In Progress,Attila Vondorkovics Drawing UVT,,A,2,,UNHCR Engineer Review,United Nations High Commissioner for Refugees, Robert Genninges,Overdue,2023-06-14T07:36:04.700Z,Pending,104,Mr Attila Vondorkovics,United Nations High Commissioner for Refugees
,,,,214483932258437058,Detail Drawing Submittal (without UNHCR Engineer),WF-000004,JOR-ANV-DDR-0007,In Progress,Adel Detail Drawing UVT,,A,2,,UNHCR Engineer Review,United Nations High Commissioner for Refugees, Robert Genninges,Overdue,2023-06-14T07:37:07.280Z,Pending,104, Adel Kasenova,United Nations High Commissioner for Refugees
,,,,214483932258437218,Project Handover to End Users,WF-000008,JOR-ANV-HOC-0001,In Progress,Adel Handover Certificate,,A,2,,Partner / Contractor Sign-off,United Nations High Commissioner for Refugees, Robert Genninges,Overdue,2023-06-14T08:07:27.117Z,Pending,104, Adel Kasenova,United Nations High Commissioner for Refugees
,,,,214483932258437234,Detail Drawing Submittal,WF-000009,JOR-ANV-DDR-0017,In Progress,Viola C,,0,2,,UNHCR Engineer Review,United Nations High Commissioner for Refugees, Robert Genninges,Overdue,2023-06-14T08:11:40.643Z,Pending,104, Viola Caracciolo,United Nations High Commissioner for Refugees
,,,,214483932258437056,Site Meeting Minutes Review,WF-000007,JOR-ANV-SMM-0012,In Progress,Carlo B - proms test document UVT,,A,2,,Contractor Review / Sign,United Nations High Commissioner for Refugees, Robert Genninges,Completed,2023-06-14T07:55:20.960Z,Agreed,46,Mr Carlo Barrientos,United Nations High Commissioner for Refugees
,,,,214483932258437020,Site Meeting Minutes Review,WF-000006,JOR-ANV-SMM-0009,In Progress,Katharina Minutes UVT,,A,2,,UNHCR Review / Sign,United Nations High Commissioner for Refugees, Robert Genninges,Forecast,2023-06-20T07:37:42.297Z,Pending,0,Ms Katharina Thote,United Nations High Commissioner for Refugees
,,,,214483932258436971,Site Meeting Minutes Review,WF-000001,JOR-ANV-SMM-0001,In Progress,Rob G - SMM UVT Test,,A,2,,UNHCR Review / Sign,United Nations High Commissioner for Refugees, Robert Genninges,Forecast,2023-06-21T07:19:56.680Z,Pending,0, Robert Genninges,United Nations High Commissioner for Refugees
,,,,214483932258436974,Site Meeting Minutes Review,WF-000002,JOR-ANV-SMM-0004,In Progress,Viola C Site meeting minutes UVT,,0,2,,UNHCR Review / Sign,United Nations High Commissioner for Refugees,Ms Phoebe Goodwin,Forecast,2023-06-21T07:35:43.927Z,Pending,0, Viola Caracciolo,United Nations High Commissioner for Refugees
,,,,214483932258437218,Project Handover to End Users,WF-000008,JOR-ANV-HOC-0001,In Progress,Adel Handover Certificate,,A,2,,End User Sign-off,United Nations High Commissioner for Refugees, Robert Genninges,Forecast,2023-06-21T08:07:27.117Z,Pending,0, Adel Kasenova,United Nations High Commissioner for Refugees
,,,,214483932258437234,Detail Drawing Submittal,WF-000009,JOR-ANV-DDR-0017,In Progress,Viola C,,0,2,,UNHCR Contract Manager Review,United Nations High Commissioner for Refugees, Robert Genninges,Forecast,2023-06-21T08:11:40.643Z,Pending,0, Viola Caracciolo,United Nations High Commissioner for Refugees
,,,,214483932258437026,Project Financial Report Submission,WF-000011,JOR-ANV-DDR-0006,In Progress,Susan,,A,2,,1st Stage Approval,United Nations High Commissioner for Refugees,Mr Robert Berenyi,Skipped,2023-06-26T12:43:58.360Z,None,0, Robert Genninges,United Nations High Commissioner for Refugees
,,,,214483932258437026,Project Financial Report Submission,WF-000011,JOR-ANV-DDR-0006,In Progress,Susan,,A,2,,2nd Stage Approval,United Nations High Commissioner for Refugees, Robert Genninges,Skipped,2023-06-26T12:43:58.360Z,None,0, Robert Genninges,United Nations High Commissioner for Refugees
,,,,214483932258437026,Project Financial Report Submission,WF-000011,JOR-ANV-DDR-0006,In Progress,Susan,,A,2,,3rd Stage Approval,United Nations High Commissioner for Refugees, Robert Genninges,Overdue,2023-06-26T12:43:58.360Z,Pending,96, Robert Genninges,United Nations High Commissioner for Refugees
,,,,214483932258437066,Site Meeting Minutes Review,WF-000005,JOR-ANV-SMM-0013,In Progress,Site Meeting Minutes,,1,2,,Contractor Review / Sign,Global Humanitarian Solutions,Ms Katharina GHS,Overdue,2023-06-28T07:37:20.067Z,Pending,94,Mr Robert Hurt,United Nations High Commissioner for Refugees
,,,,214483932258437066,Site Meeting Minutes Review,WF-000005,JOR-ANV-SMM-0013,In Progress,Site Meeting Minutes,,1,2,,UNHCR Review / Sign,United Nations High Commissioner for Refugees,Mr Robert Hurt,Forecast,2023-07-05T07:37:20.067Z,Pending,0,Mr Robert Hurt,United Nations High Commissioner for Refugees
,,,,214483932258437059,Negotiation of Financial Plan,WF-000010,JOR-ANV-DDR-0008,In Progress,Izabella Boka - Drawing UVT - Test,,A,2,,Partner Financial Plan Proposal,United Nations High Commissioner for Refugees, Robert Genninges,Overdue,2023-07-10T12:03:10.057Z,Pending,86, Robert Genninges,United Nations High Commissioner for Refugees
,,,,214483932258437225,Negotiation of Financial Plan,WF-000010,JOR-ANV-DDR-0014,In Progress,Carlo - detail drawing UVT,,A,2,,Partner Financial Plan Proposal,United Nations High Commissioner for Refugees, Robert Genninges,Overdue,2023-07-10T12:03:10.167Z,Pending,86, Robert Genninges,United Nations High Commissioner for Refugees
,,,,214483932258539810,Project Financial Report Submission,WF-000022,JOR-32061Y23P062017-PFR-0001,Completed,Project Financial Report for-32061Y23P062017,,0,3,,1st Stage Approval,United Nations High Commissioner for Refugees,Mr Muhammad Shahzad,Completed,2023-07-18T10:25:46.343Z,Approved,0,Mr Muhammad Shahzad,United Nations High Commissioner for Refugees
,,,,214483932258539810,Project Financial Report Submission,WF-000022,JOR-32061Y23P062017-PFR-0001,Completed,Project Financial Report for-32061Y23P062017,,0,3,,2nd Stage Approval,United Nations High Commissioner for Refugees,Mr Muhammad Shahzad,Completed,2023-07-18T10:25:46.343Z,Approved,0,Mr Muhammad Shahzad,United Nations High Commissioner for Refugees
,,,,214483932258539810,Project Financial Report Submission,WF-000022,JOR-32061Y23P062017-PFR-0001,Completed,Project Financial Report for-32061Y23P062017,,0,3,,3rd Stage Approval,United Nations High Commissioner for Refugees,Mr Muhammad Shahzad,Completed,2023-07-18T10:25:46.343Z,Approved,0,Mr Muhammad Shahzad,United Nations High Commissioner for Refugees
,,,,214483932258544081,Project Financial Report Submission,WF-000023,JOR-32061Y23P062017-PFR-0002,Completed,Project Financial Report for-32061Y23P062017,,0,3,,1st Stage Approval,United Nations High Commissioner for Refugees, Robert Genninges,Completed,2023-07-19T09:19:02.983Z,Approved,0, Robert Genninges,United Nations High Commissioner for Refugees
,,,,214483932258544081,Project Financial Report Submission,WF-000024,JOR-32061Y23P062017-PFR-0002,Completed,Project Financial Report for-32061Y23P062017,,0,6,,1st Stage Approval,United Nations High Commissioner for Refugees, Robert Genninges,Completed,2023-07-19T09:50:20.103Z,Approved,0, Robert Genninges,United Nations High Commissioner for Refugees
