{"body":[{"id":73,"enterpriseId":13,"name":"Contract Collaborator","description":"Access to view and modify upstream and downstream contracts","type":"CONTRACT_COLLABORATOR","enterpriseAdminRole":false,"readonly":true,"createdDate":"2021-09-03T09:19:56.669858+04:00","lastUpdated":"2021-09-03T09:19:56.669857+04:00"},{"id":75,"enterpriseId":13,"name":"No Access","description":null,"type":"NO_ACCESS","enterpriseAdminRole":false,"readonly":true,"createdDate":"2021-09-03T09:19:56.786373+04:00","lastUpdated":"2021-09-03T09:19:56.786371+04:00"},{"id":108,"enterpriseId":13,"name":"OGL Users","description":null,"type":"MODIFIABLE","enterpriseAdminRole":false,"readonly":false,"createdDate":"2022-03-30T15:28:26.568915+04:00","lastUpdated":"2022-03-30T15:28:26.568913+04:00"},{"id":107,"enterpriseId":13,"name":"Oracle API Testers","description":null,"type":"MODIFIABLE","enterpriseAdminRole":false,"readonly":false,"createdDate":"2022-03-25T11:56:05.307051+04:00","lastUpdated":"2022-03-25T11:56:59.282322+04:00"},{"id":72,"enterpriseId":13,"name":"Organization Administrator","description":"Full access to Cost","type":"ENTERPRISE_ADMIN","enterpriseAdminRole":true,"readonly":true,"createdDate":"2021-09-03T09:19:56.470627+04:00","lastUpdated":"2021-09-03T09:19:56.470626+04:00"},{"id":1789,"enterpriseId":13,"name":"Partnership Manager","description":null,"type":"MODIFIABLE","enterpriseAdminRole":false,"readonly":false,"createdDate":"2023-09-22T11:58:39.818927+04:00","lastUpdated":"2023-09-22T11:58:39.818924+04:00"},{"id":76,"enterpriseId":13,"name":"Read Only (Viewer)","description":"Read only access to all Cost data","type":"READ_ONLY","enterpriseAdminRole":false,"readonly":true,"createdDate":"2021-09-03T09:19:56.787203+04:00","lastUpdated":"2021-09-03T09:19:56.787202+04:00"},{"id":1434,"enterpriseId":13,"name":"Reporting User","description":null,"type":"MODIFIABLE","enterpriseAdminRole":false,"readonly":false,"createdDate":"2023-07-12T14:26:54.786963+04:00","lastUpdated":"2023-07-12T14:26:54.786961+04:00"},{"id":74,"enterpriseId":13,"name":"System Limited","description":"Minimum access required to access Shared Cost Workspaces. Limited access to your organization's data","type":"COST_WORKSPACE_COLLABORATOR","enterpriseAdminRole":false,"readonly":true,"createdDate":"2021-09-03T09:19:56.765495+04:00","lastUpdated":"2021-09-03T09:19:56.765493+04:00"},{"id":105,"enterpriseId":13,"name":"UAT","description":null,"type":"MODIFIABLE","enterpriseAdminRole":false,"readonly":false,"createdDate":"2022-03-17T11:03:06.240119+04:00","lastUpdated":"2022-03-17T11:03:06.240118+04:00"},{"id":847,"enterpriseId":13,"name":"UNHCR Contract Update and Close Reporting Period","description":"Close Contracts and Reporting Periods","type":"MODIFIABLE","enterpriseAdminRole":false,"readonly":false,"createdDate":"2023-03-13T15:05:01.265394+04:00","lastUpdated":"2023-04-27T11:42:07.521974+04:00"},{"id":850,"enterpriseId":13,"name":"UNHCR Read Only Access","description":"General User Access","type":"MODIFIABLE","enterpriseAdminRole":false,"readonly":false,"createdDate":"2023-03-13T15:08:28.986544+04:00","lastUpdated":"2023-03-13T15:08:43.162056+04:00"}],"error":null}