<?xml version="1.0" encoding="UTF-8" standalone="yes"?>
<MailSearch TotalResultsOnPage="37" TotalResults="37">
    <SearchResults>
        <Mail MailId="676790364">
            <ToUsers>
                <Recipient>
                    <OrganizationId>671094793</OrganizationId>
                    <OrganizationName>Global Humanitarian Solutions</OrganizationName>
                    <Status>Overdue</Status>
                    <DistributionType>TO</DistributionType>
                    <FirstName>Izabella</FirstName>
                    <Name>Ms Izabella GHS</Name>
                    <UserId>671155888</UserId>
                    <LastName>GHS</LastName>
                </Recipient>
            </ToUsers>
            <FromUserDetails>
                <OrganizationId>671093575</OrganizationId>
                <OrganizationName>United Nations High Commissioner for Refugees</OrganizationName>
                <FirstName>Valeria</FirstName>
                <Name>Mrs Valeria Grassi</Name>
                <UserId>671131173</UserId>
                <LastName>Grassi</LastName>
            </FromUserDetails>
            <Status>Overdue</Status>
        </Mail>
        <Mail MailId="676790389">
            <ToUsers>
                <Recipient>
                    <OrganizationId>671094793</OrganizationId>
                    <OrganizationName>Global Humanitarian Solutions</OrganizationName>
                    <Status>Overdue</Status>
                    <DistributionType>TO</DistributionType>
                    <FirstName>BOB</FirstName>
                    <Name>BOB Genninges</Name>
                    <UserId>671135668</UserId>
                    <LastName>Genninges</LastName>
                </Recipient>
            </ToUsers>
            <FromUserDetails>
                <OrganizationId>671093575</OrganizationId>
                <OrganizationName>United Nations High Commissioner for Refugees</OrganizationName>
                <FirstName>Robert</FirstName>
                <Name>Robert Genninges</Name>
                <UserId>671133941</UserId>
                <LastName>Genninges</LastName>
            </FromUserDetails>
            <Status>Overdue</Status>
        </Mail>
        <Mail MailId="676790371">
            <ToUsers>
                <Recipient>
                    <OrganizationId>671094793</OrganizationId>
                    <OrganizationName>Global Humanitarian Solutions</OrganizationName>
                    <Status>Overdue</Status>
                    <DistributionType>TO</DistributionType>
                    <FirstName>Phoebe</FirstName>
                    <Name>Ms Phoebe GHS</Name>
                    <UserId>671155880</UserId>
                    <LastName>GHS</LastName>
                </Recipient>
            </ToUsers>
            <FromUserDetails>
                <OrganizationId>671093575</OrganizationId>
                <OrganizationName>United Nations High Commissioner for Refugees</OrganizationName>
                <FirstName>Viola</FirstName>
                <Name>Viola Caracciolo</Name>
                <UserId>671135778</UserId>
                <LastName>Caracciolo</LastName>
            </FromUserDetails>
            <Status>Overdue</Status>
        </Mail>
        <Mail MailId="676790379">
            <ToUsers>
                <Recipient>
                    <OrganizationId>671094793</OrganizationId>
                    <OrganizationName>Global Humanitarian Solutions</OrganizationName>
                    <Status>Overdue</Status>
                    <DistributionType>TO</DistributionType>
                    <FirstName>Atilla</FirstName>
                    <Name>Mr Atilla GHS</Name>
                    <UserId>671155889</UserId>
                    <LastName>GHS</LastName>
                </Recipient>
            </ToUsers>
            <FromUserDetails>
                <OrganizationId>671093575</OrganizationId>
                <OrganizationName>United Nations High Commissioner for Refugees</OrganizationName>
                <FirstName>Robert</FirstName>
                <Name>Mr Robert Berenyi</Name>
                <UserId>671153455</UserId>
                <LastName>Berenyi</LastName>
            </FromUserDetails>
            <Status>Overdue</Status>
        </Mail>
        <Mail MailId="676790369">
            <ToUsers>
                <Recipient>
                    <OrganizationId>671094793</OrganizationId>
                    <OrganizationName>Global Humanitarian Solutions</OrganizationName>
                    <Status>Overdue</Status>
                    <DistributionType>TO</DistributionType>
                    <FirstName>Frankie</FirstName>
                    <Name>Mr Frankie GHS</Name>
                    <UserId>671155884</UserId>
                    <LastName>GHS</LastName>
                </Recipient>
            </ToUsers>
            <FromUserDetails>
                <OrganizationId>671093575</OrganizationId>
                <OrganizationName>United Nations High Commissioner for Refugees</OrganizationName>
                <FirstName>Muhammad</FirstName>
                <Name>Mr Muhammad Shahzad</Name>
                <UserId>671136048</UserId>
                <LastName>Shahzad</LastName>
            </FromUserDetails>
            <Status>Overdue</Status>
        </Mail>
        <Mail MailId="676790368">
            <ToUsers>
                <Recipient>
                    <OrganizationId>671094793</OrganizationId>
                    <OrganizationName>Global Humanitarian Solutions</OrganizationName>
                    <Status>Overdue</Status>
                    <DistributionType>TO</DistributionType>
                    <FirstName>Katharina</FirstName>
                    <Name>Ms Katharina GHS</Name>
                    <UserId>671155885</UserId>
                    <LastName>GHS</LastName>
                </Recipient>
            </ToUsers>
            <FromUserDetails>
                <OrganizationId>671093575</OrganizationId>
                <OrganizationName>United Nations High Commissioner for Refugees</OrganizationName>
                <FirstName>Robert</FirstName>
                <Name>Mr Robert Hurt</Name>
                <UserId>671136281</UserId>
                <LastName>Hurt</LastName>
            </FromUserDetails>
            <Status>Overdue</Status>
        </Mail>
        <Mail MailId="676790405">
            <ToUsers>
                <Recipient>
                    <OrganizationId>671094793</OrganizationId>
                    <OrganizationName>Global Humanitarian Solutions</OrganizationName>
                    <Status>Overdue</Status>
                    <DistributionType>TO</DistributionType>
                    <FirstName>Carlo</FirstName>
                    <Name>Carlo GHS</Name>
                    <UserId>671155883</UserId>
                    <LastName>GHS</LastName>
                </Recipient>
            </ToUsers>
            <FromUserDetails>
                <OrganizationId>671093575</OrganizationId>
                <OrganizationName>United Nations High Commissioner for Refugees</OrganizationName>
                <FirstName>Robert</FirstName>
                <Name>Robert Genninges</Name>
                <UserId>671133941</UserId>
                <LastName>Genninges</LastName>
            </FromUserDetails>
            <Status>Overdue</Status>
        </Mail>
        <Mail MailId="676790406">
            <ToUsers>
                <Recipient>
                    <OrganizationId>671094793</OrganizationId>
                    <OrganizationName>Global Humanitarian Solutions</OrganizationName>
                    <Status>Overdue</Status>
                    <DistributionType>TO</DistributionType>
                    <FirstName>Reka</FirstName>
                    <Name>Ms Reka GHS</Name>
                    <UserId>671155887</UserId>
                    <LastName>GHS</LastName>
                </Recipient>
            </ToUsers>
            <FromUserDetails>
                <OrganizationId>671093575</OrganizationId>
                <OrganizationName>United Nations High Commissioner for Refugees</OrganizationName>
                <FirstName>Robert</FirstName>
                <Name>Robert Genninges</Name>
                <UserId>671133941</UserId>
                <LastName>Genninges</LastName>
            </FromUserDetails>
            <Status>Overdue</Status>
        </Mail>
        <Mail MailId="676790420">
            <ToUsers>
                <Recipient>
                    <OrganizationId>671094793</OrganizationId>
                    <OrganizationName>Global Humanitarian Solutions</OrganizationName>
                    <Status>Overdue</Status>
                    <DistributionType>TO</DistributionType>
                    <FirstName>Michael</FirstName>
                    <Name>Michael GHS</Name>
                    <UserId>671155881</UserId>
                    <LastName>GHS</LastName>
                </Recipient>
            </ToUsers>
            <FromUserDetails>
                <OrganizationId>671093575</OrganizationId>
                <OrganizationName>United Nations High Commissioner for Refugees</OrganizationName>
                <FirstName>Deogratias</FirstName>
                <Name>Deogratias Habimana</Name>
                <UserId>671136894</UserId>
                <LastName>Habimana</LastName>
            </FromUserDetails>
            <Status>Overdue</Status>
        </Mail>
        <Mail MailId="676790431">
            <ToUsers>
                <Recipient>
                    <OrganizationId>671093575</OrganizationId>
                    <OrganizationName>United Nations High Commissioner for Refugees</OrganizationName>
                    <Status>Overdue</Status>
                    <DistributionType>TO</DistributionType>
                    <FirstName>Deogratias</FirstName>
                    <Name>Deogratias Habimana</Name>
                    <UserId>671136894</UserId>
                    <LastName>Habimana</LastName>
                </Recipient>
                <Recipient>
                    <OrganizationId>671094793</OrganizationId>
                    <OrganizationName>Global Humanitarian Solutions</OrganizationName>
                    <Status>Overdue</Status>
                    <DistributionType>TO</DistributionType>
                    <FirstName>Michael</FirstName>
                    <Name>Michael GHS</Name>
                    <UserId>671155881</UserId>
                    <LastName>GHS</LastName>
                </Recipient>
            </ToUsers>
            <FromUserDetails>
                <OrganizationId>671093575</OrganizationId>
                <OrganizationName>United Nations High Commissioner for Refugees</OrganizationName>
                <FirstName>Deogratias</FirstName>
                <Name>Deogratias Habimana</Name>
                <UserId>671136894</UserId>
                <LastName>Habimana</LastName>
            </FromUserDetails>
            <Status>Overdue</Status>
        </Mail>
        <Mail MailId="676790454">
            <ToUsers>
                <Recipient>
                    <OrganizationId>671094793</OrganizationId>
                    <OrganizationName>Global Humanitarian Solutions</OrganizationName>
                    <Status>Overdue</Status>
                    <DistributionType>TO</DistributionType>
                    <FirstName>Katharina</FirstName>
                    <Name>Ms Katharina GHS</Name>
                    <UserId>671155885</UserId>
                    <LastName>GHS</LastName>
                </Recipient>
            </ToUsers>
            <FromUserDetails>
                <OrganizationId>671093575</OrganizationId>
                <OrganizationName>United Nations High Commissioner for Refugees</OrganizationName>
                <FirstName>Robert</FirstName>
                <Name>Mr Robert Hurt</Name>
                <UserId>671136281</UserId>
                <LastName>Hurt</LastName>
            </FromUserDetails>
            <Status>Overdue</Status>
        </Mail>
        <Mail MailId="676790477">
            <ToUsers>
                <Recipient>
                    <OrganizationId>671093575</OrganizationId>
                    <OrganizationName>United Nations High Commissioner for Refugees</OrganizationName>
                    <Status>Overdue</Status>
                    <DistributionType>TO</DistributionType>
                    <FirstName>Viola</FirstName>
                    <Name>Viola Caracciolo</Name>
                    <UserId>671135778</UserId>
                    <LastName>Caracciolo</LastName>
                </Recipient>
            </ToUsers>
            <FromUserDetails>
                <OrganizationId>671093575</OrganizationId>
                <OrganizationName>United Nations High Commissioner for Refugees</OrganizationName>
                <FirstName>Viola</FirstName>
                <Name>Viola Caracciolo</Name>
                <UserId>671135778</UserId>
                <LastName>Caracciolo</LastName>
            </FromUserDetails>
            <Status>Overdue</Status>
        </Mail>
        <Mail MailId="676790464">
            <ToUsers>
                <Recipient>
                    <OrganizationId>671094793</OrganizationId>
                    <OrganizationName>Global Humanitarian Solutions</OrganizationName>
                    <Status>Overdue</Status>
                    <DistributionType>TO</DistributionType>
                    <FirstName>Michael</FirstName>
                    <Name>Michael GHS</Name>
                    <UserId>671155881</UserId>
                    <LastName>GHS</LastName>
                </Recipient>
            </ToUsers>
            <FromUserDetails>
                <OrganizationId>671093575</OrganizationId>
                <OrganizationName>United Nations High Commissioner for Refugees</OrganizationName>
                <FirstName>Deogratias</FirstName>
                <Name>Deogratias Habimana</Name>
                <UserId>671136894</UserId>
                <LastName>Habimana</LastName>
            </FromUserDetails>
            <Status>Overdue</Status>
        </Mail>
        <Mail MailId="676790494">
            <ToUsers>
                <Recipient>
                    <OrganizationId>671093575</OrganizationId>
                    <OrganizationName>United Nations High Commissioner for Refugees</OrganizationName>
                    <Status>Overdue</Status>
                    <DistributionType>TO</DistributionType>
                    <FirstName>Attila</FirstName>
                    <Name>Mr Attila Vondorkovics</Name>
                    <UserId>671153443</UserId>
                    <LastName>Vondorkovics</LastName>
                </Recipient>
            </ToUsers>
            <FromUserDetails>
                <OrganizationId>671093575</OrganizationId>
                <OrganizationName>United Nations High Commissioner for Refugees</OrganizationName>
                <FirstName>Robert</FirstName>
                <Name>Mr Robert Berenyi</Name>
                <UserId>671153455</UserId>
                <LastName>Berenyi</LastName>
            </FromUserDetails>
            <Status>Overdue</Status>
        </Mail>
        <Mail MailId="676790511">
            <ToUsers>
                <Recipient>
                    <OrganizationId>671094793</OrganizationId>
                    <OrganizationName>Global Humanitarian Solutions</OrganizationName>
                    <Status>Overdue</Status>
                    <DistributionType>TO</DistributionType>
                    <FirstName>Phoebe</FirstName>
                    <Name>Ms Phoebe GHS</Name>
                    <UserId>671155880</UserId>
                    <LastName>GHS</LastName>
                </Recipient>
            </ToUsers>
            <FromUserDetails>
                <OrganizationId>671093575</OrganizationId>
                <OrganizationName>United Nations High Commissioner for Refugees</OrganizationName>
                <FirstName>Viola</FirstName>
                <Name>Viola Caracciolo</Name>
                <UserId>671135778</UserId>
                <LastName>Caracciolo</LastName>
            </FromUserDetails>
            <Status>Overdue</Status>
        </Mail>
        <Mail MailId="676790529">
            <ToUsers>
                <Recipient>
                    <OrganizationId>671094793</OrganizationId>
                    <OrganizationName>Global Humanitarian Solutions</OrganizationName>
                    <Status>Overdue</Status>
                    <DistributionType>TO</DistributionType>
                    <FirstName>Michael</FirstName>
                    <Name>Michael GHS</Name>
                    <UserId>671155881</UserId>
                    <LastName>GHS</LastName>
                </Recipient>
            </ToUsers>
            <FromUserDetails>
                <OrganizationId>671093575</OrganizationId>
                <OrganizationName>United Nations High Commissioner for Refugees</OrganizationName>
                <FirstName>Deogratias</FirstName>
                <Name>Deogratias Habimana</Name>
                <UserId>671136894</UserId>
                <LastName>Habimana</LastName>
            </FromUserDetails>
            <Status>Overdue</Status>
        </Mail>
        <Mail MailId="676790565">
            <ToUsers>
                <Recipient>
                    <OrganizationId>671093575</OrganizationId>
                    <OrganizationName>United Nations High Commissioner for Refugees</OrganizationName>
                    <Status>Overdue</Status>
                    <DistributionType>TO</DistributionType>
                    <FirstName>Adel</FirstName>
                    <Name>Adel Kasenova</Name>
                    <UserId>671154209</UserId>
                    <LastName>Kasenova</LastName>
                </Recipient>
            </ToUsers>
            <FromUserDetails>
                <OrganizationId>671093575</OrganizationId>
                <OrganizationName>United Nations High Commissioner for Refugees</OrganizationName>
                <FirstName>Adel</FirstName>
                <Name>Adel Kasenova</Name>
                <UserId>671154209</UserId>
                <LastName>Kasenova</LastName>
            </FromUserDetails>
            <Status>Overdue</Status>
        </Mail>
        <Mail MailId="676790570">
            <ToUsers>
                <Recipient>
                    <OrganizationId>671093575</OrganizationId>
                    <OrganizationName>United Nations High Commissioner for Refugees</OrganizationName>
                    <Status>Overdue</Status>
                    <DistributionType>TO</DistributionType>
                    <FirstName>Adel</FirstName>
                    <Name>Adel Kasenova</Name>
                    <UserId>671154209</UserId>
                    <LastName>Kasenova</LastName>
                </Recipient>
            </ToUsers>
            <FromUserDetails>
                <OrganizationId>671093575</OrganizationId>
                <OrganizationName>United Nations High Commissioner for Refugees</OrganizationName>
                <FirstName>Adel</FirstName>
                <Name>Adel Kasenova</Name>
                <UserId>671154209</UserId>
                <LastName>Kasenova</LastName>
            </FromUserDetails>
            <Status>Overdue</Status>
        </Mail>
        <Mail MailId="676790450">
            <ToUsers>
                <Recipient>
                    <OrganizationId>671094793</OrganizationId>
                    <OrganizationName>Global Humanitarian Solutions</OrganizationName>
                    <Status>Overdue</Status>
                    <DistributionType>TO</DistributionType>
                    <FirstName>Michael</FirstName>
                    <Name>Michael GHS</Name>
                    <UserId>671155881</UserId>
                    <LastName>GHS</LastName>
                </Recipient>
            </ToUsers>
            <FromUserDetails>
                <OrganizationId>671093575</OrganizationId>
                <OrganizationName>United Nations High Commissioner for Refugees</OrganizationName>
                <FirstName>Deogratias</FirstName>
                <Name>Deogratias Habimana</Name>
                <UserId>671136894</UserId>
                <LastName>Habimana</LastName>
            </FromUserDetails>
            <Status>Overdue</Status>
        </Mail>
        <Mail MailId="676790606">
            <ToUsers>
                <Recipient>
                    <OrganizationId>671094793</OrganizationId>
                    <OrganizationName>Global Humanitarian Solutions</OrganizationName>
                    <Status>Overdue</Status>
                    <DistributionType>TO</DistributionType>
                    <FirstName>Atilla</FirstName>
                    <Name>Mr Atilla GHS</Name>
                    <UserId>671155889</UserId>
                    <LastName>GHS</LastName>
                </Recipient>
            </ToUsers>
            <FromUserDetails>
                <OrganizationId>671093575</OrganizationId>
                <OrganizationName>United Nations High Commissioner for Refugees</OrganizationName>
                <FirstName>Robert</FirstName>
                <Name>Mr Robert Berenyi</Name>
                <UserId>671153455</UserId>
                <LastName>Berenyi</LastName>
            </FromUserDetails>
            <Status>Overdue</Status>
        </Mail>
        <Mail MailId="676790624">
            <ToUsers>
                <Recipient>
                    <OrganizationId>671094793</OrganizationId>
                    <OrganizationName>Global Humanitarian Solutions</OrganizationName>
                    <Status>Overdue</Status>
                    <DistributionType>TO</DistributionType>
                    <FirstName>Michael</FirstName>
                    <Name>Michael GHS</Name>
                    <UserId>671155881</UserId>
                    <LastName>GHS</LastName>
                </Recipient>
            </ToUsers>
            <FromUserDetails>
                <OrganizationId>671093575</OrganizationId>
                <OrganizationName>United Nations High Commissioner for Refugees</OrganizationName>
                <FirstName>Deogratias</FirstName>
                <Name>Deogratias Habimana</Name>
                <UserId>671136894</UserId>
                <LastName>Habimana</LastName>
            </FromUserDetails>
            <Status>Overdue</Status>
        </Mail>
        <Mail MailId="676790695">
            <ToUsers>
                <Recipient>
                    <OrganizationId>671093575</OrganizationId>
                    <OrganizationName>United Nations High Commissioner for Refugees</OrganizationName>
                    <Status>Overdue</Status>
                    <DistributionType>TO</DistributionType>
                    <FirstName>Robert</FirstName>
                    <Name>Mr Robert Hurt</Name>
                    <UserId>671136281</UserId>
                    <LastName>Hurt</LastName>
                </Recipient>
            </ToUsers>
            <FromUserDetails>
                <OrganizationId>671093575</OrganizationId>
                <OrganizationName>United Nations High Commissioner for Refugees</OrganizationName>
                <FirstName>Robert</FirstName>
                <Name>Mr Robert Berenyi</Name>
                <UserId>671153455</UserId>
                <LastName>Berenyi</LastName>
            </FromUserDetails>
            <Status>Overdue</Status>
        </Mail>
        <Mail MailId="676790705">
            <ToUsers>
                <Recipient>
                    <OrganizationId>671093575</OrganizationId>
                    <OrganizationName>United Nations High Commissioner for Refugees</OrganizationName>
                    <Status>Overdue</Status>
                    <DistributionType>TO</DistributionType>
                    <FirstName>Robert</FirstName>
                    <Name>Mr Robert Hurt</Name>
                    <UserId>671136281</UserId>
                    <LastName>Hurt</LastName>
                </Recipient>
                <Recipient>
                    <OrganizationId>671094793</OrganizationId>
                    <OrganizationName>Global Humanitarian Solutions</OrganizationName>
                    <Status>N/A</Status>
                    <DistributionType>CC</DistributionType>
                    <FirstName>Katharina</FirstName>
                    <Name>Ms Katharina GHS</Name>
                    <UserId>671155885</UserId>
                    <LastName>GHS</LastName>
                </Recipient>
            </ToUsers>
            <FromUserDetails>
                <OrganizationId>671093575</OrganizationId>
                <OrganizationName>United Nations High Commissioner for Refugees</OrganizationName>
                <FirstName>Robert</FirstName>
                <Name>Mr Robert Berenyi</Name>
                <UserId>671153455</UserId>
                <LastName>Berenyi</LastName>
            </FromUserDetails>
            <Status>Overdue</Status>
        </Mail>
        <Mail MailId="676790732">
            <ToUsers>
                <Recipient>
                    <OrganizationId>671094793</OrganizationId>
                    <OrganizationName>Global Humanitarian Solutions</OrganizationName>
                    <Status>Overdue</Status>
                    <DistributionType>TO</DistributionType>
                    <FirstName>Atilla</FirstName>
                    <Name>Mr Atilla GHS</Name>
                    <UserId>671155889</UserId>
                    <LastName>GHS</LastName>
                </Recipient>
            </ToUsers>
            <FromUserDetails>
                <OrganizationId>671093575</OrganizationId>
                <OrganizationName>United Nations High Commissioner for Refugees</OrganizationName>
                <FirstName>Robert</FirstName>
                <Name>Mr Robert Berenyi</Name>
                <UserId>671153455</UserId>
                <LastName>Berenyi</LastName>
            </FromUserDetails>
            <Status>Overdue</Status>
        </Mail>
        <Mail MailId="676790789">
            <ToUsers>
                <Recipient>
                    <OrganizationId>671094793</OrganizationId>
                    <OrganizationName>Global Humanitarian Solutions</OrganizationName>
                    <Status>Overdue</Status>
                    <DistributionType>TO</DistributionType>
                    <FirstName>BOB</FirstName>
                    <Name>BOB Genninges</Name>
                    <UserId>671135668</UserId>
                    <LastName>Genninges</LastName>
                </Recipient>
            </ToUsers>
            <FromUserDetails>
                <OrganizationId>671093575</OrganizationId>
                <OrganizationName>United Nations High Commissioner for Refugees</OrganizationName>
                <FirstName>Robert</FirstName>
                <Name>Robert Genninges</Name>
                <UserId>671133941</UserId>
                <LastName>Genninges</LastName>
            </FromUserDetails>
            <Status>Overdue</Status>
        </Mail>
        <Mail MailId="676790850">
            <ToUsers>
                <Recipient>
                    <OrganizationId>671093575</OrganizationId>
                    <OrganizationName>United Nations High Commissioner for Refugees</OrganizationName>
                    <Status>Overdue</Status>
                    <DistributionType>TO</DistributionType>
                    <FirstName>Robert</FirstName>
                    <Name>Mr Robert Berenyi</Name>
                    <UserId>671153455</UserId>
                    <LastName>Berenyi</LastName>
                </Recipient>
            </ToUsers>
            <FromUserDetails>
                <OrganizationId>671093575</OrganizationId>
                <OrganizationName>United Nations High Commissioner for Refugees</OrganizationName>
                <FirstName>Robert</FirstName>
                <Name>Mr Robert Hurt</Name>
                <UserId>671136281</UserId>
                <LastName>Hurt</LastName>
            </FromUserDetails>
            <Status>Overdue</Status>
        </Mail>
        <Mail MailId="676790860">
            <ToUsers>
                <Recipient>
                    <OrganizationId>671094793</OrganizationId>
                    <OrganizationName>Global Humanitarian Solutions</OrganizationName>
                    <Status>Overdue</Status>
                    <DistributionType>TO</DistributionType>
                    <FirstName>Michael</FirstName>
                    <Name>Michael GHS</Name>
                    <UserId>671155881</UserId>
                    <LastName>GHS</LastName>
                </Recipient>
            </ToUsers>
            <FromUserDetails>
                <OrganizationId>671093575</OrganizationId>
                <OrganizationName>United Nations High Commissioner for Refugees</OrganizationName>
                <FirstName>Deogratias</FirstName>
                <Name>Deogratias Habimana</Name>
                <UserId>671136894</UserId>
                <LastName>Habimana</LastName>
            </FromUserDetails>
            <Status>Overdue</Status>
        </Mail>
        <Mail MailId="676790935">
            <ToUsers>
                <Recipient>
                    <OrganizationId>671093575</OrganizationId>
                    <OrganizationName>United Nations High Commissioner for Refugees</OrganizationName>
                    <Status>Overdue</Status>
                    <DistributionType>TO</DistributionType>
                    <FirstName>Robert</FirstName>
                    <Name>Robert Genninges</Name>
                    <UserId>671133941</UserId>
                    <LastName>Genninges</LastName>
                </Recipient>
            </ToUsers>
            <FromUserDetails>
                <OrganizationId>671093575</OrganizationId>
                <OrganizationName>United Nations High Commissioner for Refugees</OrganizationName>
                <FirstName>Phoebe</FirstName>
                <Name>Ms Phoebe Goodwin</Name>
                <UserId>671143589</UserId>
                <LastName>Goodwin</LastName>
            </FromUserDetails>
            <Status>Overdue</Status>
        </Mail>
        <Mail MailId="676790970">
            <ToUsers>
                <Recipient>
                    <OrganizationId>671093575</OrganizationId>
                    <OrganizationName>United Nations High Commissioner for Refugees</OrganizationName>
                    <Status>Overdue</Status>
                    <DistributionType>TO</DistributionType>
                    <FirstName>Robert</FirstName>
                    <Name>Robert Genninges</Name>
                    <UserId>671133941</UserId>
                    <LastName>Genninges</LastName>
                </Recipient>
            </ToUsers>
            <FromUserDetails>
                <OrganizationId>671093575</OrganizationId>
                <OrganizationName>United Nations High Commissioner for Refugees</OrganizationName>
                <FirstName>Robert</FirstName>
                <Name>Robert Genninges</Name>
                <UserId>671133941</UserId>
                <LastName>Genninges</LastName>
            </FromUserDetails>
            <Status>Overdue</Status>
        </Mail>
        <Mail MailId="676791079">
            <ToUsers>
                <Recipient>
                    <OrganizationId>671094793</OrganizationId>
                    <OrganizationName>Global Humanitarian Solutions</OrganizationName>
                    <Status>Overdue</Status>
                    <DistributionType>TO</DistributionType>
                    <FirstName>BOB</FirstName>
                    <Name>BOB Genninges</Name>
                    <UserId>671135668</UserId>
                    <LastName>Genninges</LastName>
                </Recipient>
            </ToUsers>
            <FromUserDetails>
                <OrganizationId>671093575</OrganizationId>
                <OrganizationName>United Nations High Commissioner for Refugees</OrganizationName>
                <FirstName>Robert</FirstName>
                <Name>Robert Genninges</Name>
                <UserId>671133941</UserId>
                <LastName>Genninges</LastName>
            </FromUserDetails>
            <Status>Overdue</Status>
        </Mail>
        <Mail MailId="676791144">
            <ToUsers>
                <Recipient>
                    <OrganizationId>671093575</OrganizationId>
                    <OrganizationName>United Nations High Commissioner for Refugees</OrganizationName>
                    <Status>Overdue</Status>
                    <DistributionType>TO</DistributionType>
                    <FirstName>Robert</FirstName>
                    <Name>Robert Genninges</Name>
                    <UserId>671133941</UserId>
                    <LastName>Genninges</LastName>
                </Recipient>
            </ToUsers>
            <FromUserDetails>
                <OrganizationId>671093575</OrganizationId>
                <OrganizationName>United Nations High Commissioner for Refugees</OrganizationName>
                <FirstName>Robert</FirstName>
                <Name>Robert Genninges</Name>
                <UserId>671133941</UserId>
                <LastName>Genninges</LastName>
            </FromUserDetails>
            <Status>Overdue</Status>
        </Mail>
        <Mail MailId="676834463">
            <ToUsers>
                <Recipient>
                    <OrganizationId>671093575</OrganizationId>
                    <OrganizationName>United Nations High Commissioner for Refugees</OrganizationName>
                    <Status>Overdue</Status>
                    <DistributionType>TO</DistributionType>
                    <FirstName>Clare</FirstName>
                    <Name>Ms Clare Askew</Name>
                    <UserId>671136049</UserId>
                    <LastName>Askew</LastName>
                </Recipient>
            </ToUsers>
            <FromUserDetails>
                <OrganizationId>671093575</OrganizationId>
                <OrganizationName>United Nations High Commissioner for Refugees</OrganizationName>
                <FirstName>Clare</FirstName>
                <Name>Ms Clare Askew</Name>
                <UserId>671136049</UserId>
                <LastName>Askew</LastName>
            </FromUserDetails>
            <Status>Overdue</Status>
        </Mail>
        <Mail MailId="676834468">
            <ToUsers>
                <Recipient>
                    <OrganizationId>671093575</OrganizationId>
                    <OrganizationName>United Nations High Commissioner for Refugees</OrganizationName>
                    <Status>Overdue</Status>
                    <DistributionType>TO</DistributionType>
                    <FirstName>Robert</FirstName>
                    <Name>Robert Genninges</Name>
                    <UserId>671133941</UserId>
                    <LastName>Genninges</LastName>
                </Recipient>
            </ToUsers>
            <FromUserDetails>
                <OrganizationId>671093575</OrganizationId>
                <OrganizationName>United Nations High Commissioner for Refugees</OrganizationName>
                <FirstName>Robert</FirstName>
                <Name>Robert Genninges</Name>
                <UserId>671133941</UserId>
                <LastName>Genninges</LastName>
            </FromUserDetails>
            <Status>Overdue</Status>
        </Mail>
        <Mail MailId="676834469">
            <ToUsers>
                <Recipient>
                    <OrganizationId>671093575</OrganizationId>
                    <OrganizationName>United Nations High Commissioner for Refugees</OrganizationName>
                    <Status>Overdue</Status>
                    <DistributionType>TO</DistributionType>
                    <FirstName>Robert</FirstName>
                    <Name>Mr Robert Berenyi</Name>
                    <UserId>671153455</UserId>
                    <LastName>Berenyi</LastName>
                </Recipient>
            </ToUsers>
            <FromUserDetails>
                <OrganizationId>671093575</OrganizationId>
                <OrganizationName>United Nations High Commissioner for Refugees</OrganizationName>
                <FirstName>Robert</FirstName>
                <Name>Mr Robert Berenyi</Name>
                <UserId>671153455</UserId>
                <LastName>Berenyi</LastName>
            </FromUserDetails>
            <Status>Overdue</Status>
        </Mail>
        <Mail MailId="676834654">
            <ToUsers>
                <Recipient>
                    <OrganizationId>671093575</OrganizationId>
                    <OrganizationName>United Nations High Commissioner for Refugees</OrganizationName>
                    <Status>Overdue</Status>
                    <DistributionType>TO</DistributionType>
                    <FirstName>Robert</FirstName>
                    <Name>Robert Genninges</Name>
                    <UserId>671133941</UserId>
                    <LastName>Genninges</LastName>
                </Recipient>
            </ToUsers>
            <FromUserDetails>
                <OrganizationId>671093575</OrganizationId>
                <OrganizationName>United Nations High Commissioner for Refugees</OrganizationName>
                <FirstName>Robert</FirstName>
                <Name>Robert Genninges</Name>
                <UserId>671133941</UserId>
                <LastName>Genninges</LastName>
            </FromUserDetails>
            <Status>Overdue</Status>
        </Mail>
        <Mail MailId="676834655">
            <ToUsers>
                <Recipient>
                    <OrganizationId>671093575</OrganizationId>
                    <OrganizationName>United Nations High Commissioner for Refugees</OrganizationName>
                    <Status>Overdue</Status>
                    <DistributionType>TO</DistributionType>
                    <FirstName>Clare</FirstName>
                    <Name>Ms Clare Askew</Name>
                    <UserId>671136049</UserId>
                    <LastName>Askew</LastName>
                </Recipient>
            </ToUsers>
            <FromUserDetails>
                <OrganizationId>671093575</OrganizationId>
                <OrganizationName>United Nations High Commissioner for Refugees</OrganizationName>
                <FirstName>Clare</FirstName>
                <Name>Ms Clare Askew</Name>
                <UserId>671136049</UserId>
                <LastName>Askew</LastName>
            </FromUserDetails>
            <Status>Overdue</Status>
        </Mail>
        <Mail MailId="676834904">
            <ToUsers>
                <Recipient>
                    <OrganizationId>671094793</OrganizationId>
                    <OrganizationName>Global Humanitarian Solutions</OrganizationName>
                    <Status>Overdue</Status>
                    <DistributionType>TO</DistributionType>
                    <FirstName>BOB</FirstName>
                    <Name>BOB Genninges</Name>
                    <UserId>671135668</UserId>
                    <LastName>Genninges</LastName>
                </Recipient>
            </ToUsers>
            <FromUserDetails>
                <OrganizationId>671093575</OrganizationId>
                <OrganizationName>United Nations High Commissioner for Refugees</OrganizationName>
                <FirstName>Deogratias</FirstName>
                <Name>Deogratias Habimana</Name>
                <UserId>671136894</UserId>
                <LastName>Habimana</LastName>
            </FromUserDetails>
            <Status>Overdue</Status>
        </Mail>
    </SearchResults>
</MailSearch>