Region,Project/ABC,Partner Agreement / Contract,Recipient Organisation,Recipients,Overdue,MailId
,,,Global Humanitarian Solutions,Izabella GHS,1,676790364
,,,Global Humanitarian Solutions,BOB Genninges,4,676790389
,,,Global Humanitarian Solutions,Phoebe GHS,2,676790371
,,,Global Humanitarian Solutions,Atilla GHS,3,676790379
,,,Global Humanitarian Solutions,Frankie GHS,1,676790369
,,,Global Humanitarian Solutions,Katharina GHS,2,676790368
,,,Global Humanitarian Solutions,Carlo GHS,1,676790405
,,,Global Humanitarian Solutions,Reka GHS,1,676790406
,,,Global Humanitarian Solutions,Michael GHS,7,676790420
,,,United Nations High Commissioner for Refugees,Deogratias Habimana,1,676790431
,,,Global Humanitarian Solutions,Michael GHS,7,676790431
,,,Global Humanitarian Solutions,Katharina GHS,2,676790454
,,,United Nations High Commissioner for Refugees,Viola Caracciolo,1,676790477
,,,Global Humanitarian Solutions,Michael GHS,7,676790464
,,,United Nations High Commissioner for Refugees,Attila Vondorkovics,1,676790494
,,,Global Humanitarian Solutions,Phoebe GHS,2,676790511
,,,Global Humanitarian Solutions,Michael GHS,7,676790529
,,,United Nations High Commissioner for Refugees,Adel Kasenova,2,676790565
,,,United Nations High Commissioner for Refugees,Adel Kasenova,2,676790570
,,,Global Humanitarian Solutions,Michael GHS,7,676790450
,,,Global Humanitarian Solutions,Atilla GHS,3,676790606
,,,Global Humanitarian Solutions,Michael GHS,7,676790624
,,,United Nations High Commissioner for Refugees,Robert Hurt,2,676790695
,,,United Nations High Commissioner for Refugees,Robert Hurt,2,676790705
,,,Global Humanitarian Solutions,Katharina GHS,2,676790705
,,,Global Humanitarian Solutions,Atilla GHS,3,676790732
,,,Global Humanitarian Solutions,BOB Genninges,4,676790789
,,,United Nations High Commissioner for Refugees,Robert Berenyi,2,676790850
,,,Global Humanitarian Solutions,Michael GHS,7,676790860
,,,United Nations High Commissioner for Refugees,Robert Genninges,5,676790935
,,,United Nations High Commissioner for Refugees,Robert Genninges,5,676790970
,,,Global Humanitarian Solutions,BOB Genninges,4,676791079
,,,United Nations High Commissioner for Refugees,Robert Genninges,5,676791144
,,,United Nations High Commissioner for Refugees,Clare Askew,2,676834463
,,,United Nations High Commissioner for Refugees,Robert Genninges,5,676834468
,,,United Nations High Commissioner for Refugees,Robert Berenyi,2,676834469
,,,United Nations High Commissioner for Refugees,Robert Genninges,5,676834654
,,,United Nations High Commissioner for Refugees,Clare Askew,2,676834655
,,,Global Humanitarian Solutions,BOB Genninges,4,676834904
