Contract Item No.,Contract Item Name,Control Account (Code & Name),Control Element,Financial Plan,controlElementId,Current Financial Plan,Actuals YTD,contractId,controlAccountId,controlElementCategoryId,Remaining to spend,Percent Invoiced,id
32061Y23P062017.0001,OA8105-AJL-XXX-LAM-01-611120 Partner – Project – IS,32061Y23P062017/OA8/105/AJL-XXX-LAM-01,611120 Partner – Project – IS,700000.0,140256,700000.0,87733.33,6889,94886,1993,612266.67,12.533332857142856,51294
32061Y23P062017.0006,OA8105-AJL-XXX-LAM-01-611117 Partner – Travel – DS,32061Y23P062017/OA8/105/AJL-XXX-LAM-01,611117 Partner – Travel – DS,0.0,140258,0.0,0.0,6889,94886,1990,0.0,0.0,51295
32061Y23P062017.0008,OA8105-AJL-XXX-LAM-01-611101 Partner – Staff – DP,32061Y23P062017/OA8/105/AJL-XXX-LAM-01,611101 Partner – Staff – DP,2000000.0,140755,2000000.0,100000.0,6889,94886,1979,1900000.0,5.0,51296
32061Y23P062017.0009,OA8105-AJL-XXX-LAM-01-611102 Partner – Supplies POC – DP,32061Y23P062017/OA8/105/AJL-XXX-LAM-01,611102 Partner – Supplies POC – DP,2000000.0,140260,2000000.0,100000.0,6889,94886,1980,1900000.0,5.0,51297
32061Y23P062017.0010,OA8105-AJL-XXX-LAM-01-611103 Partner – Equipment – DP,32061Y23P062017/OA8/105/AJL-XXX-LAM-01,611103 Partner – Equipment – DP,1000000.0,140756,1000000.0,100000.0,6889,94886,1981,900000.0,10.0,51298
32061Y23P062017.0011,OA8105-AJL-XXX-LAM-01-611104 Partner – Contracts POC – DP,32061Y23P062017/OA8/105/AJL-XXX-LAM-01,611104 Partner – Contracts POC – DP,1000000.0,140261,1000000.0,100000.0,6889,94886,1982,900000.0,10.0,51299
32061Y23P062017.0012,OA8105-AJL-XXX-LAM-01-611105 Partner – Contracts Ind. – DP,32061Y23P062017/OA8/105/AJL-XXX-LAM-01,611105 Partner – Contracts Ind. – DP,1000000.0,141002,1000000.0,100000.0,6889,94886,1995,900000.0,10.0,51300
32061Y23P062017.0013,OA8105-AJL-XXX-LAM-01-611106 Partner – Contract NonInd – DP,32061Y23P062017/OA8/105/AJL-XXX-LAM-01,611106 Partner – Contract NonInd – DP,1000000.0,140757,1000000.0,100000.0,6889,94886,1996,900000.0,10.0,51301
32061Y23P062017.0002,OA8105-AJL-XXX-LAM-01-611111 Partner – Staff – DS,32061Y23P062017/OA8/105/AJL-XXX-LAM-01,611111 Partner – Staff – DS,0.0,140752,0.0,0.0,6889,94886,1986,0.0,0.0,51260
32061Y23P062017.0003,OA8105-AJL-XXX-LAM-01-611113 Partner – Equipment – DS,32061Y23P062017/OA8/105/AJL-XXX-LAM-01,611113 Partner – Equipment – DS,0.0,140257,0.0,0.0,6889,94886,1988,0.0,0.0,51261
32061Y23P062017.0004,OA8105-AJL-XXX-LAM-01-611115 Partner – Contracts Ind. – DS,32061Y23P062017/OA8/105/AJL-XXX-LAM-01,611115 Partner – Contracts Ind. – DS,0.0,140753,0.0,0.0,6889,94886,1997,0.0,0.0,51262
32061Y23P062017.0005,OA8105-AJL-XXX-LAM-01-611116 Partner – Contract NonInd – DS,32061Y23P062017/OA8/105/AJL-XXX-LAM-01,611116 Partner – Contract NonInd – DS,0.0,140754,0.0,0.0,6889,94886,1998,0.0,0.0,51263
32061Y23P062017.0007,OA8105-AJL-XXX-LAM-01-611119 Partner – OperatingDirect – DS,32061Y23P062017/OA8/105/AJL-XXX-LAM-01,611119 Partner – OperatingDirect – DS,0.0,140259,0.0,0.0,6889,94886,1992,0.0,0.0,51264
32061Y23P062017.0015,OA8105-AJL-XXX-LAM-01-611108 Partner – TransfersGrants – DP,32061Y23P062017/OA8/105/AJL-XXX-LAM-01,611108 Partner – TransfersGrants – DP,1000000.0,140758,1000000.0,100000.0,6889,94886,1984,900000.0,10.0,51265
32061Y23P062017.0016,OA1410M-AJL-XXX-LAM-01-611120 Partner – Project – IS,32061Y23P062017/OA14/10M/AJL-XXX-LAM-01,611120 Partner – Project – IS,700000.0,140759,700000.0,87733.33,6889,94909,1993,612266.67,12.533332857142856,51266
32061Y23P062017.0017,OA1410M-AJL-XXX-LAM-01-611111 Partner – Staff – DS,32061Y23P062017/OA14/10M/AJL-XXX-LAM-01,611111 Partner – Staff – DS,0.0,140760,0.0,0.0,6889,94909,1986,0.0,0.0,51267
32061Y23P062017.0014,OA8105-AJL-XXX-LAM-01-611107 Partner – Travel – DP,32061Y23P062017/OA8/105/AJL-XXX-LAM-01,611107 Partner – Travel – DP,1000000.0,141003,1000000.0,100000.0,6889,94886,1983,900000.0,10.0,51302
32061Y23P062017.0018,OA1410M-AJL-XXX-LAM-01-611113 Partner – Equipment – DS,32061Y23P062017/OA14/10M/AJL-XXX-LAM-01,611113 Partner – Equipment – DS,0.0,141004,0.0,0.0,6889,94909,1988,0.0,0.0,51303
32061Y23P062017.0019,OA1410M-AJL-XXX-LAM-01-611115 Partner – Contracts Ind. – DS,32061Y23P062017/OA14/10M/AJL-XXX-LAM-01,611115 Partner – Contracts Ind. – DS,0.0,141005,0.0,0.0,6889,94909,1997,0.0,0.0,51304
32061Y23P062017.0022,OA1410M-AJL-XXX-LAM-01-611119 Partner – OperatingDirect – DS,32061Y23P062017/OA14/10M/AJL-XXX-LAM-01,611119 Partner – OperatingDirect – DS,0.0,141006,0.0,0.0,6889,94909,1992,0.0,0.0,51305
32061Y23P062017.0023,OA1410M-AJL-XXX-LAM-01-611101 Partner – Staff – DP,32061Y23P062017/OA14/10M/AJL-XXX-LAM-01,611101 Partner – Staff – DP,2000000.0,141007,1990000.0,100000.0,6889,94909,1979,1890000.0,5.025125628140704,51306
32061Y23P062017.0025,OA1410M-AJL-XXX-LAM-01-611103 Partner – Equipment – DP,32061Y23P062017/OA14/10M/AJL-XXX-LAM-01,611103 Partner – Equipment – DP,1000000.0,141008,990000.0,120000.0,6889,94909,1981,870000.0,12.121212121212121,51307
32061Y23P062017.0027,OA1410M-AJL-XXX-LAM-01-611105 Partner – Contracts Ind. – DP,32061Y23P062017/OA14/10M/AJL-XXX-LAM-01,611105 Partner – Contracts Ind. – DP,1000000.0,141009,990000.0,140000.0,6889,94909,1995,850000.0,14.14141414141414,51308
32061Y23P062017.0029,OA1410M-AJL-XXX-LAM-01-611107 Partner – Travel – DP,32061Y23P062017/OA14/10M/AJL-XXX-LAM-01,611107 Partner – Travel – DP,1000000.0,141010,970000.0,160000.0,6889,94909,1983,810000.0,16.49484536082474,51309
32061Y23P062017.0031,OA1100-AJL-XXX-LAM-01-611120 Partner – Project – IS,32061Y23P062017/OA1/100/AJL-XXX-LAM-01,611120 Partner – Project – IS,700000.0,141011,700000.0,87733.33,6889,94888,1993,612266.67,12.533332857142856,51310
32061Y23P062017.0035,OA1100-AJL-XXX-LAM-01-611116 Partner – Contract NonInd – DS,32061Y23P062017/OA1/100/AJL-XXX-LAM-01,611116 Partner – Contract NonInd – DS,0.0,141012,0.0,0.0,6889,94888,1998,0.0,0.0,51311
32061Y23P062017.0020,OA1410M-AJL-XXX-LAM-01-611116 Partner – Contract NonInd – DS,32061Y23P062017/OA14/10M/AJL-XXX-LAM-01,611116 Partner – Contract NonInd – DS,0.0,140761,0.0,0.0,6889,94909,1998,0.0,0.0,51268
32061Y23P062017.0021,OA1410M-AJL-XXX-LAM-01-611117 Partner – Travel – DS,32061Y23P062017/OA14/10M/AJL-XXX-LAM-01,611117 Partner – Travel – DS,0.0,141402,0.0,0.0,6889,94909,1990,0.0,0.0,51269
32061Y23P062017.0024,OA1410M-AJL-XXX-LAM-01-611102 Partner – Supplies POC – DP,32061Y23P062017/OA14/10M/AJL-XXX-LAM-01,611102 Partner – Supplies POC – DP,2000000.0,141403,2010000.0,110000.0,6889,94909,1980,1900000.0,5.472636815920398,51270
32061Y23P062017.0026,OA1410M-AJL-XXX-LAM-01-611104 Partner – Contracts POC – DP,32061Y23P062017/OA14/10M/AJL-XXX-LAM-01,611104 Partner – Contracts POC – DP,1000000.0,141404,1010000.0,130000.0,6889,94909,1982,880000.0,12.871287128712872,51271
32061Y23P062017.0028,OA1410M-AJL-XXX-LAM-01-611106 Partner – Contract NonInd – DP,32061Y23P062017/OA14/10M/AJL-XXX-LAM-01,611106 Partner – Contract NonInd – DP,1000000.0,141405,1010000.0,150000.0,6889,94909,1996,860000.0,14.85148514851485,51272
32061Y23P062017.0030,OA1410M-AJL-XXX-LAM-01-611108 Partner – TransfersGrants – DP,32061Y23P062017/OA14/10M/AJL-XXX-LAM-01,611108 Partner – TransfersGrants – DP,1000000.0,141406,1010000.0,170000.0,6889,94909,1984,840000.0,16.831683168316832,51273
32061Y23P062017.0032,OA1100-AJL-XXX-LAM-01-611111 Partner – Staff – DS,32061Y23P062017/OA1/100/AJL-XXX-LAM-01,611111 Partner – Staff – DS,0.0,141407,0.0,0.0,6889,94888,1986,0.0,0.0,51314
32061Y23P062017.0033,OA1100-AJL-XXX-LAM-01-611113 Partner – Equipment – DS,32061Y23P062017/OA1/100/AJL-XXX-LAM-01,611113 Partner – Equipment – DS,0.0,141408,0.0,0.0,6889,94888,1988,0.0,0.0,51315
32061Y23P062017.0034,OA1100-AJL-XXX-LAM-01-611115 Partner – Contracts Ind. – DS,32061Y23P062017/OA1/100/AJL-XXX-LAM-01,611115 Partner – Contracts Ind. – DS,0.0,141409,0.0,0.0,6889,94888,1997,0.0,0.0,51316
32061Y23P062017.0037,OA1100-AJL-XXX-LAM-01-611119 Partner – OperatingDirect – DS,32061Y23P062017/OA1/100/AJL-XXX-LAM-01,611119 Partner – OperatingDirect – DS,0.0,141410,0.0,0.0,6889,94888,1992,0.0,0.0,51317
32061Y23P062017.0036,OA1100-AJL-XXX-LAM-01-611117 Partner – Travel – DS,32061Y23P062017/OA1/100/AJL-XXX-LAM-01,611117 Partner – Travel – DS,0.0,141013,0.0,0.0,6889,94888,1990,0.0,0.0,51312
32061Y23P062017.0038,OA1100-AJL-XXX-LAM-01-611101 Partner – Staff – DP,32061Y23P062017/OA1/100/AJL-XXX-LAM-01,611101 Partner – Staff – DP,2000000.0,141014,1980000.0,200000.0,6889,94888,1979,1780000.0,10.1010101010101,51313
32061Y23P062017.0039,OA1100-AJL-XXX-LAM-01-611102 Partner – Supplies POC – DP,32061Y23P062017/OA1/100/AJL-XXX-LAM-01,611102 Partner – Supplies POC – DP,2000000.0,141015,2020000.0,210000.0,6889,94888,1980,1810000.0,10.396039603960396,51334
32061Y23P062017.0040,OA1100-AJL-XXX-LAM-01-611103 Partner – Equipment – DP,32061Y23P062017/OA1/100/AJL-XXX-LAM-01,611103 Partner – Equipment – DP,1000000.0,141411,980000.0,220000.0,6889,94888,1981,760000.0,22.448979591836736,51335
32061Y23P062017.0041,OA1100-AJL-XXX-LAM-01-611104 Partner – Contracts POC – DP,32061Y23P062017/OA1/100/AJL-XXX-LAM-01,611104 Partner – Contracts POC – DP,1000000.0,141016,1020000.0,230000.0,6889,94888,1982,790000.0,22.54901960784314,51336
32061Y23P062017.0043,OA1100-AJL-XXX-LAM-01-611106 Partner – Contract NonInd – DP,32061Y23P062017/OA1/100/AJL-XXX-LAM-01,611106 Partner – Contract NonInd – DP,1000000.0,141017,1020000.0,250000.0,6889,94888,1996,770000.0,24.509803921568626,51337
32061Y23P062017.0045,OA1100-AJL-XXX-LAM-01-611108 Partner – TransfersGrants – DP,32061Y23P062017/OA1/100/AJL-XXX-LAM-01,611108 Partner – TransfersGrants – DP,1000000.0,141414,1020000.0,270000.0,6889,94888,1984,750000.0,26.47058823529412,51338
32061Y23P062017.0042,OA1100-AJL-XXX-LAM-01-611105 Partner – Contracts Ind. – DP,32061Y23P062017/OA1/100/AJL-XXX-LAM-01,611105 Partner – Contracts Ind. – DP,1000000.0,141412,980000.0,240000.0,6889,94888,1995,740000.0,24.489795918367346,51318
32061Y23P062017.0044,OA1100-AJL-XXX-LAM-01-611107 Partner – Travel – DP,32061Y23P062017/OA1/100/AJL-XXX-LAM-01,611107 Partner – Travel – DP,1000000.0,141413,950000.0,260000.0,6889,94888,1983,690000.0,27.368421052631582,51319
32063Y23P184048.0013,EA2010Q-ALB-XXX-LAM-01-611106 Partner – Contract NonInd – DP,32063Y23P184048/EA20/10Q/ALB-XXX-LAM-01,611106 Partner – Contract NonInd – DP,0.0,155370,0.0,0.0,6967,102004,1996,0.0,0.0,51674
32063Y23P184048.0001,EA2010Q-ALB-XXX-LAM-01-611120 Partner – Project – IS,32063Y23P184048/EA20/10Q/ALB-XXX-LAM-01,611120 Partner – Project – IS,3640000.0,141237,3640000.0,0.0,6967,102004,1993,3640000.0,0.0,51655
32063Y23P184048.0002,EA2010Q-ALB-XXX-LAM-01-611111 Partner – Staff – DS,32063Y23P184048/EA20/10Q/ALB-XXX-LAM-01,611111 Partner – Staff – DS,0.0,141238,0.0,0.0,6967,102004,1986,0.0,0.0,51656
32063Y23P184048.0003,EA2010Q-ALB-XXX-LAM-01-611113 Partner – Equipment – DS,32063Y23P184048/EA20/10Q/ALB-XXX-LAM-01,611113 Partner – Equipment – DS,0.0,141239,0.0,0.0,6967,102004,1988,0.0,0.0,51657
32063Y23P184048.0004,EA2010Q-ALB-XXX-LAM-01-611115 Partner – Contracts Ind. – DS,32063Y23P184048/EA20/10Q/ALB-XXX-LAM-01,611115 Partner – Contracts Ind. – DS,0.0,155365,0.0,0.0,6967,102004,1997,0.0,0.0,51658
32063Y23P184048.0005,EA2010Q-ALB-XXX-LAM-01-611116 Partner – Contract NonInd – DS,32063Y23P184048/EA20/10Q/ALB-XXX-LAM-01,611116 Partner – Contract NonInd – DS,0.0,155366,0.0,0.0,6967,102004,1998,0.0,0.0,51659
32063Y23P184048.0006,EA2010Q-ALB-XXX-LAM-01-611117 Partner – Travel – DS,32063Y23P184048/EA20/10Q/ALB-XXX-LAM-01,611117 Partner – Travel – DS,0.0,141240,0.0,0.0,6967,102004,1990,0.0,0.0,51660
32063Y23P184048.0007,EA2010Q-ALB-XXX-LAM-01-611119 Partner – OperatingDirect – DS,32063Y23P184048/EA20/10Q/ALB-XXX-LAM-01,611119 Partner – OperatingDirect – DS,0.0,141241,0.0,0.0,6967,102004,1992,0.0,0.0,51661
32063Y23P184048.0008,EA2010Q-ALB-XXX-LAM-01-611101 Partner – Staff – DP,32063Y23P184048/EA20/10Q/ALB-XXX-LAM-01,611101 Partner – Staff – DP,0.0,155367,0.0,0.0,6967,102004,1979,0.0,0.0,51662
32063Y23P184048.0009,EA2010Q-ALB-XXX-LAM-01-611102 Partner – Supplies POC – DP,32063Y23P184048/EA20/10Q/ALB-XXX-LAM-01,611102 Partner – Supplies POC – DP,52000000.0,155402,52000000.0,0.0,6967,102004,1980,52000000.0,0.0,51663
32063Y23P184048.0010,EA2010Q-ALB-XXX-LAM-01-611103 Partner – Equipment – DP,32063Y23P184048/EA20/10Q/ALB-XXX-LAM-01,611103 Partner – Equipment – DP,0.0,155368,0.0,0.0,6967,102004,1981,0.0,0.0,51664
32063Y23P184048.0011,EA2010Q-ALB-XXX-LAM-01-611104 Partner – Contracts POC – DP,32063Y23P184048/EA20/10Q/ALB-XXX-LAM-01,611104 Partner – Contracts POC – DP,0.0,155369,0.0,0.0,6967,102004,1982,0.0,0.0,51665
32063Y23P184048.0012,EA2010Q-ALB-XXX-LAM-01-611105 Partner – Contracts Ind. – DP,32063Y23P184048/EA20/10Q/ALB-XXX-LAM-01,611105 Partner – Contracts Ind. – DP,0.0,155403,0.0,0.0,6967,102004,1995,0.0,0.0,51666
32063Y23P184048.0014,EA2010Q-ALB-XXX-LAM-01-611107 Partner – Travel – DP,32063Y23P184048/EA20/10Q/ALB-XXX-LAM-01,611107 Partner – Travel – DP,0.0,155404,0.0,0.0,6967,102004,1983,0.0,0.0,51667
32063Y23P184048.0016,OA9106-ALB-XXX-LAM-01-611120 Partner – Project – IS,32063Y23P184048/OA9/106/ALB-XXX-LAM-01,611120 Partner – Project – IS,39200.0,155405,39200.0,0.0,6967,102006,1993,39200.0,0.0,51668
32063Y23P184048.0017,OA9106-ALB-XXX-LAM-01-611111 Partner – Staff – DS,32063Y23P184048/OA9/106/ALB-XXX-LAM-01,611111 Partner – Staff – DS,0.0,155406,0.0,0.0,6967,102006,1986,0.0,0.0,51669
32063Y23P184048.0018,OA9106-ALB-XXX-LAM-01-611113 Partner – Equipment – DS,32063Y23P184048/OA9/106/ALB-XXX-LAM-01,611113 Partner – Equipment – DS,0.0,155372,0.0,0.0,6967,102006,1988,0.0,0.0,51670
32063Y23P184048.0019,OA9106-ALB-XXX-LAM-01-611115 Partner – Contracts Ind. – DS,32063Y23P184048/OA9/106/ALB-XXX-LAM-01,611115 Partner – Contracts Ind. – DS,0.0,155407,0.0,0.0,6967,102006,1997,0.0,0.0,51671
32063Y23P184048.0021,OA9106-ALB-XXX-LAM-01-611117 Partner – Travel – DS,32063Y23P184048/OA9/106/ALB-XXX-LAM-01,611117 Partner – Travel – DS,0.0,155408,0.0,0.0,6967,102006,1990,0.0,0.0,51672
32063Y23P184048.0024,OA9106-ALB-XXX-LAM-01-611102 Partner – Supplies POC – DP,32063Y23P184048/OA9/106/ALB-XXX-LAM-01,611102 Partner – Supplies POC – DP,560000.0,155409,560000.0,0.0,6967,102006,1980,560000.0,0.0,51673
32063Y23P184048.0015,EA2010Q-ALB-XXX-LAM-01-611108 Partner – TransfersGrants – DP,32063Y23P184048/EA20/10Q/ALB-XXX-LAM-01,611108 Partner – TransfersGrants – DP,0.0,155371,0.0,0.0,6967,102004,1984,0.0,0.0,51675
32063Y23P184048.0020,OA9106-ALB-XXX-LAM-01-611116 Partner – Contract NonInd – DS,32063Y23P184048/OA9/106/ALB-XXX-LAM-01,611116 Partner – Contract NonInd – DS,0.0,155373,0.0,0.0,6967,102006,1998,0.0,0.0,51676
32063Y23P184048.0022,OA9106-ALB-XXX-LAM-01-611119 Partner – OperatingDirect – DS,32063Y23P184048/OA9/106/ALB-XXX-LAM-01,611119 Partner – OperatingDirect – DS,0.0,155374,0.0,0.0,6967,102006,1992,0.0,0.0,51677
32063Y23P184048.0023,OA9106-ALB-XXX-LAM-01-611101 Partner – Staff – DP,32063Y23P184048/OA9/106/ALB-XXX-LAM-01,611101 Partner – Staff – DP,0.0,155375,0.0,0.0,6967,102006,1979,0.0,0.0,51678
32063Y23P184048.0025,OA9106-ALB-XXX-LAM-01-611103 Partner – Equipment – DP,32063Y23P184048/OA9/106/ALB-XXX-LAM-01,611103 Partner – Equipment – DP,0.0,155376,0.0,0.0,6967,102006,1981,0.0,0.0,51679
32063Y23P184048.0029,OA9106-ALB-XXX-LAM-01-611107 Partner – Travel – DP,32063Y23P184048/OA9/106/ALB-XXX-LAM-01,611107 Partner – Travel – DP,0.0,155378,0.0,0.0,6967,102006,1983,0.0,0.0,51680
32063Y23P184048.0032,OA210A-ALB-XXX-LAM-01-611111 Partner – Staff – DS,32063Y23P184048/OA2/10A/ALB-XXX-LAM-01,611111 Partner – Staff – DS,0.0,155379,0.0,0.0,6967,102008,1986,0.0,0.0,51681
32063Y23P184048.0034,OA210A-ALB-XXX-LAM-01-611115 Partner – Contracts Ind. – DS,32063Y23P184048/OA2/10A/ALB-XXX-LAM-01,611115 Partner – Contracts Ind. – DS,0.0,155380,0.0,0.0,6967,102008,1997,0.0,0.0,51682
32063Y23P184048.0036,OA210A-ALB-XXX-LAM-01-611117 Partner – Travel – DS,32063Y23P184048/OA2/10A/ALB-XXX-LAM-01,611117 Partner – Travel – DS,0.0,155381,0.0,0.0,6967,102008,1990,0.0,0.0,51683
32063Y23P184048.0037,OA210A-ALB-XXX-LAM-01-611119 Partner – OperatingDirect – DS,32063Y23P184048/OA2/10A/ALB-XXX-LAM-01,611119 Partner – OperatingDirect – DS,0.0,155802,0.0,0.0,6967,102008,1992,0.0,0.0,51684
32063Y23P184048.0026,OA9106-ALB-XXX-LAM-01-611104 Partner – Contracts POC – DP,32063Y23P184048/OA9/106/ALB-XXX-LAM-01,611104 Partner – Contracts POC – DP,0.0,155410,0.0,0.0,6967,102006,1982,0.0,0.0,51694
32063Y23P184048.0027,OA9106-ALB-XXX-LAM-01-611105 Partner – Contracts Ind. – DP,32063Y23P184048/OA9/106/ALB-XXX-LAM-01,611105 Partner – Contracts Ind. – DP,0.0,155411,0.0,0.0,6967,102006,1995,0.0,0.0,51695
32063Y23P184048.0028,OA9106-ALB-XXX-LAM-01-611106 Partner – Contract NonInd – DP,32063Y23P184048/OA9/106/ALB-XXX-LAM-01,611106 Partner – Contract NonInd – DP,0.0,155377,0.0,0.0,6967,102006,1996,0.0,0.0,51696
32063Y23P184048.0030,OA9106-ALB-XXX-LAM-01-611108 Partner – TransfersGrants – DP,32063Y23P184048/OA9/106/ALB-XXX-LAM-01,611108 Partner – TransfersGrants – DP,0.0,155412,0.0,0.0,6967,102006,1984,0.0,0.0,51697
32063Y23P184048.0031,OA210A-ALB-XXX-LAM-01-611120 Partner – Project – IS,32063Y23P184048/OA2/10A/ALB-XXX-LAM-01,611120 Partner – Project – IS,385000.0,155413,385000.0,0.0,6967,102008,1993,385000.0,0.0,51698
32063Y23P184048.0033,OA210A-ALB-XXX-LAM-01-611113 Partner – Equipment – DS,32063Y23P184048/OA2/10A/ALB-XXX-LAM-01,611113 Partner – Equipment – DS,0.0,155414,0.0,0.0,6967,102008,1988,0.0,0.0,51699
32063Y23P184048.0035,OA210A-ALB-XXX-LAM-01-611116 Partner – Contract NonInd – DS,32063Y23P184048/OA2/10A/ALB-XXX-LAM-01,611116 Partner – Contract NonInd – DS,0.0,155415,0.0,0.0,6967,102008,1998,0.0,0.0,51700
32063Y23P184048.0038,OA210A-ALB-XXX-LAM-01-611101 Partner – Staff – DP,32063Y23P184048/OA2/10A/ALB-XXX-LAM-01,611101 Partner – Staff – DP,0.0,155416,0.0,0.0,6967,102008,1979,0.0,0.0,51701
32063Y23P184048.0039,OA210A-ALB-XXX-LAM-01-611102 Partner – Supplies POC – DP,32063Y23P184048/OA2/10A/ALB-XXX-LAM-01,611102 Partner – Supplies POC – DP,5500000.0,155417,5500000.0,0.0,6967,102008,1980,5500000.0,0.0,51702
32063Y23P184048.0041,OA210A-ALB-XXX-LAM-01-611104 Partner – Contracts POC – DP,32063Y23P184048/OA2/10A/ALB-XXX-LAM-01,611104 Partner – Contracts POC – DP,0.0,155418,0.0,0.0,6967,102008,1982,0.0,0.0,51703
32063Y23P184048.0040,OA210A-ALB-XXX-LAM-01-611103 Partner – Equipment – DP,32063Y23P184048/OA2/10A/ALB-XXX-LAM-01,611103 Partner – Equipment – DP,0.0,155803,0.0,0.0,6967,102008,1981,0.0,0.0,51685
32063Y23P184048.0042,OA210A-ALB-XXX-LAM-01-611105 Partner – Contracts Ind. – DP,32063Y23P184048/OA2/10A/ALB-XXX-LAM-01,611105 Partner – Contracts Ind. – DP,0.0,155804,0.0,0.0,6967,102008,1995,0.0,0.0,51686
32063Y23P184048.0044,OA210A-ALB-XXX-LAM-01-611107 Partner – Travel – DP,32063Y23P184048/OA2/10A/ALB-XXX-LAM-01,611107 Partner – Travel – DP,0.0,155805,0.0,0.0,6967,102008,1983,0.0,0.0,51687
32063Y23P184048.0043,OA210A-ALB-XXX-LAM-01-611106 Partner – Contract NonInd – DP,32063Y23P184048/OA2/10A/ALB-XXX-LAM-01,611106 Partner – Contract NonInd – DP,0.0,155419,0.0,0.0,6967,102008,1996,0.0,0.0,51704
32063Y23P184048.0045,OA210A-ALB-XXX-LAM-01-611108 Partner – TransfersGrants – DP,32063Y23P184048/OA2/10A/ALB-XXX-LAM-01,611108 Partner – TransfersGrants – DP,0.0,155420,0.0,0.0,6967,102008,1984,0.0,0.0,51705
32061Y23M500496.0001,OA1100-ALA-XXX-LAM-01-611120 Partner – Project – IS,32061Y23M500496/OA1/100/ALA-XXX-LAM-01,611120 Partner – Project – IS,0.0,196334,0.0,0.0,8177,140104,1993,0.0,0.0,59089
32061Y23M500496.0006,OA1100-ALA-XXX-LAM-01-611117 Partner – Travel – DS,32061Y23M500496/OA1/100/ALA-XXX-LAM-01,611117 Partner – Travel – DS,0.0,195933,0.0,0.0,8177,140104,1990,0.0,0.0,59090
32061Y23M500496.0007,OA1100-ALA-XXX-LAM-01-611119 Partner – OperatingDirect – DS,32061Y23M500496/OA1/100/ALA-XXX-LAM-01,611119 Partner – OperatingDirect – DS,0.0,196338,0.0,0.0,8177,140104,1992,0.0,0.0,59091
32061Y23M500496.0013,OA1100-ALA-XXX-LAM-01-611106 Partner – Contract NonInd – DP,32061Y23M500496/OA1/100/ALA-XXX-LAM-01,611106 Partner – Contract NonInd – DP,0.0,195936,0.0,0.0,8177,140104,1996,0.0,0.0,59092
32061Y23M500496.0015,OA1100-ALA-XXX-LAM-01-611108 Partner – TransfersGrants – DP,32061Y23M500496/OA1/100/ALA-XXX-LAM-01,611108 Partner – TransfersGrants – DP,0.0,195937,0.0,0.0,8177,140104,1984,0.0,0.0,59093
32061Y23M500496.0018,OA1101-XXX-XXX-LCN-01-611113 Partner – Equipment – DS,32061Y23M500496/OA1/101/XXX-XXX-LCN-01,611113 Partner – Equipment – DS,0.0,195939,0.0,0.0,8177,140145,1988,0.0,0.0,59094
32061Y23M500496.0019,OA1101-XXX-XXX-LCN-01-611115 Partner – Contracts Ind. – DS,32061Y23M500496/OA1/101/XXX-XXX-LCN-01,611115 Partner – Contracts Ind. – DS,0.0,195940,0.0,0.0,8177,140145,1997,0.0,0.0,59095
32061Y23M500496.0022,OA1101-XXX-XXX-LCN-01-611119 Partner – OperatingDirect – DS,32061Y23M500496/OA1/101/XXX-XXX-LCN-01,611119 Partner – OperatingDirect – DS,0.0,196345,0.0,0.0,8177,140145,1992,0.0,0.0,59096
32061Y23M500496.0002,OA1100-ALA-XXX-LAM-01-611111 Partner – Staff – DS,32061Y23M500496/OA1/100/ALA-XXX-LAM-01,611111 Partner – Staff – DS,0.0,196335,0.0,0.0,8177,140104,1986,0.0,0.0,59069
32061Y23M500496.0003,OA1100-ALA-XXX-LAM-01-611113 Partner – Equipment – DS,32061Y23M500496/OA1/100/ALA-XXX-LAM-01,611113 Partner – Equipment – DS,0.0,196336,0.0,0.0,8177,140104,1988,0.0,0.0,59070
32061Y23M500496.0004,OA1100-ALA-XXX-LAM-01-611115 Partner – Contracts Ind. – DS,32061Y23M500496/OA1/100/ALA-XXX-LAM-01,611115 Partner – Contracts Ind. – DS,0.0,195932,0.0,0.0,8177,140104,1997,0.0,0.0,59071
32061Y23M500496.0005,OA1100-ALA-XXX-LAM-01-611116 Partner – Contract NonInd – DS,32061Y23M500496/OA1/100/ALA-XXX-LAM-01,611116 Partner – Contract NonInd – DS,0.0,196337,0.0,0.0,8177,140104,1998,0.0,0.0,59072
32061Y23M500496.0008,OA1100-ALA-XXX-LAM-01-611101 Partner – Staff – DP,32061Y23M500496/OA1/100/ALA-XXX-LAM-01,611101 Partner – Staff – DP,10000.0,196339,10000.0,5000.0,8177,140104,1979,5000.0,50.0,59073
32061Y23M500496.0009,OA1100-ALA-XXX-LAM-01-611102 Partner – Supplies POC – DP,32061Y23M500496/OA1/100/ALA-XXX-LAM-01,611102 Partner – Supplies POC – DP,0.0,195934,0.0,0.0,8177,140104,1980,0.0,0.0,59074
32061Y23M500496.0010,OA1100-ALA-XXX-LAM-01-611103 Partner – Equipment – DP,32061Y23M500496/OA1/100/ALA-XXX-LAM-01,611103 Partner – Equipment – DP,0.0,196340,0.0,0.0,8177,140104,1981,0.0,0.0,59075
32061Y23M500496.0011,OA1100-ALA-XXX-LAM-01-611104 Partner – Contracts POC – DP,32061Y23M500496/OA1/100/ALA-XXX-LAM-01,611104 Partner – Contracts POC – DP,0.0,195935,0.0,0.0,8177,140104,1982,0.0,0.0,59076
32061Y23M500496.0012,OA1100-ALA-XXX-LAM-01-611105 Partner – Contracts Ind. – DP,32061Y23M500496/OA1/100/ALA-XXX-LAM-01,611105 Partner – Contracts Ind. – DP,0.0,196341,0.0,0.0,8177,140104,1995,0.0,0.0,59097
32061Y23M500496.0014,OA1100-ALA-XXX-LAM-01-611107 Partner – Travel – DP,32061Y23M500496/OA1/100/ALA-XXX-LAM-01,611107 Partner – Travel – DP,0.0,196342,0.0,0.0,8177,140104,1983,0.0,0.0,59098
32061Y23M500496.0016,OA1101-XXX-XXX-LCN-01-611120 Partner – Project – IS,32061Y23M500496/OA1/101/XXX-XXX-LCN-01,611120 Partner – Project – IS,0.0,196343,0.0,0.0,8177,140145,1993,0.0,0.0,59099
32061Y23M500496.0017,OA1101-XXX-XXX-LCN-01-611111 Partner – Staff – DS,32061Y23M500496/OA1/101/XXX-XXX-LCN-01,611111 Partner – Staff – DS,0.0,195938,0.0,0.0,8177,140145,1986,0.0,0.0,59100
32061Y23M500496.0020,OA1101-XXX-XXX-LCN-01-611116 Partner – Contract NonInd – DS,32061Y23M500496/OA1/101/XXX-XXX-LCN-01,611116 Partner – Contract NonInd – DS,0.0,195941,0.0,0.0,8177,140145,1998,0.0,0.0,59101
32061Y23M500496.0021,OA1101-XXX-XXX-LCN-01-611117 Partner – Travel – DS,32061Y23M500496/OA1/101/XXX-XXX-LCN-01,611117 Partner – Travel – DS,0.0,196344,0.0,0.0,8177,140145,1990,0.0,0.0,59102
32061Y23M500496.0023,OA1101-XXX-XXX-LCN-01-611101 Partner – Staff – DP,32061Y23M500496/OA1/101/XXX-XXX-LCN-01,611101 Partner – Staff – DP,0.0,196346,0.0,0.0,8177,140145,1979,0.0,0.0,59103
32061Y23M500496.0026,OA1101-XXX-XXX-LCN-01-611104 Partner – Contracts POC – DP,32061Y23M500496/OA1/101/XXX-XXX-LCN-01,611104 Partner – Contracts POC – DP,0.0,196347,0.0,0.0,8177,140145,1982,0.0,0.0,59104
32061Y23M500496.0027,OA1101-XXX-XXX-LCN-01-611105 Partner – Contracts Ind. – DP,32061Y23M500496/OA1/101/XXX-XXX-LCN-01,611105 Partner – Contracts Ind. – DP,0.0,195944,0.0,0.0,8177,140145,1995,0.0,0.0,59105
32061Y23M500496.0028,OA1101-XXX-XXX-LCN-01-611106 Partner – Contract NonInd – DP,32061Y23M500496/OA1/101/XXX-XXX-LCN-01,611106 Partner – Contract NonInd – DP,0.0,196348,0.0,0.0,8177,140145,1996,0.0,0.0,59106
32061Y23M500496.0024,OA1101-XXX-XXX-LCN-01-611102 Partner – Supplies POC – DP,32061Y23M500496/OA1/101/XXX-XXX-LCN-01,611102 Partner – Supplies POC – DP,20000.0,195942,20000.0,6000.0,8177,140145,1980,14000.0,30.0,59117
32061Y23M500496.0025,OA1101-XXX-XXX-LCN-01-611103 Partner – Equipment – DP,32061Y23M500496/OA1/101/XXX-XXX-LCN-01,611103 Partner – Equipment – DP,0.0,195943,0.0,0.0,8177,140145,1981,0.0,0.0,59118
32061Y23M500496.0030,OA1101-XXX-XXX-LCN-01-611108 Partner – TransfersGrants – DP,32061Y23M500496/OA1/101/XXX-XXX-LCN-01,611108 Partner – TransfersGrants – DP,0.0,195945,0.0,0.0,8177,140145,1984,0.0,0.0,59119
32061Y23M500496.0032,OA5102-XXX-XXX-LCN-01-611111 Partner – Staff – DS,32061Y23M500496/OA5/102/XXX-XXX-LCN-01,611111 Partner – Staff – DS,0.0,195946,0.0,0.0,8177,140129,1986,0.0,0.0,59120
32061Y23M500496.0034,OA5102-XXX-XXX-LCN-01-611115 Partner – Contracts Ind. – DS,32061Y23M500496/OA5/102/XXX-XXX-LCN-01,611115 Partner – Contracts Ind. – DS,0.0,195947,0.0,0.0,8177,140129,1997,0.0,0.0,59121
32061Y23M500496.0035,OA5102-XXX-XXX-LCN-01-611116 Partner – Contract NonInd – DS,32061Y23M500496/OA5/102/XXX-XXX-LCN-01,611116 Partner – Contract NonInd – DS,0.0,195948,0.0,0.0,8177,140129,1998,0.0,0.0,59122
32061Y23M500496.0040,OA5102-XXX-XXX-LCN-01-611103 Partner – Equipment – DP,32061Y23M500496/OA5/102/XXX-XXX-LCN-01,611103 Partner – Equipment – DP,30000.0,195950,30000.0,7000.0,8177,140129,1981,23000.0,23.333333333333332,59123
32061Y23M500496.0041,OA5102-XXX-XXX-LCN-01-611104 Partner – Contracts POC – DP,32061Y23M500496/OA5/102/XXX-XXX-LCN-01,611104 Partner – Contracts POC – DP,0.0,195951,0.0,0.0,8177,140129,1982,0.0,0.0,59124
32061Y23M500496.0029,OA1101-XXX-XXX-LCN-01-611107 Partner – Travel – DP,32061Y23M500496/OA1/101/XXX-XXX-LCN-01,611107 Partner – Travel – DP,0.0,196349,0.0,0.0,8177,140145,1983,0.0,0.0,59107
32061Y23M500496.0031,OA5102-XXX-XXX-LCN-01-611120 Partner – Project – IS,32061Y23M500496/OA5/102/XXX-XXX-LCN-01,611120 Partner – Project – IS,0.0,196350,0.0,0.0,8177,140129,1993,0.0,0.0,59108
32061Y23M500496.0033,OA5102-XXX-XXX-LCN-01-611113 Partner – Equipment – DS,32061Y23M500496/OA5/102/XXX-XXX-LCN-01,611113 Partner – Equipment – DS,0.0,196351,0.0,0.0,8177,140129,1988,0.0,0.0,59109
32061Y23M500496.0036,OA5102-XXX-XXX-LCN-01-611117 Partner – Travel – DS,32061Y23M500496/OA5/102/XXX-XXX-LCN-01,611117 Partner – Travel – DS,0.0,196352,0.0,0.0,8177,140129,1990,0.0,0.0,59110
32061Y23M500496.0037,OA5102-XXX-XXX-LCN-01-611119 Partner – OperatingDirect – DS,32061Y23M500496/OA5/102/XXX-XXX-LCN-01,611119 Partner – OperatingDirect – DS,0.0,196353,0.0,0.0,8177,140129,1992,0.0,0.0,59111
32061Y23M500496.0038,OA5102-XXX-XXX-LCN-01-611101 Partner – Staff – DP,32061Y23M500496/OA5/102/XXX-XXX-LCN-01,611101 Partner – Staff – DP,0.0,195949,0.0,0.0,8177,140129,1979,0.0,0.0,59112
32061Y23M500496.0039,OA5102-XXX-XXX-LCN-01-611102 Partner – Supplies POC – DP,32061Y23M500496/OA5/102/XXX-XXX-LCN-01,611102 Partner – Supplies POC – DP,0.0,196354,0.0,0.0,8177,140129,1980,0.0,0.0,59113
32061Y23M500496.0042,OA5102-XXX-XXX-LCN-01-611105 Partner – Contracts Ind. – DP,32061Y23M500496/OA5/102/XXX-XXX-LCN-01,611105 Partner – Contracts Ind. – DP,0.0,196355,0.0,0.0,8177,140129,1995,0.0,0.0,59114
32061Y23M500496.0043,OA5102-XXX-XXX-LCN-01-611106 Partner – Contract NonInd – DP,32061Y23M500496/OA5/102/XXX-XXX-LCN-01,611106 Partner – Contract NonInd – DP,0.0,195952,0.0,0.0,8177,140129,1996,0.0,0.0,59115
32061Y23M500496.0044,OA5102-XXX-XXX-LCN-01-611107 Partner – Travel – DP,32061Y23M500496/OA5/102/XXX-XXX-LCN-01,611107 Partner – Travel – DP,0.0,196356,0.0,0.0,8177,140129,1983,0.0,0.0,59116
32061Y23M500496.0045,OA5102-XXX-XXX-LCN-01-611108 Partner – TransfersGrants – DP,32061Y23M500496/OA5/102/XXX-XXX-LCN-01,611108 Partner – TransfersGrants – DP,0.0,196357,0.0,0.0,8177,140129,1984,0.0,0.0,59137
32061Y23M133367.0002,OA5103-ALM-XXX-LAM-01-611111 Partner – Staff – DS,32061Y23M133367/OA5/103/ALM-XXX-LAM-01,611111 Partner – Staff – DS,0.0,195959,0.0,0.0,8197,140168,1986,0.0,0.0,59151
32061Y23M133367.0003,OA5103-ALM-XXX-LAM-01-611113 Partner – Equipment – DS,32061Y23M133367/OA5/103/ALM-XXX-LAM-01,611113 Partner – Equipment – DS,0.0,195960,0.0,0.0,8197,140168,1988,0.0,0.0,59152
32061Y23M133367.0013,OA5103-ALM-XXX-LAM-01-611106 Partner – Contract NonInd – DP,32061Y23M133367/OA5/103/ALM-XXX-LAM-01,611106 Partner – Contract NonInd – DP,0.0,196372,0.0,0.0,8197,140168,1996,0.0,0.0,59153
32061Y23M133367.0018,OA8104-JAR-XXX-LAM-01-611113 Partner – Equipment – DS,32061Y23M133367/OA8/104/JAR-XXX-LAM-01,611113 Partner – Equipment – DS,0.0,196374,0.0,0.0,8197,140170,1988,0.0,0.0,59154
32061Y23M133367.0001,OA5103-ALM-XXX-LAM-01-611120 Partner – Project – IS,32061Y23M133367/OA5/103/ALM-XXX-LAM-01,611120 Partner – Project – IS,0.0,195958,0.0,0.0,8197,140168,1993,0.0,0.0,59167
32061Y23M133367.0004,OA5103-ALM-XXX-LAM-01-611115 Partner – Contracts Ind. – DS,32061Y23M133367/OA5/103/ALM-XXX-LAM-01,611115 Partner – Contracts Ind. – DS,0.0,196367,0.0,0.0,8197,140168,1997,0.0,0.0,59168
32061Y23M133367.0005,OA5103-ALM-XXX-LAM-01-611116 Partner – Contract NonInd – DS,32061Y23M133367/OA5/103/ALM-XXX-LAM-01,611116 Partner – Contract NonInd – DS,0.0,196368,0.0,0.0,8197,140168,1998,0.0,0.0,59169
32061Y23M133367.0006,OA5103-ALM-XXX-LAM-01-611117 Partner – Travel – DS,32061Y23M133367/OA5/103/ALM-XXX-LAM-01,611117 Partner – Travel – DS,0.0,195961,0.0,0.0,8197,140168,1990,0.0,0.0,59170
32061Y23M133367.0007,OA5103-ALM-XXX-LAM-01-611119 Partner – OperatingDirect – DS,32061Y23M133367/OA5/103/ALM-XXX-LAM-01,611119 Partner – OperatingDirect – DS,0.0,196382,0.0,0.0,8197,140168,1992,0.0,0.0,59171
32061Y23M133367.0008,OA5103-ALM-XXX-LAM-01-611101 Partner – Staff – DP,32061Y23M133367/OA5/103/ALM-XXX-LAM-01,611101 Partner – Staff – DP,20000.0,196369,20000.0,5000.0,8197,140168,1979,15000.0,25.0,59172
32061Y23M133367.0009,OA5103-ALM-XXX-LAM-01-611102 Partner – Supplies POC – DP,32061Y23M133367/OA5/103/ALM-XXX-LAM-01,611102 Partner – Supplies POC – DP,0.0,196383,0.0,0.0,8197,140168,1980,0.0,0.0,59173
32061Y23M133367.0010,OA5103-ALM-XXX-LAM-01-611103 Partner – Equipment – DP,32061Y23M133367/OA5/103/ALM-XXX-LAM-01,611103 Partner – Equipment – DP,0.0,196370,0.0,0.0,8197,140168,1981,0.0,0.0,59174
32061Y23M133367.0011,OA5103-ALM-XXX-LAM-01-611104 Partner – Contracts POC – DP,32061Y23M133367/OA5/103/ALM-XXX-LAM-01,611104 Partner – Contracts POC – DP,0.0,196371,0.0,0.0,8197,140168,1982,0.0,0.0,59175
32061Y23M133367.0012,OA5103-ALM-XXX-LAM-01-611105 Partner – Contracts Ind. – DP,32061Y23M133367/OA5/103/ALM-XXX-LAM-01,611105 Partner – Contracts Ind. – DP,0.0,196384,0.0,0.0,8197,140168,1995,0.0,0.0,59176
32061Y23M133367.0014,OA5103-ALM-XXX-LAM-01-611107 Partner – Travel – DP,32061Y23M133367/OA5/103/ALM-XXX-LAM-01,611107 Partner – Travel – DP,0.0,196385,0.0,0.0,8197,140168,1983,0.0,0.0,59177
32061Y23M133367.0015,OA5103-ALM-XXX-LAM-01-611108 Partner – TransfersGrants – DP,32061Y23M133367/OA5/103/ALM-XXX-LAM-01,611108 Partner – TransfersGrants – DP,0.0,196373,0.0,0.0,8197,140168,1984,0.0,0.0,59178
32061Y23M133367.0016,OA8104-JAR-XXX-LAM-01-611120 Partner – Project – IS,32061Y23M133367/OA8/104/JAR-XXX-LAM-01,611120 Partner – Project – IS,0.0,196386,0.0,0.0,8197,140170,1993,0.0,0.0,59179
32061Y23M133367.0017,OA8104-JAR-XXX-LAM-01-611111 Partner – Staff – DS,32061Y23M133367/OA8/104/JAR-XXX-LAM-01,611111 Partner – Staff – DS,0.0,196387,0.0,0.0,8197,140170,1986,0.0,0.0,59180
32061Y23M133367.0019,OA8104-JAR-XXX-LAM-01-611115 Partner – Contracts Ind. – DS,32061Y23M133367/OA8/104/JAR-XXX-LAM-01,611115 Partner – Contracts Ind. – DS,0.0,196388,0.0,0.0,8197,140170,1997,0.0,0.0,59181
32061Y23M133367.0020,OA8104-JAR-XXX-LAM-01-611116 Partner – Contract NonInd – DS,32061Y23M133367/OA8/104/JAR-XXX-LAM-01,611116 Partner – Contract NonInd – DS,0.0,196375,0.0,0.0,8197,140170,1998,0.0,0.0,59182
32061Y23M133367.0021,OA8104-JAR-XXX-LAM-01-611117 Partner – Travel – DS,32061Y23M133367/OA8/104/JAR-XXX-LAM-01,611117 Partner – Travel – DS,0.0,196376,0.0,0.0,8197,140170,1990,0.0,0.0,59183
32061Y23M133367.0022,OA8104-JAR-XXX-LAM-01-611119 Partner – OperatingDirect – DS,32061Y23M133367/OA8/104/JAR-XXX-LAM-01,611119 Partner – OperatingDirect – DS,0.0,196377,0.0,0.0,8197,140170,1992,0.0,0.0,59184
32061Y23M133367.0023,OA8104-JAR-XXX-LAM-01-611101 Partner – Staff – DP,32061Y23M133367/OA8/104/JAR-XXX-LAM-01,611101 Partner – Staff – DP,0.0,196378,0.0,0.0,8197,140170,1979,0.0,0.0,59155
32061Y23M133367.0024,OA8104-JAR-XXX-LAM-01-611102 Partner – Supplies POC – DP,32061Y23M133367/OA8/104/JAR-XXX-LAM-01,611102 Partner – Supplies POC – DP,30000.0,196389,30000.0,10000.0,8197,140170,1980,20000.0,33.33333333333333,59156
32061Y23M133367.0026,OA8104-JAR-XXX-LAM-01-611104 Partner – Contracts POC – DP,32061Y23M133367/OA8/104/JAR-XXX-LAM-01,611104 Partner – Contracts POC – DP,0.0,196390,0.0,0.0,8197,140170,1982,0.0,0.0,59157
32061Y23M133367.0029,OA8104-JAR-XXX-LAM-01-611107 Partner – Travel – DP,32061Y23M133367/OA8/104/JAR-XXX-LAM-01,611107 Partner – Travel – DP,0.0,196392,0.0,0.0,8197,140170,1983,0.0,0.0,59158
32061Y23M133367.0031,OA8105-ALM-RUW-OFU-01-611120 Partner – Project – IS,32061Y23M133367/OA8/105/ALM-RUW-OFU-01,611120 Partner – Project – IS,0.0,196782,0.0,0.0,8197,140184,1993,0.0,0.0,59159
32061Y23M133367.0033,OA8105-ALM-RUW-OFU-01-611113 Partner – Equipment – DS,32061Y23M133367/OA8/105/ALM-RUW-OFU-01,611113 Partner – Equipment – DS,0.0,196393,0.0,0.0,8197,140184,1988,0.0,0.0,59160
32061Y23M133367.0034,OA8105-ALM-RUW-OFU-01-611115 Partner – Contracts Ind. – DS,32061Y23M133367/OA8/105/ALM-RUW-OFU-01,611115 Partner – Contracts Ind. – DS,0.0,196394,0.0,0.0,8197,140184,1997,0.0,0.0,59161
32061Y23M133367.0035,OA8105-ALM-RUW-OFU-01-611116 Partner – Contract NonInd – DS,32061Y23M133367/OA8/105/ALM-RUW-OFU-01,611116 Partner – Contract NonInd – DS,0.0,196395,0.0,0.0,8197,140184,1998,0.0,0.0,59162
32061Y23M133367.0036,OA8105-ALM-RUW-OFU-01-611117 Partner – Travel – DS,32061Y23M133367/OA8/105/ALM-RUW-OFU-01,611117 Partner – Travel – DS,0.0,196396,0.0,0.0,8197,140184,1990,0.0,0.0,59163
32061Y23M133367.0038,OA8105-ALM-RUW-OFU-01-611101 Partner – Staff – DP,32061Y23M133367/OA8/105/ALM-RUW-OFU-01,611101 Partner – Staff – DP,0.0,196397,0.0,0.0,8197,140184,1979,0.0,0.0,59164
32061Y23M133367.0025,OA8104-JAR-XXX-LAM-01-611103 Partner – Equipment – DP,32061Y23M133367/OA8/104/JAR-XXX-LAM-01,611103 Partner – Equipment – DP,0.0,196379,0.0,0.0,8197,140170,1981,0.0,0.0,59185
32061Y23M133367.0027,OA8104-JAR-XXX-LAM-01-611105 Partner – Contracts Ind. – DP,32061Y23M133367/OA8/104/JAR-XXX-LAM-01,611105 Partner – Contracts Ind. – DP,0.0,196391,0.0,0.0,8197,140170,1995,0.0,0.0,59186
32061Y23M133367.0028,OA8104-JAR-XXX-LAM-01-611106 Partner – Contract NonInd – DP,32061Y23M133367/OA8/104/JAR-XXX-LAM-01,611106 Partner – Contract NonInd – DP,0.0,196380,0.0,0.0,8197,140170,1996,0.0,0.0,59187
32061Y23M133367.0030,OA8104-JAR-XXX-LAM-01-611108 Partner – TransfersGrants – DP,32061Y23M133367/OA8/104/JAR-XXX-LAM-01,611108 Partner – TransfersGrants – DP,0.0,196381,0.0,0.0,8197,140170,1984,0.0,0.0,59188
32061Y23M133367.0032,OA8105-ALM-RUW-OFU-01-611111 Partner – Staff – DS,32061Y23M133367/OA8/105/ALM-RUW-OFU-01,611111 Partner – Staff – DS,0.0,196783,0.0,0.0,8197,140184,1986,0.0,0.0,59189
32061Y23M133367.0037,OA8105-ALM-RUW-OFU-01-611119 Partner – OperatingDirect – DS,32061Y23M133367/OA8/105/ALM-RUW-OFU-01,611119 Partner – OperatingDirect – DS,0.0,196784,0.0,0.0,8197,140184,1992,0.0,0.0,59190
32061Y23M133367.0039,OA8105-ALM-RUW-OFU-01-611102 Partner – Supplies POC – DP,32061Y23M133367/OA8/105/ALM-RUW-OFU-01,611102 Partner – Supplies POC – DP,0.0,196785,0.0,0.0,8197,140184,1980,0.0,0.0,59191
32061Y23M133367.0041,OA8105-ALM-RUW-OFU-01-611104 Partner – Contracts POC – DP,32061Y23M133367/OA8/105/ALM-RUW-OFU-01,611104 Partner – Contracts POC – DP,0.0,196786,0.0,0.0,8197,140184,1982,0.0,0.0,59192
32061Y23M133367.0042,OA8105-ALM-RUW-OFU-01-611105 Partner – Contracts Ind. – DP,32061Y23M133367/OA8/105/ALM-RUW-OFU-01,611105 Partner – Contracts Ind. – DP,0.0,196787,0.0,0.0,8197,140184,1995,0.0,0.0,59193
32061Y23M133367.0040,OA8105-ALM-RUW-OFU-01-611103 Partner – Equipment – DP,32061Y23M133367/OA8/105/ALM-RUW-OFU-01,611103 Partner – Equipment – DP,40000.0,196398,40000.0,10000.0,8197,140184,1981,30000.0,25.0,59205
32061Y23M133367.0043,OA8105-ALM-RUW-OFU-01-611106 Partner – Contract NonInd – DP,32061Y23M133367/OA8/105/ALM-RUW-OFU-01,611106 Partner – Contract NonInd – DP,0.0,196399,0.0,0.0,8197,140184,1996,0.0,0.0,59206
32061Y23M133367.0044,OA8105-ALM-RUW-OFU-01-611107 Partner – Travel – DP,32061Y23M133367/OA8/105/ALM-RUW-OFU-01,611107 Partner – Travel – DP,0.0,196788,0.0,0.0,8197,140184,1983,0.0,0.0,59207
32061Y23M133367.0045,OA8105-ALM-RUW-OFU-01-611108 Partner – TransfersGrants – DP,32061Y23M133367/OA8/105/ALM-RUW-OFU-01,611108 Partner – TransfersGrants – DP,0.0,196400,0.0,0.0,8197,140184,1984,0.0,0.0,59208
32063Y23M010609.0002,OA5102-XXX-XXX-LCN-01-611111 Partner – Staff – DS,32063Y23M010609/OA5/102/XXX-XXX-LCN-01,611111 Partner – Staff – DS,2000000.0,196809,2000000.0,0.0,8201,140177,1986,2000000.0,0.0,59202
32063Y23M010609.0004,OA5102-XXX-XXX-LCN-01-611115 Partner – Contracts Ind. – DS,32063Y23M010609/OA5/102/XXX-XXX-LCN-01,611115 Partner – Contracts Ind. – DS,0.0,196810,0.0,0.0,8201,140177,1997,0.0,0.0,59203
32063Y23M010609.0006,OA5102-XXX-XXX-LCN-01-611117 Partner – Travel – DS,32063Y23M010609/OA5/102/XXX-XXX-LCN-01,611117 Partner – Travel – DS,0.0,196811,0.0,0.0,8201,140177,1990,0.0,0.0,59204
32063Y23M010609.0001,OA5102-XXX-XXX-LCN-01-611120 Partner – Project – IS,32063Y23M010609/OA5/102/XXX-XXX-LCN-01,611120 Partner – Project – IS,0.0,196797,0.0,0.0,8201,140177,1993,0.0,0.0,59232
32063Y23M010609.0003,OA5102-XXX-XXX-LCN-01-611113 Partner – Equipment – DS,32063Y23M010609/OA5/102/XXX-XXX-LCN-01,611113 Partner – Equipment – DS,0.0,196798,0.0,0.0,8201,140177,1988,0.0,0.0,59233
32063Y23M010609.0005,OA5102-XXX-XXX-LCN-01-611116 Partner – Contract NonInd – DS,32063Y23M010609/OA5/102/XXX-XXX-LCN-01,611116 Partner – Contract NonInd – DS,0.0,196799,0.0,0.0,8201,140177,1998,0.0,0.0,59234
32063Y23M010609.0007,OA5102-XXX-XXX-LCN-01-611119 Partner – OperatingDirect – DS,32063Y23M010609/OA5/102/XXX-XXX-LCN-01,611119 Partner – OperatingDirect – DS,0.0,196812,0.0,0.0,8201,140177,1992,0.0,0.0,59245
32063Y23M010609.0010,OA5102-XXX-XXX-LCN-01-611103 Partner – Equipment – DP,32063Y23M010609/OA5/102/XXX-XXX-LCN-01,611103 Partner – Equipment – DP,0.0,196813,0.0,0.0,8201,140177,1981,0.0,0.0,59246
32063Y23M010609.0011,OA5102-XXX-XXX-LCN-01-611104 Partner – Contracts POC – DP,32063Y23M010609/OA5/102/XXX-XXX-LCN-01,611104 Partner – Contracts POC – DP,0.0,196814,0.0,0.0,8201,140177,1982,0.0,0.0,59247
32063Y23M010609.0013,OA5102-XXX-XXX-LCN-01-611106 Partner – Contract NonInd – DP,32063Y23M010609/OA5/102/XXX-XXX-LCN-01,611106 Partner – Contract NonInd – DP,0.0,196815,0.0,0.0,8201,140177,1996,0.0,0.0,59248
32063Y23M010609.0008,OA5102-XXX-XXX-LCN-01-611101 Partner – Staff – DP,32063Y23M010609/OA5/102/XXX-XXX-LCN-01,611101 Partner – Staff – DP,1500000.0,196800,1500000.0,0.0,8201,140177,1979,1500000.0,0.0,59235
32063Y23M010609.0009,OA5102-XXX-XXX-LCN-01-611102 Partner – Supplies POC – DP,32063Y23M010609/OA5/102/XXX-XXX-LCN-01,611102 Partner – Supplies POC – DP,0.0,196801,0.0,0.0,8201,140177,1980,0.0,0.0,59236
32063Y23M010609.0012,OA5102-XXX-XXX-LCN-01-611105 Partner – Contracts Ind. – DP,32063Y23M010609/OA5/102/XXX-XXX-LCN-01,611105 Partner – Contracts Ind. – DP,0.0,196822,0.0,0.0,8201,140177,1995,0.0,0.0,59237
32063Y23M010609.0014,OA5102-XXX-XXX-LCN-01-611107 Partner – Travel – DP,32063Y23M010609/OA5/102/XXX-XXX-LCN-01,611107 Partner – Travel – DP,0.0,196823,0.0,0.0,8201,140177,1983,0.0,0.0,59238
32063Y23M010609.0015,OA5102-XXX-XXX-LCN-01-611108 Partner – TransfersGrants – DP,32063Y23M010609/OA5/102/XXX-XXX-LCN-01,611108 Partner – TransfersGrants – DP,0.0,196824,0.0,0.0,8201,140177,1984,0.0,0.0,59239
