{
    "body": [
        {
            "user": {
                "id": 3957,
                "aconexId": 671161739,
                "organizationName": null,
                "organizationShortName": null,
                "aconexOrganizationId": null,
                "enterpriseId": 13,
                "securityProfileId": 850,
                "active": true,
                "firstName": null,
                "lastName": null,
                "email": null,
                "phone": null,
                "department": null,
                "obsIds": [
                    5366
                ],
                "createdDate": "2023-10-26T10:31:11.609375+04:00",
                "lastUpdated": "2023-10-26T10:31:11.609373+04:00",
                "status": "ACTIVE",
                "securityProfileName": "UNHCR Read Only Access",
                "obsAssignments": "United Nations High Commissioner for Refugees",
                "enabled": true,
                "middleName": null,
                "fullName": "null null",
                "userName": "AALALJAL@unhcr",
                "position": "Porgramme Associate",
                "locale": "en_AU"
            },
            "project": {
                "enterpriseId": 13,
                "id": 73422,
                "parentId": 48383,
                "order": 5,
                "obsId": 5366,
                "name": "DRS UVT",
                "description": null,
                "children": [],
                "aconexId": 671089885,
                "baseCurrency": "USD",
                "baseCurrencySymbol": "$",
                "baseCurrencyFormats": {
                    "decimalPlaces": 2,
                    "thousandsSeparator": ",",
                    "decimalsSeparator": ".",
                    "currencySymbol": "$",
                    "currencyCode": "USD",
                    "locale": null,
                    "prefix": "US$\u00A0",
                    "suffix": "",
                    "prefixCurrencySymbol": true
                },
                "shortName": "DRS UVT",
                "code": "DRS",
                "type": null,
                "startDate": "2023-05-10T18:00:00+04:00",
                "stopDate": "2026-11-08T17:00:00+04:00",
                "creationDate": "2023-05-10T23:23:58.14+04:00",
                "calendarId": null,
                "wbsId": 73423,
                "templateId": null,
                "address": {
                    "id": null,
                    "enterpriseId": null,
                    "streetAddress1": "Geneva",
                    "streetAddress2": "",
                    "streetAddress3": "",
                    "city": "Geneva",
                    "state": "",
                    "zipCode": "",
                    "country": "Switzerland",
                    "lastUpdated": "2023-11-22T10:42:48.996842+04:00",
                    "createdDate": "2023-11-22T10:42:48.996842+04:00"
                },
                "website": null,
                "status": "ACTIVE",
                "projectSettings": null,
                "cost": null,
                "hours": null,
                "schedule": null,
                "costVariance": null,
                "hoursVariance": null,
                "currentReportingPeriod": null,
                "lastClosedReportingPeriod": null,
                "tags": null,
                "manualFields": {},
                "lastUpdated": "2023-08-23T13:39:28.909859+04:00",
                "_type": "project",
                "locked": false
            },
            "access": false,
            "readOnly": true,
            "reason": "NOT_INVITED"
        },
        {
            "user": {
                "id": 3957,
                "aconexId": 671161739,
                "organizationName": null,
                "organizationShortName": null,
                "aconexOrganizationId": null,
                "enterpriseId": 13,
                "securityProfileId": 850,
                "active": true,
                "firstName": null,
                "lastName": null,
                "email": null,
                "phone": null,
                "department": null,
                "obsIds": [
                    5366
                ],
                "createdDate": "2023-10-26T10:31:11.609375+04:00",
                "lastUpdated": "2023-10-26T10:31:11.609373+04:00",
                "status": "ACTIVE",
                "securityProfileName": "UNHCR Read Only Access",
                "obsAssignments": "United Nations High Commissioner for Refugees",
                "enabled": true,
                "middleName": null,
                "fullName": "null null",
                "userName": "AALALJAL@unhcr",
                "position": "Porgramme Associate",
                "locale": "en_AU"
            },
            "project": {
                "enterpriseId": 13,
                "id": 73361,
                "parentId": 48383,
                "order": 0,
                "obsId": 5366,
                "name": "Jordan UVT",
                "description": null,
                "children": [],
                "aconexId": 671089868,
                "baseCurrency": "USD",
                "baseCurrencySymbol": "$",
                "baseCurrencyFormats": {
                    "decimalPlaces": 2,
                    "thousandsSeparator": ",",
                    "decimalsSeparator": ".",
                    "currencySymbol": "$",
                    "currencyCode": "USD",
                    "locale": null,
                    "prefix": "US$\u00A0",
                    "suffix": "",
                    "prefixCurrencySymbol": true
                },
                "shortName": "Jordan UVT",
                "code": "JOR",
                "type": null,
                "startDate": "2023-05-03T18:00:00+04:00",
                "stopDate": "2026-11-08T17:00:00+04:00",
                "creationDate": "2023-05-03T20:23:40.317+04:00",
                "calendarId": null,
                "wbsId": 73362,
                "templateId": null,
                "address": {
                    "id": null,
                    "enterpriseId": null,
                    "streetAddress1": "Case postale 2500",
                    "streetAddress2": "",
                    "streetAddress3": "",
                    "city": "Geneva",
                    "state": "",
                    "zipCode": "1211",
                    "country": "Switzerland",
                    "lastUpdated": "2023-11-22T10:42:49.007009+04:00",
                    "createdDate": "2023-11-22T10:42:49.007009+04:00"
                },
                "website": null,
                "status": "ACTIVE",
                "projectSettings": null,
                "cost": null,
                "hours": null,
                "schedule": null,
                "costVariance": null,
                "hoursVariance": null,
                "currentReportingPeriod": null,
                "lastClosedReportingPeriod": null,
                "tags": null,
                "manualFields": {},
                "lastUpdated": "2023-05-29T14:42:06.140606+04:00",
                "_type": "project",
                "locked": false
            },
            "access": false,
            "readOnly": true,
            "reason": "NOT_INVITED"
        },
        {
            "user": {
                "id": 3957,
                "aconexId": 671161739,
                "organizationName": null,
                "organizationShortName": null,
                "aconexOrganizationId": null,
                "enterpriseId": 13,
                "securityProfileId": 850,
                "active": true,
                "firstName": null,
                "lastName": null,
                "email": null,
                "phone": null,
                "department": null,
                "obsIds": [
                    5366
                ],
                "createdDate": "2023-10-26T10:31:11.609375+04:00",
                "lastUpdated": "2023-10-26T10:31:11.609373+04:00",
                "status": "ACTIVE",
                "securityProfileName": "UNHCR Read Only Access",
                "obsAssignments": "United Nations High Commissioner for Refugees",
                "enabled": true,
                "middleName": null,
                "fullName": "null null",
                "userName": "AALALJAL@unhcr",
                "position": "Porgramme Associate",
                "locale": "en_AU"
            },
            "project": {
                "enterpriseId": 13,
                "id": 102143,
                "parentId": 5365,
                "order": 11,
                "obsId": 5366,
                "name": "Sudan UVT",
                "description": null,
                "children": [],
                "aconexId": 671089924,
                "baseCurrency": "USD",
                "baseCurrencySymbol": "$",
                "baseCurrencyFormats": {
                    "decimalPlaces": 2,
                    "thousandsSeparator": ",",
                    "decimalsSeparator": ".",
                    "currencySymbol": "$",
                    "currencyCode": "USD",
                    "locale": null,
                    "prefix": "US$\u00A0",
                    "suffix": "",
                    "prefixCurrencySymbol": true
                },
                "shortName": "Sudan UVT",
                "code": "SDN",
                "type": null,
                "startDate": "2023-06-01T18:00:00+04:00",
                "stopDate": "2026-11-08T17:00:00+04:00",
                "creationDate": "2023-06-02T01:14:17.12+04:00",
                "calendarId": null,
                "wbsId": 102144,
                "templateId": null,
                "address": {
                    "id": null,
                    "enterpriseId": null,
                    "streetAddress1": "Geneva",
                    "streetAddress2": "",
                    "streetAddress3": "",
                    "city": "Geneva",
                    "state": "",
                    "zipCode": "",
                    "country": "Switzerland",
                    "lastUpdated": "2023-11-22T10:42:49.017107+04:00",
                    "createdDate": "2023-11-22T10:42:49.017107+04:00"
                },
                "website": null,
                "status": "ACTIVE",
                "projectSettings": null,
                "cost": null,
                "hours": null,
                "schedule": null,
                "costVariance": null,
                "hoursVariance": null,
                "currentReportingPeriod": null,
                "lastClosedReportingPeriod": null,
                "tags": null,
                "manualFields": {},
                "lastUpdated": "2023-07-31T09:36:50.212512+04:00",
                "_type": "project",
                "locked": false
            },
            "access": false,
            "readOnly": true,
            "reason": "NOT_INVITED"
        },
        {
            "user": {
                "id": 3957,
                "aconexId": 671161739,
                "organizationName": null,
                "organizationShortName": null,
                "aconexOrganizationId": null,
                "enterpriseId": 13,
                "securityProfileId": 850,
                "active": true,
                "firstName": null,
                "lastName": null,
                "email": null,
                "phone": null,
                "department": null,
                "obsIds": [
                    5366
                ],
                "createdDate": "2023-10-26T10:31:11.609375+04:00",
                "lastUpdated": "2023-10-26T10:31:11.609373+04:00",
                "status": "ACTIVE",
                "securityProfileName": "UNHCR Read Only Access",
                "obsAssignments": "United Nations High Commissioner for Refugees",
                "enabled": true,
                "middleName": null,
                "fullName": "null null",
                "userName": "AALALJAL@unhcr",
                "position": "Porgramme Associate",
                "locale": "en_AU"
            },
            "project": {
                "enterpriseId": 13,
                "id": 73406,
                "parentId": 48383,
                "order": 1,
                "obsId": 5366,
                "name": "Afghan UVT",
                "description": null,
                "children": [],
                "aconexId": 671089886,
                "baseCurrency": "USD",
                "baseCurrencySymbol": "$",
                "baseCurrencyFormats": {
                    "decimalPlaces": 2,
                    "thousandsSeparator": ",",
                    "decimalsSeparator": ".",
                    "currencySymbol": "$",
                    "currencyCode": "USD",
                    "locale": null,
                    "prefix": "US$\u00A0",
                    "suffix": "",
                    "prefixCurrencySymbol": true
                },
                "shortName": "Afghan UVT",
                "code": "AFG",
                "type": null,
                "startDate": "2023-05-10T18:00:00+04:00",
                "stopDate": "2026-11-08T17:00:00+04:00",
                "creationDate": "2023-05-11T03:05:58.877+04:00",
                "calendarId": null,
                "wbsId": 73407,
                "templateId": null,
                "address": {
                    "id": null,
                    "enterpriseId": null,
                    "streetAddress1": "Geneva",
                    "streetAddress2": "",
                    "streetAddress3": "",
                    "city": "Geneva",
                    "state": "",
                    "zipCode": "",
                    "country": "Switzerland",
                    "lastUpdated": "2023-11-22T10:42:49.027473+04:00",
                    "createdDate": "2023-11-22T10:42:49.027474+04:00"
                },
                "website": null,
                "status": "ACTIVE",
                "projectSettings": null,
                "cost": null,
                "hours": null,
                "schedule": null,
                "costVariance": null,
                "hoursVariance": null,
                "currentReportingPeriod": null,
                "lastClosedReportingPeriod": null,
                "tags": null,
                "manualFields": {},
                "lastUpdated": "2023-05-29T14:42:06.140506+04:00",
                "_type": "project",
                "locked": false
            },
            "access": false,
            "readOnly": true,
            "reason": "NOT_INVITED"
        },
        {
            "user": {
                "id": 3957,
                "aconexId": 671161739,
                "organizationName": null,
                "organizationShortName": null,
                "aconexOrganizationId": null,
                "enterpriseId": 13,
                "securityProfileId": 850,
                "active": true,
                "firstName": null,
                "lastName": null,
                "email": null,
                "phone": null,
                "department": null,
                "obsIds": [
                    5366
                ],
                "createdDate": "2023-10-26T10:31:11.609375+04:00",
                "lastUpdated": "2023-10-26T10:31:11.609373+04:00",
                "status": "ACTIVE",
                "securityProfileName": "UNHCR Read Only Access",
                "obsAssignments": "United Nations High Commissioner for Refugees",
                "enabled": true,
                "middleName": null,
                "fullName": "null null",
                "userName": "AALALJAL@unhcr",
                "position": "Porgramme Associate",
                "locale": "en_AU"
            },
            "project": {
                "enterpriseId": 13,
                "id": 73410,
                "parentId": 48383,
                "order": 3,
                "obsId": 5366,
                "name": "MCO-BEL UVT",
                "description": null,
                "children": [],
                "aconexId": 671089894,
                "baseCurrency": "USD",
                "baseCurrencySymbol": "$",
                "baseCurrencyFormats": {
                    "decimalPlaces": 2,
                    "thousandsSeparator": ",",
                    "decimalsSeparator": ".",
                    "currencySymbol": "$",
                    "currencyCode": "USD",
                    "locale": null,
                    "prefix": "US$\u00A0",
                    "suffix": "",
                    "prefixCurrencySymbol": true
                },
                "shortName": "MCO-BEL UVT",
                "code": "BEL",
                "type": null,
                "startDate": "2023-05-14T18:00:00+04:00",
                "stopDate": "2026-11-08T17:00:00+04:00",
                "creationDate": "2023-05-15T05:53:48.527+04:00",
                "calendarId": null,
                "wbsId": 73411,
                "templateId": null,
                "address": {
                    "id": null,
                    "enterpriseId": null,
                    "streetAddress1": "Geneva",
                    "streetAddress2": "",
                    "streetAddress3": "",
                    "city": "Geneva",
                    "state": "",
                    "zipCode": "",
                    "country": "Switzerland",
                    "lastUpdated": "2023-11-22T10:42:49.037947+04:00",
                    "createdDate": "2023-11-22T10:42:49.037948+04:00"
                },
                "website": null,
                "status": "ACTIVE",
                "projectSettings": null,
                "cost": null,
                "hours": null,
                "schedule": null,
                "costVariance": null,
                "hoursVariance": null,
                "currentReportingPeriod": null,
                "lastClosedReportingPeriod": null,
                "tags": null,
                "manualFields": {},
                "lastUpdated": "2023-08-23T13:39:28.906849+04:00",
                "_type": "project",
                "locked": false
            },
            "access": false,
            "readOnly": true,
            "reason": "NOT_INVITED"
        }
    ],
    "error": null
}