Project,Security Profile,OBS Assignment,Access to Cost Project,Reason,id,aconexId,securityProfileId,ProjectId
DRS UVT,UNHCR Read Only Access,United Nations High Commissioner for Refugees,False,NOT_INVITED,3957,671161739,850,671089885
Jordan UVT,UNHCR Read Only Access,United Nations High Commissioner for Refugees,False,NOT_INVITED,3957,671161739,850,671089868
Sudan UVT,UNHCR Read Only Access,United Nations High Commissioner for Refugees,False,NOT_INVITED,3957,671161739,850,671089924
Afghan UVT,UNHCR Read Only Access,United Nations High Commissioner for Refugees,False,NOT_INVITED,3957,671161739,850,671089886
MCO-BEL UVT,UNHCR Read Only Access,United Nations High Commissioner for Refugees,False,NOT_INVITED,3957,671161739,850,671089894
