{
    "body": [
        {
            "id": 17831,
            "enterpriseId": 13,
            "reportingPeriodId": 13282,
            "paymentApplicationId": null,
            "draftPaymentApplicationId": null,
            "lastUpdated": "2023-07-14T11:15:22.659435+04:00",
            "attachmentType": "PAYMENT_APPLICATION",
            "applicationType": "FINAL",
            "description": null,
            "upstream": true,
            "shared": {
                "id": 4650,
                "sequenceNumber": 1,
                "name": "Project Financial Report for 32061Y23P062017",
                "description": null,
                "code": "JOR-32061Y23P062017-PFR-0003_0",
                "version": 1,
                "date": "2023-07-14",
                "payPeriodStartDate": "2023-07-01",
                "payPeriodEndDate": "2023-07-31",
                "submittedDate": "2023-07-14",
                "acceptedDate": "2023-07-14",
                "currency": "USD",
                "currencyFormats": {
                    "decimalPlaces": 2,
                    "thousandsSeparator": ",",
                    "decimalsSeparator": ".",
                    "currencySymbol": "$",
                    "currencyCode": "USD",
                    "locale": null,
                    "prefix": "US$\u00A0",
                    "suffix": "",
                    "prefixCurrencySymbol": true
                },
                "previousStatus": "APPROVED",
                "status": "APPROVED",
                "retentionType": "MANUAL",
                "retentionRuleEditable": false,
                "requestedRetention": 0.0,
                "acceptedRetention": 0.0,
                "requestedRetentionReleased": 0.0,
                "acceptedRetentionReleased": 0.0,
                "retentionToDate": 0.0,
                "retentionReleasedToDate": 0.0,
                "retentionBalance": 0.0,
                "retentionRule": null,
                "contractActualsValidationDisabled": false
            },
            "orgId": 671093575,
            "projectId": 73361,
            "contractId": 6889,
            "contractCode": "JOR ABC-32061Y23P062017",
            "contractName": "32061Y23P062017-JORDAN RIVER FOUNDATION",
            "partnerEnterpriseName": "JORDAN RIVER FOUNDATION",
            "partnerEnterpriseId": null,
            "partnerAconexOrgId": null,
            "partnerParticipantAconexId": null,
            "calculatedDetails": {
                "originalContractAmount": 3.21E7,
                "approvedChanges": -50000.0,
                "proceedChanges": 0.0,
                "currentContractAmount": 3.205E7,
                "invoiceAmountToDate": 4023199.99,
                "invoiceAmount": 4023199.99,
                "previousInvoiceAmount": 0.0,
                "requestedAmount": 4023199.99,
                "acceptedAmount": 4023199.99,
                "requestedRetention": 0.0,
                "acceptedRetention": 0.0,
                "requestedRetentionReleased": 0.0,
                "acceptedRetentionReleased": 0.0,
                "requestedNetAmount": 4023199.99,
                "acceptedNetAmount": 4023199.99
            },
            "projectCurrencyCalculatedDetails": {
                "originalContractAmount": 3.21E7,
                "approvedChanges": -50000.0,
                "proceedChanges": 0.0,
                "currentContractAmount": 3.205E7,
                "invoiceAmountToDate": 4023199.99,
                "invoiceAmount": 4023199.99,
                "previousInvoiceAmount": 0.0,
                "requestedAmount": 4023199.99,
                "acceptedAmount": 4023199.99,
                "requestedRetention": 0.0,
                "acceptedRetention": 0.0,
                "requestedRetentionReleased": 0.0,
                "acceptedRetentionReleased": 0.0,
                "requestedNetAmount": 4023199.99,
                "acceptedNetAmount": 4023199.99
            },
            "tags": [],
            "forRevisionRequest": false,
            "calculatedFields": {},
            "manualFields": {},
            "connectedContract": false,
            "code": null,
            "canShare": false,
            "createdOrSubmittedByOrg": true,
            "isActive": true,
            "isSharedWithPartner": false,
            "isContractShared": false,
            "hasEditableVersion": false,
            "createdDate": "2023-07-14T11:15:22.245852+04:00"
        },
        {
            "id": 25267,
            "enterpriseId": 13,
            "reportingPeriodId": 13282,
            "paymentApplicationId": null,
            "draftPaymentApplicationId": null,
            "lastUpdated": "2023-10-13T18:02:22.722098+04:00",
            "attachmentType": "PAYMENT_APPLICATION",
            "applicationType": "FINAL",
            "description": null,
            "upstream": true,
            "shared": {
                "id": 6195,
                "sequenceNumber": 1,
                "name": "Project Financial Report for 32061Y23M500496",
                "description": null,
                "code": "JOR-32061Y23M500496-PFR-0001_0",
                "version": 1,
                "date": "2023-10-13",
                "payPeriodStartDate": "2023-10-01",
                "payPeriodEndDate": "2023-10-31",
                "submittedDate": "2023-10-13",
                "acceptedDate": "2023-10-13",
                "currency": "JOD",
                "currencyFormats": {
                    "decimalPlaces": 3,
                    "thousandsSeparator": ",",
                    "decimalsSeparator": ".",
                    "currencySymbol": "\u062F.\u0623.\u200F",
                    "currencyCode": "JOD",
                    "locale": null,
                    "prefix": "JOD\u00A0",
                    "suffix": "",
                    "prefixCurrencySymbol": true
                },
                "previousStatus": "APPROVED",
                "status": "APPROVED",
                "retentionType": "MANUAL",
                "retentionRuleEditable": false,
                "requestedRetention": 0.0,
                "acceptedRetention": 0.0,
                "requestedRetentionReleased": 0.0,
                "acceptedRetentionReleased": 0.0,
                "retentionToDate": 0.0,
                "retentionReleasedToDate": 0.0,
                "retentionBalance": 0.0,
                "retentionRule": null,
                "contractActualsValidationDisabled": false
            },
            "orgId": 671093575,
            "projectId": 73361,
            "contractId": 8177,
            "contractCode": "JOR ABC-32061Y23M500496",
            "contractName": "32061Y23M500496-IMMAP FRANCE - JOR",
            "partnerEnterpriseName": "IMMAP FRANCE - JOR",
            "partnerEnterpriseId": null,
            "partnerAconexOrgId": null,
            "partnerParticipantAconexId": null,
            "calculatedDetails": {
                "originalContractAmount": 60000.0,
                "approvedChanges": 0.0,
                "proceedChanges": 0.0,
                "currentContractAmount": 60000.0,
                "invoiceAmountToDate": 18000.0,
                "invoiceAmount": 18000.0,
                "previousInvoiceAmount": 0.0,
                "requestedAmount": 18000.0,
                "acceptedAmount": 18000.0,
                "requestedRetention": 0.0,
                "acceptedRetention": 0.0,
                "requestedRetentionReleased": 0.0,
                "acceptedRetentionReleased": 0.0,
                "requestedNetAmount": 18000.0,
                "acceptedNetAmount": 18000.0
            },
            "projectCurrencyCalculatedDetails": {
                "originalContractAmount": 60000.0,
                "approvedChanges": 0.0,
                "proceedChanges": 0.0,
                "currentContractAmount": 60000.0,
                "invoiceAmountToDate": 18000.0,
                "invoiceAmount": 18000.0,
                "previousInvoiceAmount": 0.0,
                "requestedAmount": 18000.0,
                "acceptedAmount": 18000.0,
                "requestedRetention": 0.0,
                "acceptedRetention": 0.0,
                "requestedRetentionReleased": 0.0,
                "acceptedRetentionReleased": 0.0,
                "requestedNetAmount": 18000.0,
                "acceptedNetAmount": 18000.0
            },
            "tags": [],
            "forRevisionRequest": false,
            "calculatedFields": {},
            "manualFields": {},
            "connectedContract": false,
            "code": null,
            "canShare": false,
            "createdOrSubmittedByOrg": true,
            "isActive": true,
            "isSharedWithPartner": false,
            "isContractShared": false,
            "hasEditableVersion": false,
            "createdDate": "2023-10-13T18:02:22.320488+04:00"
        }
    ],
    "error": null
}