project_id,id,Remaining_Installment,Installment_Paid_Amount,name
73361,94909,-1167733.33,,10M-People of Concern receive counselling and information related to returns - JOR-AJL-XXX-LAM-01
73361,94907,1100000.0,1100000.0,Instalments
73361,102002,4250000.0,4250000.0,Instalments
73361,102006,0.0,,106-Implementation of shelter and Infrastructure (care/maintenance) participatory and Inclusive - JOR-ALB-XXX-LAM-01
73361,102008,0.0,,"10A-All People of concern who require Refugee Status Determination (RSD) are diligently identified, processed and prioritized according to needs - JOR-ALB-XXX-LAM-01"
73361,102004,0.0,,"10Q-Highlight stories of refugees and asylum seekers in Jordan, as well as impact of donor contributions, through media and donor briefings, field missions, UNHCR social media and other platforms - JOR-ALB-XXX-LAM-01"
73361,94888,-1967733.33,,100-Registration and documentation of all People of Concern carried out and supported - JOR-AJL-XXX-LAM-01
73361,94886,-887733.3300000001,,"105-VAF surveys, home visits, quarterly panel study and other assessments to track the change in vulnerabilities which inform evidence-based programming and policies. - JOR-AJL-XXX-LAM-01"
