{
    "body": [
        {
            "enterpriseId": 13,
            "id": 94909,
            "parentId": 94887,
            "order": 0,
            "obsId": null,
            "name": "10M-People of Concern receive counselling and information related to returns - JOR-AJL-XXX-LAM-01",
            "description": null,
            "children": [],
            "projectId": 73361,
            "code": "32061Y23P062017/OA14/10M/AJL-XXX-LAM-01",
            "percentCompleteMethod": "ROC",
            "budgetMethod": "AB1",
            "currentPercentComplete": 0.0,
            "distributionCurves": {
                "baselineBudgetCurveId": 61,
                "approvedBudgetCurveId": 61,
                "estimateToCompleteCurveId": 61,
                "controlBudgetCurveId": 61
            },
            "forecastSettings": {
                "forecastMethod": "ETC_1",
                "efficiencyFactorMethod": "ONE",
                "manualEfficiencyFactor": 0.0
            },
            "contractChangeEventDetails": {
                "potentialChangeEvents": 0.0,
                "approvedChangeEvents": 0.0
            },
            "upstreamContractChangeEventDetails": {
                "approvedChangeEvents": 0.0,
                "potentialChangeEvents": 0.0
            },
            "upstreamContractDetails": {
                "approvedContracts": 0.0,
                "approvedContractChanges": 0.0,
                "proceedContracts": 0.0,
                "proceedContractChanges": 0.0,
                "pendingContracts": 0.0,
                "pendingContractChanges": 0.0,
                "potentialContractChanges": 0.0,
                "originalContract": 0.0,
                "currentContract": 0.0,
                "pendingContractActuals": 0.0,
                "approvedContractActuals": 0.0,
                "allContractActualsPreviousPeriods": 0.0,
                "allContractActualsCurrentPeriod": 0.0,
                "allContractActualsToDate": 0.0,
                "remainingToReceive": 0.0,
                "percentReceived": 0.0,
                "percentInvoiced": 0.0
            },
            "pendingBudget": 0.0,
            "tags": [],
            "calculatedFields": {
                "Remaining_Installment": -1167733.33
            },
            "manualFields": {},
            "workPackage": false,
            "progressPackage": false,
            "lastUpdated": "2023-07-14T11:15:22.66103+04:00",
            "schedule": {
                "baselineEarlyStart": null,
                "baselineEarlyFinish": null,
                "baselineLateStart": null,
                "baselineLateFinish": null,
                "approvedEarlyStart": null,
                "approvedEarlyFinish": null,
                "approvedLateStart": null,
                "approvedLateFinish": null,
                "controlEarlyStart": null,
                "controlEarlyFinish": null,
                "controlLateStart": null,
                "controlLateFinish": null,
                "currentEarlyStart": null,
                "currentEarlyFinish": null,
                "currentLateStart": null,
                "currentLateFinish": null
            },
            "previousPercentComplete": 0.0,
            "useActivitiesForSchedule": false,
            "cost": {
                "baselineBudget": 0.0,
                "approvedBudget": 0.0,
                "controlBudget": 0.0,
                "estimateToComplete": 0.0,
                "previousEstimateAtCompletion": 0.0,
                "eacVariance": -1.068E7,
                "approvedBudgetChanges": 0.0,
                "approvedBudgetTransfers": 0.0,
                "controlBudgetChanges": 0.0,
                "atCompletionVariance": -1.068E7,
                "estimateAtCompletion": 1.068E7,
                "earnedValuePeriod": 0.0,
                "earnedValueToDate": 0.0,
                "efficiencyFactor": 0.0,
                "allActualsToDate": 1167733.33,
                "allActualsPeriod": 1167733.33,
                "allActualsPreviousPeriods": 0.0,
                "directActualsPreviousPeriods": 0.0,
                "remainingToSpend": 9512266.67,
                "percentSpent": 10.933832677902622,
                "directActualsPeriod": 0.0,
                "directActualsToDate": 0.0,
                "accruedPeriod": 0.0,
                "accruedToDate": 0.0,
                "incurredPeriod": 1167733.33,
                "incurredToDate": 1167733.33,
                "potentialBudgetChanges": 0.0,
                "potentialBudget": 0.0,
                "potentialControlBudgetChanges": 0.0,
                "potentialControlBudget": 0.0,
                "potentialEtcChanges": 0.0,
                "potentialEac": 1.068E7,
                "potentialBudgetTransfers": 0.0
            },
            "hours": {
                "baselineBudget": 0.0,
                "approvedBudget": 0.0,
                "controlBudget": 0.0,
                "estimateToComplete": 0.0,
                "previousEstimateAtCompletion": 0.0,
                "eacVariance": 0.0,
                "approvedBudgetChanges": 0.0,
                "approvedBudgetTransfers": 0.0,
                "controlBudgetChanges": 0.0,
                "atCompletionVariance": 0.0,
                "estimateAtCompletion": 0.0,
                "earnedValuePeriod": 0.0,
                "earnedValueToDate": 0.0,
                "efficiencyFactor": 0.0,
                "allActualsToDate": 0.0,
                "allActualsPeriod": 0.0,
                "allActualsPreviousPeriods": 0.0,
                "directActualsPreviousPeriods": 0.0,
                "remainingToSpend": 0.0,
                "percentSpent": 0.0,
                "directActualsPeriod": 0.0,
                "directActualsToDate": 0.0,
                "accruedPeriod": 0.0,
                "accruedToDate": 0.0,
                "incurredPeriod": 0.0,
                "incurredToDate": 0.0,
                "potentialBudgetChanges": 0.0,
                "potentialBudget": 0.0,
                "potentialControlBudgetChanges": 0.0,
                "potentialControlBudget": 0.0,
                "potentialEtcChanges": 0.0,
                "potentialEac": 0.0,
                "potentialBudgetTransfers": 0.0
            },
            "contractDetails": {
                "sharedValue": 0.0,
                "originalAmount": 1.07E7,
                "approvedAmount": 1.07E7,
                "currentAmount": 1.068E7,
                "pendingAmount": 0.0,
                "proceedAmount": 0.0,
                "forecastAmount": 1.068E7,
                "approvedChanges": -20000.0,
                "proceedChanges": 0.0,
                "pendingChanges": 0.0,
                "potentialChanges": 0.0,
                "currentCommitments": 1.068E7,
                "pendingCommitments": 0.0,
                "allCommitments": 1.068E7,
                "approvedContractActuals": 1167733.33,
                "pendingContractActuals": 0.0,
                "approvedContractActualsPeriod": 1167733.33,
                "pendingContractActualsPeriod": 0.0,
                "requestedAmount": -20000.0,
                "pendingRetention": 0.0,
                "approvedRetention": 0.0,
                "pendingRetentionReleased": 0.0,
                "approvedRetentionReleased": 0.0,
                "pendingNetAmount": 0.0,
                "approvedNetAmount": 0.0,
                "outstandingRetention": 0.0,
                "allContractActuals": 1167733.33,
                "remainingToSpend": 9512266.67,
                "varianceAmount": 0.0,
                "allCommitmentsThatShouldDrawDownETC": 1.068E7,
                "allContractActualsCurrentPeriod": 1167733.33,
                "allContractActualsPreviousPeriods": 0.0,
                "forecastRemainingToSpend": 9512266.67,
                "percentInvoiced": 10.933832677902622,
                "allRetention": 0.0,
                "allRetentionReleased": 0.0
            },
            "hasControlElements": false,
            "hasActivities": false,
            "hasRulesOfCredit": false,
            "costApprovedBudgetToDate": 0.0,
            "costApprovedBudgetPeriod": 0.0,
            "hoursApprovedBudgetToDate": 0.0,
            "hoursApprovedBudgetPeriod": 0.0,
            "costPerformanceIndexPeriod": 0.0,
            "costPerformanceIndexToDate": 0.0,
            "costToCompletePerformanceIndexBac": 0.0,
            "costToCompletePerformanceIndexEac": 0.0,
            "costSchedulePerformanceIndexPeriod": 0.0,
            "costSchedulePerformanceIndexToDate": 0.0,
            "hoursPerformanceIndexPeriod": 0.0,
            "hoursPerformanceIndexToDate": 0.0,
            "hoursToCompletePerformanceIndexBac": 0.0,
            "hoursToCompletePerformanceIndexEac": 0.0,
            "hoursSchedulePerformanceIndexPeriod": 0.0,
            "hoursSchedulePerformanceIndexToDate": 0.0,
            "_type": "controlAccount"
        },
        {
            "enterpriseId": 13,
            "id": 94907,
            "parentId": 94885,
            "order": 0,
            "obsId": null,
            "name": "Instalments",
            "description": null,
            "children": [],
            "projectId": 73361,
            "code": "32061Y23P062017/PA",
            "percentCompleteMethod": "MAN",
            "budgetMethod": "AB1",
            "currentPercentComplete": 0.0,
            "distributionCurves": {
                "baselineBudgetCurveId": 61,
                "approvedBudgetCurveId": 61,
                "estimateToCompleteCurveId": 61,
                "controlBudgetCurveId": 61
            },
            "forecastSettings": {
                "forecastMethod": "ETC_1",
                "efficiencyFactorMethod": "ONE",
                "manualEfficiencyFactor": 0.0
            },
            "contractChangeEventDetails": {
                "potentialChangeEvents": 0.0,
                "approvedChangeEvents": 0.0
            },
            "upstreamContractChangeEventDetails": {
                "approvedChangeEvents": 0.0,
                "potentialChangeEvents": 0.0
            },
            "upstreamContractDetails": {
                "approvedContracts": 0.0,
                "approvedContractChanges": 0.0,
                "proceedContracts": 0.0,
                "proceedContractChanges": 0.0,
                "pendingContracts": 0.0,
                "pendingContractChanges": 0.0,
                "potentialContractChanges": 0.0,
                "originalContract": 0.0,
                "currentContract": 0.0,
                "pendingContractActuals": 0.0,
                "approvedContractActuals": 0.0,
                "allContractActualsPreviousPeriods": 0.0,
                "allContractActualsCurrentPeriod": 0.0,
                "allContractActualsToDate": 0.0,
                "remainingToReceive": 0.0,
                "percentReceived": 0.0,
                "percentInvoiced": 0.0
            },
            "pendingBudget": 0.0,
            "tags": [],
            "calculatedFields": {
                "Remaining_Installment": 1100000.0
            },
            "manualFields": {
                "Installment_Paid_Amount": 1100000.0
            },
            "workPackage": false,
            "progressPackage": false,
            "lastUpdated": "2023-07-14T11:52:08.330894+04:00",
            "schedule": {
                "baselineEarlyStart": null,
                "baselineEarlyFinish": null,
                "baselineLateStart": null,
                "baselineLateFinish": null,
                "approvedEarlyStart": null,
                "approvedEarlyFinish": null,
                "approvedLateStart": null,
                "approvedLateFinish": null,
                "controlEarlyStart": null,
                "controlEarlyFinish": null,
                "controlLateStart": null,
                "controlLateFinish": null,
                "currentEarlyStart": null,
                "currentEarlyFinish": null,
                "currentLateStart": null,
                "currentLateFinish": null
            },
            "previousPercentComplete": 0.0,
            "useActivitiesForSchedule": false,
            "cost": {
                "baselineBudget": 0.0,
                "approvedBudget": 0.0,
                "controlBudget": 0.0,
                "estimateToComplete": 0.0,
                "previousEstimateAtCompletion": 0.0,
                "eacVariance": 0.0,
                "approvedBudgetChanges": 0.0,
                "approvedBudgetTransfers": 0.0,
                "controlBudgetChanges": 0.0,
                "atCompletionVariance": 0.0,
                "estimateAtCompletion": 0.0,
                "earnedValuePeriod": 0.0,
                "earnedValueToDate": 0.0,
                "efficiencyFactor": 0.0,
                "allActualsToDate": 0.0,
                "allActualsPeriod": 0.0,
                "allActualsPreviousPeriods": 0.0,
                "directActualsPreviousPeriods": 0.0,
                "remainingToSpend": 0.0,
                "percentSpent": 0.0,
                "directActualsPeriod": 0.0,
                "directActualsToDate": 0.0,
                "accruedPeriod": 0.0,
                "accruedToDate": 0.0,
                "incurredPeriod": 0.0,
                "incurredToDate": 0.0,
                "potentialBudgetChanges": 0.0,
                "potentialBudget": 0.0,
                "potentialControlBudgetChanges": 0.0,
                "potentialControlBudget": 0.0,
                "potentialEtcChanges": 0.0,
                "potentialEac": 0.0,
                "potentialBudgetTransfers": 0.0
            },
            "hours": {
                "baselineBudget": 0.0,
                "approvedBudget": 0.0,
                "controlBudget": 0.0,
                "estimateToComplete": 0.0,
                "previousEstimateAtCompletion": 0.0,
                "eacVariance": 0.0,
                "approvedBudgetChanges": 0.0,
                "approvedBudgetTransfers": 0.0,
                "controlBudgetChanges": 0.0,
                "atCompletionVariance": 0.0,
                "estimateAtCompletion": 0.0,
                "earnedValuePeriod": 0.0,
                "earnedValueToDate": 0.0,
                "efficiencyFactor": 0.0,
                "allActualsToDate": 0.0,
                "allActualsPeriod": 0.0,
                "allActualsPreviousPeriods": 0.0,
                "directActualsPreviousPeriods": 0.0,
                "remainingToSpend": 0.0,
                "percentSpent": 0.0,
                "directActualsPeriod": 0.0,
                "directActualsToDate": 0.0,
                "accruedPeriod": 0.0,
                "accruedToDate": 0.0,
                "incurredPeriod": 0.0,
                "incurredToDate": 0.0,
                "potentialBudgetChanges": 0.0,
                "potentialBudget": 0.0,
                "potentialControlBudgetChanges": 0.0,
                "potentialControlBudget": 0.0,
                "potentialEtcChanges": 0.0,
                "potentialEac": 0.0,
                "potentialBudgetTransfers": 0.0
            },
            "contractDetails": {
                "sharedValue": 0.0,
                "originalAmount": 0.0,
                "approvedAmount": 0.0,
                "currentAmount": 0.0,
                "pendingAmount": 0.0,
                "proceedAmount": 0.0,
                "forecastAmount": 0.0,
                "approvedChanges": 0.0,
                "proceedChanges": 0.0,
                "pendingChanges": 0.0,
                "potentialChanges": 0.0,
                "currentCommitments": 0.0,
                "pendingCommitments": 0.0,
                "allCommitments": 0.0,
                "approvedContractActuals": 0.0,
                "pendingContractActuals": 0.0,
                "approvedContractActualsPeriod": 0.0,
                "pendingContractActualsPeriod": 0.0,
                "requestedAmount": 0.0,
                "pendingRetention": 0.0,
                "approvedRetention": 0.0,
                "pendingRetentionReleased": 0.0,
                "approvedRetentionReleased": 0.0,
                "pendingNetAmount": 0.0,
                "approvedNetAmount": 0.0,
                "outstandingRetention": 0.0,
                "allContractActuals": 0.0,
                "remainingToSpend": 0.0,
                "varianceAmount": 0.0,
                "allCommitmentsThatShouldDrawDownETC": 0.0,
                "allContractActualsCurrentPeriod": 0.0,
                "allContractActualsPreviousPeriods": 0.0,
                "forecastRemainingToSpend": 0.0,
                "percentInvoiced": 0.0,
                "allRetention": 0.0,
                "allRetentionReleased": 0.0
            },
            "hasControlElements": false,
            "hasActivities": false,
            "hasRulesOfCredit": false,
            "costApprovedBudgetToDate": 0.0,
            "costApprovedBudgetPeriod": 0.0,
            "hoursApprovedBudgetToDate": 0.0,
            "hoursApprovedBudgetPeriod": 0.0,
            "costPerformanceIndexPeriod": 0.0,
            "costPerformanceIndexToDate": 0.0,
            "costToCompletePerformanceIndexBac": 0.0,
            "costToCompletePerformanceIndexEac": 0.0,
            "costSchedulePerformanceIndexPeriod": 0.0,
            "costSchedulePerformanceIndexToDate": 0.0,
            "hoursPerformanceIndexPeriod": 0.0,
            "hoursPerformanceIndexToDate": 0.0,
            "hoursToCompletePerformanceIndexBac": 0.0,
            "hoursToCompletePerformanceIndexEac": 0.0,
            "hoursSchedulePerformanceIndexPeriod": 0.0,
            "hoursSchedulePerformanceIndexToDate": 0.0,
            "_type": "controlAccount"
        },
        {
            "enterpriseId": 13,
            "id": 102002,
            "parentId": 101981,
            "order": 0,
            "obsId": null,
            "name": "Instalments",
            "description": null,
            "children": [],
            "projectId": 73361,
            "code": "32063Y23P184048/PA",
            "percentCompleteMethod": "MAN",
            "budgetMethod": "AB1",
            "currentPercentComplete": 0.0,
            "distributionCurves": {
                "baselineBudgetCurveId": 61,
                "approvedBudgetCurveId": 61,
                "estimateToCompleteCurveId": 61,
                "controlBudgetCurveId": 61
            },
            "forecastSettings": {
                "forecastMethod": "ETC_1",
                "efficiencyFactorMethod": "ONE",
                "manualEfficiencyFactor": 0.0
            },
            "contractChangeEventDetails": {
                "potentialChangeEvents": 0.0,
                "approvedChangeEvents": 0.0
            },
            "upstreamContractChangeEventDetails": {
                "approvedChangeEvents": 0.0,
                "potentialChangeEvents": 0.0
            },
            "upstreamContractDetails": {
                "approvedContracts": 0.0,
                "approvedContractChanges": 0.0,
                "proceedContracts": 0.0,
                "proceedContractChanges": 0.0,
                "pendingContracts": 0.0,
                "pendingContractChanges": 0.0,
                "potentialContractChanges": 0.0,
                "originalContract": 0.0,
                "currentContract": 0.0,
                "pendingContractActuals": 0.0,
                "approvedContractActuals": 0.0,
                "allContractActualsPreviousPeriods": 0.0,
                "allContractActualsCurrentPeriod": 0.0,
                "allContractActualsToDate": 0.0,
                "remainingToReceive": 0.0,
                "percentReceived": 0.0,
                "percentInvoiced": 0.0
            },
            "pendingBudget": 0.0,
            "tags": [],
            "calculatedFields": {
                "Remaining_Installment": 4250000.0
            },
            "manualFields": {
                "Installment_Paid_Amount": 4250000.0
            },
            "workPackage": false,
            "progressPackage": false,
            "lastUpdated": "2023-07-27T09:59:46.014874+04:00",
            "schedule": {
                "baselineEarlyStart": null,
                "baselineEarlyFinish": null,
                "baselineLateStart": null,
                "baselineLateFinish": null,
                "approvedEarlyStart": null,
                "approvedEarlyFinish": null,
                "approvedLateStart": null,
                "approvedLateFinish": null,
                "controlEarlyStart": null,
                "controlEarlyFinish": null,
                "controlLateStart": null,
                "controlLateFinish": null,
                "currentEarlyStart": null,
                "currentEarlyFinish": null,
                "currentLateStart": null,
                "currentLateFinish": null
            },
            "previousPercentComplete": 0.0,
            "useActivitiesForSchedule": false,
            "cost": {
                "baselineBudget": 0.0,
                "approvedBudget": 0.0,
                "controlBudget": 0.0,
                "estimateToComplete": 0.0,
                "previousEstimateAtCompletion": 0.0,
                "eacVariance": 0.0,
                "approvedBudgetChanges": 0.0,
                "approvedBudgetTransfers": 0.0,
                "controlBudgetChanges": 0.0,
                "atCompletionVariance": 0.0,
                "estimateAtCompletion": 0.0,
                "earnedValuePeriod": 0.0,
                "earnedValueToDate": 0.0,
                "efficiencyFactor": 0.0,
                "allActualsToDate": 0.0,
                "allActualsPeriod": 0.0,
                "allActualsPreviousPeriods": 0.0,
                "directActualsPreviousPeriods": 0.0,
                "remainingToSpend": 0.0,
                "percentSpent": 0.0,
                "directActualsPeriod": 0.0,
                "directActualsToDate": 0.0,
                "accruedPeriod": 0.0,
                "accruedToDate": 0.0,
                "incurredPeriod": 0.0,
                "incurredToDate": 0.0,
                "potentialBudgetChanges": 0.0,
                "potentialBudget": 0.0,
                "potentialControlBudgetChanges": 0.0,
                "potentialControlBudget": 0.0,
                "potentialEtcChanges": 0.0,
                "potentialEac": 0.0,
                "potentialBudgetTransfers": 0.0
            },
            "hours": {
                "baselineBudget": 0.0,
                "approvedBudget": 0.0,
                "controlBudget": 0.0,
                "estimateToComplete": 0.0,
                "previousEstimateAtCompletion": 0.0,
                "eacVariance": 0.0,
                "approvedBudgetChanges": 0.0,
                "approvedBudgetTransfers": 0.0,
                "controlBudgetChanges": 0.0,
                "atCompletionVariance": 0.0,
                "estimateAtCompletion": 0.0,
                "earnedValuePeriod": 0.0,
                "earnedValueToDate": 0.0,
                "efficiencyFactor": 0.0,
                "allActualsToDate": 0.0,
                "allActualsPeriod": 0.0,
                "allActualsPreviousPeriods": 0.0,
                "directActualsPreviousPeriods": 0.0,
                "remainingToSpend": 0.0,
                "percentSpent": 0.0,
                "directActualsPeriod": 0.0,
                "directActualsToDate": 0.0,
                "accruedPeriod": 0.0,
                "accruedToDate": 0.0,
                "incurredPeriod": 0.0,
                "incurredToDate": 0.0,
                "potentialBudgetChanges": 0.0,
                "potentialBudget": 0.0,
                "potentialControlBudgetChanges": 0.0,
                "potentialControlBudget": 0.0,
                "potentialEtcChanges": 0.0,
                "potentialEac": 0.0,
                "potentialBudgetTransfers": 0.0
            },
            "contractDetails": {
                "sharedValue": 0.0,
                "originalAmount": 0.0,
                "approvedAmount": 0.0,
                "currentAmount": 0.0,
                "pendingAmount": 0.0,
                "proceedAmount": 0.0,
                "forecastAmount": 0.0,
                "approvedChanges": 0.0,
                "proceedChanges": 0.0,
                "pendingChanges": 0.0,
                "potentialChanges": 0.0,
                "currentCommitments": 0.0,
                "pendingCommitments": 0.0,
                "allCommitments": 0.0,
                "approvedContractActuals": 0.0,
                "pendingContractActuals": 0.0,
                "approvedContractActualsPeriod": 0.0,
                "pendingContractActualsPeriod": 0.0,
                "requestedAmount": 0.0,
                "pendingRetention": 0.0,
                "approvedRetention": 0.0,
                "pendingRetentionReleased": 0.0,
                "approvedRetentionReleased": 0.0,
                "pendingNetAmount": 0.0,
                "approvedNetAmount": 0.0,
                "outstandingRetention": 0.0,
                "allContractActuals": 0.0,
                "remainingToSpend": 0.0,
                "varianceAmount": 0.0,
                "allCommitmentsThatShouldDrawDownETC": 0.0,
                "allContractActualsCurrentPeriod": 0.0,
                "allContractActualsPreviousPeriods": 0.0,
                "forecastRemainingToSpend": 0.0,
                "percentInvoiced": 0.0,
                "allRetention": 0.0,
                "allRetentionReleased": 0.0
            },
            "hasControlElements": false,
            "hasActivities": false,
            "hasRulesOfCredit": false,
            "costApprovedBudgetToDate": 0.0,
            "costApprovedBudgetPeriod": 0.0,
            "hoursApprovedBudgetToDate": 0.0,
            "hoursApprovedBudgetPeriod": 0.0,
            "costPerformanceIndexPeriod": 0.0,
            "costPerformanceIndexToDate": 0.0,
            "costToCompletePerformanceIndexBac": 0.0,
            "costToCompletePerformanceIndexEac": 0.0,
            "costSchedulePerformanceIndexPeriod": 0.0,
            "costSchedulePerformanceIndexToDate": 0.0,
            "hoursPerformanceIndexPeriod": 0.0,
            "hoursPerformanceIndexToDate": 0.0,
            "hoursToCompletePerformanceIndexBac": 0.0,
            "hoursToCompletePerformanceIndexEac": 0.0,
            "hoursSchedulePerformanceIndexPeriod": 0.0,
            "hoursSchedulePerformanceIndexToDate": 0.0,
            "_type": "controlAccount"
        },
        {
            "enterpriseId": 13,
            "id": 102006,
            "parentId": 102005,
            "order": 0,
            "obsId": null,
            "name": "106-Implementation of shelter and Infrastructure (care/maintenance) participatory and Inclusive - JOR-ALB-XXX-LAM-01",
            "description": null,
            "children": [],
            "projectId": 73361,
            "code": "32063Y23P184048/OA9/106/ALB-XXX-LAM-01",
            "percentCompleteMethod": "ROC",
            "budgetMethod": "AB1",
            "currentPercentComplete": 0.0,
            "distributionCurves": {
                "baselineBudgetCurveId": 61,
                "approvedBudgetCurveId": 61,
                "estimateToCompleteCurveId": 61,
                "controlBudgetCurveId": 61
            },
            "forecastSettings": {
                "forecastMethod": "ETC_1",
                "efficiencyFactorMethod": "ONE",
                "manualEfficiencyFactor": 0.0
            },
            "contractChangeEventDetails": {
                "potentialChangeEvents": 0.0,
                "approvedChangeEvents": 0.0
            },
            "upstreamContractChangeEventDetails": {
                "approvedChangeEvents": 0.0,
                "potentialChangeEvents": 0.0
            },
            "upstreamContractDetails": {
                "approvedContracts": 0.0,
                "approvedContractChanges": 0.0,
                "proceedContracts": 0.0,
                "proceedContractChanges": 0.0,
                "pendingContracts": 0.0,
                "pendingContractChanges": 0.0,
                "potentialContractChanges": 0.0,
                "originalContract": 0.0,
                "currentContract": 0.0,
                "pendingContractActuals": 0.0,
                "approvedContractActuals": 0.0,
                "allContractActualsPreviousPeriods": 0.0,
                "allContractActualsCurrentPeriod": 0.0,
                "allContractActualsToDate": 0.0,
                "remainingToReceive": 0.0,
                "percentReceived": 0.0,
                "percentInvoiced": 0.0
            },
            "pendingBudget": 0.0,
            "tags": [],
            "calculatedFields": {
                "Remaining_Installment": 0.0
            },
            "manualFields": {},
            "workPackage": false,
            "progressPackage": false,
            "lastUpdated": "2023-07-24T14:25:53.852576+04:00",
            "schedule": {
                "baselineEarlyStart": null,
                "baselineEarlyFinish": null,
                "baselineLateStart": null,
                "baselineLateFinish": null,
                "approvedEarlyStart": null,
                "approvedEarlyFinish": null,
                "approvedLateStart": null,
                "approvedLateFinish": null,
                "controlEarlyStart": null,
                "controlEarlyFinish": null,
                "controlLateStart": null,
                "controlLateFinish": null,
                "currentEarlyStart": null,
                "currentEarlyFinish": null,
                "currentLateStart": null,
                "currentLateFinish": null
            },
            "previousPercentComplete": 0.0,
            "useActivitiesForSchedule": false,
            "cost": {
                "baselineBudget": 0.0,
                "approvedBudget": 0.0,
                "controlBudget": 0.0,
                "estimateToComplete": 0.0,
                "previousEstimateAtCompletion": 0.0,
                "eacVariance": -599200.0,
                "approvedBudgetChanges": 0.0,
                "approvedBudgetTransfers": 0.0,
                "controlBudgetChanges": 0.0,
                "atCompletionVariance": -599200.0,
                "estimateAtCompletion": 599200.0,
                "earnedValuePeriod": 0.0,
                "earnedValueToDate": 0.0,
                "efficiencyFactor": 0.0,
                "allActualsToDate": 0.0,
                "allActualsPeriod": 0.0,
                "allActualsPreviousPeriods": 0.0,
                "directActualsPreviousPeriods": 0.0,
                "remainingToSpend": 599200.0,
                "percentSpent": 0.0,
                "directActualsPeriod": 0.0,
                "directActualsToDate": 0.0,
                "accruedPeriod": 0.0,
                "accruedToDate": 0.0,
                "incurredPeriod": 0.0,
                "incurredToDate": 0.0,
                "potentialBudgetChanges": 0.0,
                "potentialBudget": 0.0,
                "potentialControlBudgetChanges": 0.0,
                "potentialControlBudget": 0.0,
                "potentialEtcChanges": 0.0,
                "potentialEac": 599200.0,
                "potentialBudgetTransfers": 0.0
            },
            "hours": {
                "baselineBudget": 0.0,
                "approvedBudget": 0.0,
                "controlBudget": 0.0,
                "estimateToComplete": 0.0,
                "previousEstimateAtCompletion": 0.0,
                "eacVariance": 0.0,
                "approvedBudgetChanges": 0.0,
                "approvedBudgetTransfers": 0.0,
                "controlBudgetChanges": 0.0,
                "atCompletionVariance": 0.0,
                "estimateAtCompletion": 0.0,
                "earnedValuePeriod": 0.0,
                "earnedValueToDate": 0.0,
                "efficiencyFactor": 0.0,
                "allActualsToDate": 0.0,
                "allActualsPeriod": 0.0,
                "allActualsPreviousPeriods": 0.0,
                "directActualsPreviousPeriods": 0.0,
                "remainingToSpend": 0.0,
                "percentSpent": 0.0,
                "directActualsPeriod": 0.0,
                "directActualsToDate": 0.0,
                "accruedPeriod": 0.0,
                "accruedToDate": 0.0,
                "incurredPeriod": 0.0,
                "incurredToDate": 0.0,
                "potentialBudgetChanges": 0.0,
                "potentialBudget": 0.0,
                "potentialControlBudgetChanges": 0.0,
                "potentialControlBudget": 0.0,
                "potentialEtcChanges": 0.0,
                "potentialEac": 0.0,
                "potentialBudgetTransfers": 0.0
            },
            "contractDetails": {
                "sharedValue": 0.0,
                "originalAmount": 599200.0,
                "approvedAmount": 599200.0,
                "currentAmount": 599200.0,
                "pendingAmount": 0.0,
                "proceedAmount": 0.0,
                "forecastAmount": 599200.0,
                "approvedChanges": 0.0,
                "proceedChanges": 0.0,
                "pendingChanges": 0.0,
                "potentialChanges": 0.0,
                "currentCommitments": 599200.0,
                "pendingCommitments": 0.0,
                "allCommitments": 599200.0,
                "approvedContractActuals": 0.0,
                "pendingContractActuals": 0.0,
                "approvedContractActualsPeriod": 0.0,
                "pendingContractActualsPeriod": 0.0,
                "requestedAmount": 0.0,
                "pendingRetention": 0.0,
                "approvedRetention": 0.0,
                "pendingRetentionReleased": 0.0,
                "approvedRetentionReleased": 0.0,
                "pendingNetAmount": 0.0,
                "approvedNetAmount": 0.0,
                "outstandingRetention": 0.0,
                "allContractActuals": 0.0,
                "remainingToSpend": 599200.0,
                "varianceAmount": 0.0,
                "allCommitmentsThatShouldDrawDownETC": 599200.0,
                "allContractActualsCurrentPeriod": 0.0,
                "allContractActualsPreviousPeriods": 0.0,
                "forecastRemainingToSpend": 599200.0,
                "percentInvoiced": 0.0,
                "allRetention": 0.0,
                "allRetentionReleased": 0.0
            },
            "hasControlElements": false,
            "hasActivities": false,
            "hasRulesOfCredit": false,
            "costApprovedBudgetToDate": 0.0,
            "costApprovedBudgetPeriod": 0.0,
            "hoursApprovedBudgetToDate": 0.0,
            "hoursApprovedBudgetPeriod": 0.0,
            "costPerformanceIndexPeriod": 0.0,
            "costPerformanceIndexToDate": 0.0,
            "costToCompletePerformanceIndexBac": 0.0,
            "costToCompletePerformanceIndexEac": 0.0,
            "costSchedulePerformanceIndexPeriod": 0.0,
            "costSchedulePerformanceIndexToDate": 0.0,
            "hoursPerformanceIndexPeriod": 0.0,
            "hoursPerformanceIndexToDate": 0.0,
            "hoursToCompletePerformanceIndexBac": 0.0,
            "hoursToCompletePerformanceIndexEac": 0.0,
            "hoursSchedulePerformanceIndexPeriod": 0.0,
            "hoursSchedulePerformanceIndexToDate": 0.0,
            "_type": "controlAccount"
        },
        {
            "enterpriseId": 13,
            "id": 102008,
            "parentId": 102007,
            "order": 0,
            "obsId": null,
            "name": "10A-All People of concern who require Refugee Status Determination (RSD) are diligently identified, processed and prioritized according to needs - JOR-ALB-XXX-LAM-01",
            "description": null,
            "children": [],
            "projectId": 73361,
            "code": "32063Y23P184048/OA2/10A/ALB-XXX-LAM-01",
            "percentCompleteMethod": "ROC",
            "budgetMethod": "AB1",
            "currentPercentComplete": 0.0,
            "distributionCurves": {
                "baselineBudgetCurveId": 61,
                "approvedBudgetCurveId": 61,
                "estimateToCompleteCurveId": 61,
                "controlBudgetCurveId": 61
            },
            "forecastSettings": {
                "forecastMethod": "ETC_1",
                "efficiencyFactorMethod": "ONE",
                "manualEfficiencyFactor": 0.0
            },
            "contractChangeEventDetails": {
                "potentialChangeEvents": 0.0,
                "approvedChangeEvents": 0.0
            },
            "upstreamContractChangeEventDetails": {
                "approvedChangeEvents": 0.0,
                "potentialChangeEvents": 0.0
            },
            "upstreamContractDetails": {
                "approvedContracts": 0.0,
                "approvedContractChanges": 0.0,
                "proceedContracts": 0.0,
                "proceedContractChanges": 0.0,
                "pendingContracts": 0.0,
                "pendingContractChanges": 0.0,
                "potentialContractChanges": 0.0,
                "originalContract": 0.0,
                "currentContract": 0.0,
                "pendingContractActuals": 0.0,
                "approvedContractActuals": 0.0,
                "allContractActualsPreviousPeriods": 0.0,
                "allContractActualsCurrentPeriod": 0.0,
                "allContractActualsToDate": 0.0,
                "remainingToReceive": 0.0,
                "percentReceived": 0.0,
                "percentInvoiced": 0.0
            },
            "pendingBudget": 0.0,
            "tags": [],
            "calculatedFields": {
                "Remaining_Installment": 0.0
            },
            "manualFields": {},
            "workPackage": false,
            "progressPackage": false,
            "lastUpdated": "2023-07-24T14:25:53.852629+04:00",
            "schedule": {
                "baselineEarlyStart": null,
                "baselineEarlyFinish": null,
                "baselineLateStart": null,
                "baselineLateFinish": null,
                "approvedEarlyStart": null,
                "approvedEarlyFinish": null,
                "approvedLateStart": null,
                "approvedLateFinish": null,
                "controlEarlyStart": null,
                "controlEarlyFinish": null,
                "controlLateStart": null,
                "controlLateFinish": null,
                "currentEarlyStart": null,
                "currentEarlyFinish": null,
                "currentLateStart": null,
                "currentLateFinish": null
            },
            "previousPercentComplete": 0.0,
            "useActivitiesForSchedule": false,
            "cost": {
                "baselineBudget": 0.0,
                "approvedBudget": 0.0,
                "controlBudget": 0.0,
                "estimateToComplete": 0.0,
                "previousEstimateAtCompletion": 0.0,
                "eacVariance": -5885000.0,
                "approvedBudgetChanges": 0.0,
                "approvedBudgetTransfers": 0.0,
                "controlBudgetChanges": 0.0,
                "atCompletionVariance": -5885000.0,
                "estimateAtCompletion": 5885000.0,
                "earnedValuePeriod": 0.0,
                "earnedValueToDate": 0.0,
                "efficiencyFactor": 0.0,
                "allActualsToDate": 0.0,
                "allActualsPeriod": 0.0,
                "allActualsPreviousPeriods": 0.0,
                "directActualsPreviousPeriods": 0.0,
                "remainingToSpend": 5885000.0,
                "percentSpent": 0.0,
                "directActualsPeriod": 0.0,
                "directActualsToDate": 0.0,
                "accruedPeriod": 0.0,
                "accruedToDate": 0.0,
                "incurredPeriod": 0.0,
                "incurredToDate": 0.0,
                "potentialBudgetChanges": 0.0,
                "potentialBudget": 0.0,
                "potentialControlBudgetChanges": 0.0,
                "potentialControlBudget": 0.0,
                "potentialEtcChanges": 0.0,
                "potentialEac": 5885000.0,
                "potentialBudgetTransfers": 0.0
            },
            "hours": {
                "baselineBudget": 0.0,
                "approvedBudget": 0.0,
                "controlBudget": 0.0,
                "estimateToComplete": 0.0,
                "previousEstimateAtCompletion": 0.0,
                "eacVariance": 0.0,
                "approvedBudgetChanges": 0.0,
                "approvedBudgetTransfers": 0.0,
                "controlBudgetChanges": 0.0,
                "atCompletionVariance": 0.0,
                "estimateAtCompletion": 0.0,
                "earnedValuePeriod": 0.0,
                "earnedValueToDate": 0.0,
                "efficiencyFactor": 0.0,
                "allActualsToDate": 0.0,
                "allActualsPeriod": 0.0,
                "allActualsPreviousPeriods": 0.0,
                "directActualsPreviousPeriods": 0.0,
                "remainingToSpend": 0.0,
                "percentSpent": 0.0,
                "directActualsPeriod": 0.0,
                "directActualsToDate": 0.0,
                "accruedPeriod": 0.0,
                "accruedToDate": 0.0,
                "incurredPeriod": 0.0,
                "incurredToDate": 0.0,
                "potentialBudgetChanges": 0.0,
                "potentialBudget": 0.0,
                "potentialControlBudgetChanges": 0.0,
                "potentialControlBudget": 0.0,
                "potentialEtcChanges": 0.0,
                "potentialEac": 0.0,
                "potentialBudgetTransfers": 0.0
            },
            "contractDetails": {
                "sharedValue": 0.0,
                "originalAmount": 5885000.0,
                "approvedAmount": 5885000.0,
                "currentAmount": 5885000.0,
                "pendingAmount": 0.0,
                "proceedAmount": 0.0,
                "forecastAmount": 5885000.0,
                "approvedChanges": 0.0,
                "proceedChanges": 0.0,
                "pendingChanges": 0.0,
                "potentialChanges": 0.0,
                "currentCommitments": 5885000.0,
                "pendingCommitments": 0.0,
                "allCommitments": 5885000.0,
                "approvedContractActuals": 0.0,
                "pendingContractActuals": 0.0,
                "approvedContractActualsPeriod": 0.0,
                "pendingContractActualsPeriod": 0.0,
                "requestedAmount": 0.0,
                "pendingRetention": 0.0,
                "approvedRetention": 0.0,
                "pendingRetentionReleased": 0.0,
                "approvedRetentionReleased": 0.0,
                "pendingNetAmount": 0.0,
                "approvedNetAmount": 0.0,
                "outstandingRetention": 0.0,
                "allContractActuals": 0.0,
                "remainingToSpend": 5885000.0,
                "varianceAmount": 0.0,
                "allCommitmentsThatShouldDrawDownETC": 5885000.0,
                "allContractActualsCurrentPeriod": 0.0,
                "allContractActualsPreviousPeriods": 0.0,
                "forecastRemainingToSpend": 5885000.0,
                "percentInvoiced": 0.0,
                "allRetention": 0.0,
                "allRetentionReleased": 0.0
            },
            "hasControlElements": false,
            "hasActivities": false,
            "hasRulesOfCredit": false,
            "costApprovedBudgetToDate": 0.0,
            "costApprovedBudgetPeriod": 0.0,
            "hoursApprovedBudgetToDate": 0.0,
            "hoursApprovedBudgetPeriod": 0.0,
            "costPerformanceIndexPeriod": 0.0,
            "costPerformanceIndexToDate": 0.0,
            "costToCompletePerformanceIndexBac": 0.0,
            "costToCompletePerformanceIndexEac": 0.0,
            "costSchedulePerformanceIndexPeriod": 0.0,
            "costSchedulePerformanceIndexToDate": 0.0,
            "hoursPerformanceIndexPeriod": 0.0,
            "hoursPerformanceIndexToDate": 0.0,
            "hoursToCompletePerformanceIndexBac": 0.0,
            "hoursToCompletePerformanceIndexEac": 0.0,
            "hoursSchedulePerformanceIndexPeriod": 0.0,
            "hoursSchedulePerformanceIndexToDate": 0.0,
            "_type": "controlAccount"
        },
        {
            "enterpriseId": 13,
            "id": 102004,
            "parentId": 102003,
            "order": 0,
            "obsId": null,
            "name": "10Q-Highlight stories of refugees and asylum seekers in Jordan, as well as impact of donor contributions, through media and donor briefings, field missions, UNHCR social media and other platforms - JOR-ALB-XXX-LAM-01",
            "description": null,
            "children": [],
            "projectId": 73361,
            "code": "32063Y23P184048/EA20/10Q/ALB-XXX-LAM-01",
            "percentCompleteMethod": "ROC",
            "budgetMethod": "AB1",
            "currentPercentComplete": 0.0,
            "distributionCurves": {
                "baselineBudgetCurveId": 61,
                "approvedBudgetCurveId": 61,
                "estimateToCompleteCurveId": 61,
                "controlBudgetCurveId": 61
            },
            "forecastSettings": {
                "forecastMethod": "ETC_1",
                "efficiencyFactorMethod": "ONE",
                "manualEfficiencyFactor": 0.0
            },
            "contractChangeEventDetails": {
                "potentialChangeEvents": 0.0,
                "approvedChangeEvents": 0.0
            },
            "upstreamContractChangeEventDetails": {
                "approvedChangeEvents": 0.0,
                "potentialChangeEvents": 0.0
            },
            "upstreamContractDetails": {
                "approvedContracts": 0.0,
                "approvedContractChanges": 0.0,
                "proceedContracts": 0.0,
                "proceedContractChanges": 0.0,
                "pendingContracts": 0.0,
                "pendingContractChanges": 0.0,
                "potentialContractChanges": 0.0,
                "originalContract": 0.0,
                "currentContract": 0.0,
                "pendingContractActuals": 0.0,
                "approvedContractActuals": 0.0,
                "allContractActualsPreviousPeriods": 0.0,
                "allContractActualsCurrentPeriod": 0.0,
                "allContractActualsToDate": 0.0,
                "remainingToReceive": 0.0,
                "percentReceived": 0.0,
                "percentInvoiced": 0.0
            },
            "pendingBudget": 0.0,
            "tags": [],
            "calculatedFields": {
                "Remaining_Installment": 0.0
            },
            "manualFields": {},
            "workPackage": false,
            "progressPackage": false,
            "lastUpdated": "2023-07-24T14:25:53.852428+04:00",
            "schedule": {
                "baselineEarlyStart": null,
                "baselineEarlyFinish": null,
                "baselineLateStart": null,
                "baselineLateFinish": null,
                "approvedEarlyStart": null,
                "approvedEarlyFinish": null,
                "approvedLateStart": null,
                "approvedLateFinish": null,
                "controlEarlyStart": null,
                "controlEarlyFinish": null,
                "controlLateStart": null,
                "controlLateFinish": null,
                "currentEarlyStart": null,
                "currentEarlyFinish": null,
                "currentLateStart": null,
                "currentLateFinish": null
            },
            "previousPercentComplete": 0.0,
            "useActivitiesForSchedule": false,
            "cost": {
                "baselineBudget": 0.0,
                "approvedBudget": 0.0,
                "controlBudget": 0.0,
                "estimateToComplete": 0.0,
                "previousEstimateAtCompletion": 0.0,
                "eacVariance": -5.564E7,
                "approvedBudgetChanges": 0.0,
                "approvedBudgetTransfers": 0.0,
                "controlBudgetChanges": 0.0,
                "atCompletionVariance": -5.564E7,
                "estimateAtCompletion": 5.564E7,
                "earnedValuePeriod": 0.0,
                "earnedValueToDate": 0.0,
                "efficiencyFactor": 0.0,
                "allActualsToDate": 0.0,
                "allActualsPeriod": 0.0,
                "allActualsPreviousPeriods": 0.0,
                "directActualsPreviousPeriods": 0.0,
                "remainingToSpend": 5.564E7,
                "percentSpent": 0.0,
                "directActualsPeriod": 0.0,
                "directActualsToDate": 0.0,
                "accruedPeriod": 0.0,
                "accruedToDate": 0.0,
                "incurredPeriod": 0.0,
                "incurredToDate": 0.0,
                "potentialBudgetChanges": 0.0,
                "potentialBudget": 0.0,
                "potentialControlBudgetChanges": 0.0,
                "potentialControlBudget": 0.0,
                "potentialEtcChanges": 0.0,
                "potentialEac": 5.564E7,
                "potentialBudgetTransfers": 0.0
            },
            "hours": {
                "baselineBudget": 0.0,
                "approvedBudget": 0.0,
                "controlBudget": 0.0,
                "estimateToComplete": 0.0,
                "previousEstimateAtCompletion": 0.0,
                "eacVariance": 0.0,
                "approvedBudgetChanges": 0.0,
                "approvedBudgetTransfers": 0.0,
                "controlBudgetChanges": 0.0,
                "atCompletionVariance": 0.0,
                "estimateAtCompletion": 0.0,
                "earnedValuePeriod": 0.0,
                "earnedValueToDate": 0.0,
                "efficiencyFactor": 0.0,
                "allActualsToDate": 0.0,
                "allActualsPeriod": 0.0,
                "allActualsPreviousPeriods": 0.0,
                "directActualsPreviousPeriods": 0.0,
                "remainingToSpend": 0.0,
                "percentSpent": 0.0,
                "directActualsPeriod": 0.0,
                "directActualsToDate": 0.0,
                "accruedPeriod": 0.0,
                "accruedToDate": 0.0,
                "incurredPeriod": 0.0,
                "incurredToDate": 0.0,
                "potentialBudgetChanges": 0.0,
                "potentialBudget": 0.0,
                "potentialControlBudgetChanges": 0.0,
                "potentialControlBudget": 0.0,
                "potentialEtcChanges": 0.0,
                "potentialEac": 0.0,
                "potentialBudgetTransfers": 0.0
            },
            "contractDetails": {
                "sharedValue": 0.0,
                "originalAmount": 5.564E7,
                "approvedAmount": 5.564E7,
                "currentAmount": 5.564E7,
                "pendingAmount": 0.0,
                "proceedAmount": 0.0,
                "forecastAmount": 5.564E7,
                "approvedChanges": 0.0,
                "proceedChanges": 0.0,
                "pendingChanges": 0.0,
                "potentialChanges": 0.0,
                "currentCommitments": 5.564E7,
                "pendingCommitments": 0.0,
                "allCommitments": 5.564E7,
                "approvedContractActuals": 0.0,
                "pendingContractActuals": 0.0,
                "approvedContractActualsPeriod": 0.0,
                "pendingContractActualsPeriod": 0.0,
                "requestedAmount": 0.0,
                "pendingRetention": 0.0,
                "approvedRetention": 0.0,
                "pendingRetentionReleased": 0.0,
                "approvedRetentionReleased": 0.0,
                "pendingNetAmount": 0.0,
                "approvedNetAmount": 0.0,
                "outstandingRetention": 0.0,
                "allContractActuals": 0.0,
                "remainingToSpend": 5.564E7,
                "varianceAmount": 0.0,
                "allCommitmentsThatShouldDrawDownETC": 5.564E7,
                "allContractActualsCurrentPeriod": 0.0,
                "allContractActualsPreviousPeriods": 0.0,
                "forecastRemainingToSpend": 5.564E7,
                "percentInvoiced": 0.0,
                "allRetention": 0.0,
                "allRetentionReleased": 0.0
            },
            "hasControlElements": false,
            "hasActivities": false,
            "hasRulesOfCredit": false,
            "costApprovedBudgetToDate": 0.0,
            "costApprovedBudgetPeriod": 0.0,
            "hoursApprovedBudgetToDate": 0.0,
            "hoursApprovedBudgetPeriod": 0.0,
            "costPerformanceIndexPeriod": 0.0,
            "costPerformanceIndexToDate": 0.0,
            "costToCompletePerformanceIndexBac": 0.0,
            "costToCompletePerformanceIndexEac": 0.0,
            "costSchedulePerformanceIndexPeriod": 0.0,
            "costSchedulePerformanceIndexToDate": 0.0,
            "hoursPerformanceIndexPeriod": 0.0,
            "hoursPerformanceIndexToDate": 0.0,
            "hoursToCompletePerformanceIndexBac": 0.0,
            "hoursToCompletePerformanceIndexEac": 0.0,
            "hoursSchedulePerformanceIndexPeriod": 0.0,
            "hoursSchedulePerformanceIndexToDate": 0.0,
            "_type": "controlAccount"
        },
        {
            "enterpriseId": 13,
            "id": 94888,
            "parentId": 94910,
            "order": 0,
            "obsId": null,
            "name": "100-Registration and documentation of all People of Concern carried out and supported - JOR-AJL-XXX-LAM-01",
            "description": null,
            "children": [],
            "projectId": 73361,
            "code": "32061Y23P062017/OA1/100/AJL-XXX-LAM-01",
            "percentCompleteMethod": "ROC",
            "budgetMethod": "AB1",
            "currentPercentComplete": 0.0,
            "distributionCurves": {
                "baselineBudgetCurveId": 61,
                "approvedBudgetCurveId": 61,
                "estimateToCompleteCurveId": 61,
                "controlBudgetCurveId": 61
            },
            "forecastSettings": {
                "forecastMethod": "ETC_1",
                "efficiencyFactorMethod": "ONE",
                "manualEfficiencyFactor": 0.0
            },
            "contractChangeEventDetails": {
                "potentialChangeEvents": 0.0,
                "approvedChangeEvents": 0.0
            },
            "upstreamContractChangeEventDetails": {
                "approvedChangeEvents": 0.0,
                "potentialChangeEvents": 0.0
            },
            "upstreamContractDetails": {
                "approvedContracts": 0.0,
                "approvedContractChanges": 0.0,
                "proceedContracts": 0.0,
                "proceedContractChanges": 0.0,
                "pendingContracts": 0.0,
                "pendingContractChanges": 0.0,
                "potentialContractChanges": 0.0,
                "originalContract": 0.0,
                "currentContract": 0.0,
                "pendingContractActuals": 0.0,
                "approvedContractActuals": 0.0,
                "allContractActualsPreviousPeriods": 0.0,
                "allContractActualsCurrentPeriod": 0.0,
                "allContractActualsToDate": 0.0,
                "remainingToReceive": 0.0,
                "percentReceived": 0.0,
                "percentInvoiced": 0.0
            },
            "pendingBudget": 0.0,
            "tags": [],
            "calculatedFields": {
                "Remaining_Installment": -1967733.33
            },
            "manualFields": {},
            "workPackage": false,
            "progressPackage": false,
            "lastUpdated": "2023-07-14T11:15:22.6609+04:00",
            "schedule": {
                "baselineEarlyStart": null,
                "baselineEarlyFinish": null,
                "baselineLateStart": null,
                "baselineLateFinish": null,
                "approvedEarlyStart": null,
                "approvedEarlyFinish": null,
                "approvedLateStart": null,
                "approvedLateFinish": null,
                "controlEarlyStart": null,
                "controlEarlyFinish": null,
                "controlLateStart": null,
                "controlLateFinish": null,
                "currentEarlyStart": null,
                "currentEarlyFinish": null,
                "currentLateStart": null,
                "currentLateFinish": null
            },
            "previousPercentComplete": 0.0,
            "useActivitiesForSchedule": false,
            "cost": {
                "baselineBudget": 0.0,
                "approvedBudget": 0.0,
                "controlBudget": 0.0,
                "estimateToComplete": 0.0,
                "previousEstimateAtCompletion": 0.0,
                "eacVariance": -1.067E7,
                "approvedBudgetChanges": 0.0,
                "approvedBudgetTransfers": 0.0,
                "controlBudgetChanges": 0.0,
                "atCompletionVariance": -1.067E7,
                "estimateAtCompletion": 1.067E7,
                "earnedValuePeriod": 0.0,
                "earnedValueToDate": 0.0,
                "efficiencyFactor": 0.0,
                "allActualsToDate": 1967733.33,
                "allActualsPeriod": 1967733.33,
                "allActualsPreviousPeriods": 0.0,
                "directActualsPreviousPeriods": 0.0,
                "remainingToSpend": 8702266.67,
                "percentSpent": 18.44173692596064,
                "directActualsPeriod": 0.0,
                "directActualsToDate": 0.0,
                "accruedPeriod": 0.0,
                "accruedToDate": 0.0,
                "incurredPeriod": 1967733.33,
                "incurredToDate": 1967733.33,
                "potentialBudgetChanges": 0.0,
                "potentialBudget": 0.0,
                "potentialControlBudgetChanges": 0.0,
                "potentialControlBudget": 0.0,
                "potentialEtcChanges": 0.0,
                "potentialEac": 1.067E7,
                "potentialBudgetTransfers": 0.0
            },
            "hours": {
                "baselineBudget": 0.0,
                "approvedBudget": 0.0,
                "controlBudget": 0.0,
                "estimateToComplete": 0.0,
                "previousEstimateAtCompletion": 0.0,
                "eacVariance": 0.0,
                "approvedBudgetChanges": 0.0,
                "approvedBudgetTransfers": 0.0,
                "controlBudgetChanges": 0.0,
                "atCompletionVariance": 0.0,
                "estimateAtCompletion": 0.0,
                "earnedValuePeriod": 0.0,
                "earnedValueToDate": 0.0,
                "efficiencyFactor": 0.0,
                "allActualsToDate": 0.0,
                "allActualsPeriod": 0.0,
                "allActualsPreviousPeriods": 0.0,
                "directActualsPreviousPeriods": 0.0,
                "remainingToSpend": 0.0,
                "percentSpent": 0.0,
                "directActualsPeriod": 0.0,
                "directActualsToDate": 0.0,
                "accruedPeriod": 0.0,
                "accruedToDate": 0.0,
                "incurredPeriod": 0.0,
                "incurredToDate": 0.0,
                "potentialBudgetChanges": 0.0,
                "potentialBudget": 0.0,
                "potentialControlBudgetChanges": 0.0,
                "potentialControlBudget": 0.0,
                "potentialEtcChanges": 0.0,
                "potentialEac": 0.0,
                "potentialBudgetTransfers": 0.0
            },
            "contractDetails": {
                "sharedValue": 0.0,
                "originalAmount": 1.07E7,
                "approvedAmount": 1.07E7,
                "currentAmount": 1.067E7,
                "pendingAmount": 0.0,
                "proceedAmount": 0.0,
                "forecastAmount": 1.067E7,
                "approvedChanges": -30000.0,
                "proceedChanges": 0.0,
                "pendingChanges": 0.0,
                "potentialChanges": 0.0,
                "currentCommitments": 1.067E7,
                "pendingCommitments": 0.0,
                "allCommitments": 1.067E7,
                "approvedContractActuals": 1967733.33,
                "pendingContractActuals": 0.0,
                "approvedContractActualsPeriod": 1967733.33,
                "pendingContractActualsPeriod": 0.0,
                "requestedAmount": -30000.0,
                "pendingRetention": 0.0,
                "approvedRetention": 0.0,
                "pendingRetentionReleased": 0.0,
                "approvedRetentionReleased": 0.0,
                "pendingNetAmount": 0.0,
                "approvedNetAmount": 0.0,
                "outstandingRetention": 0.0,
                "allContractActuals": 1967733.33,
                "remainingToSpend": 8702266.67,
                "varianceAmount": 0.0,
                "allCommitmentsThatShouldDrawDownETC": 1.067E7,
                "allContractActualsCurrentPeriod": 1967733.33,
                "allContractActualsPreviousPeriods": 0.0,
                "forecastRemainingToSpend": 8702266.67,
                "percentInvoiced": 18.44173692596064,
                "allRetention": 0.0,
                "allRetentionReleased": 0.0
            },
            "hasControlElements": false,
            "hasActivities": false,
            "hasRulesOfCredit": false,
            "costApprovedBudgetToDate": 0.0,
            "costApprovedBudgetPeriod": 0.0,
            "hoursApprovedBudgetToDate": 0.0,
            "hoursApprovedBudgetPeriod": 0.0,
            "costPerformanceIndexPeriod": 0.0,
            "costPerformanceIndexToDate": 0.0,
            "costToCompletePerformanceIndexBac": 0.0,
            "costToCompletePerformanceIndexEac": 0.0,
            "costSchedulePerformanceIndexPeriod": 0.0,
            "costSchedulePerformanceIndexToDate": 0.0,
            "hoursPerformanceIndexPeriod": 0.0,
            "hoursPerformanceIndexToDate": 0.0,
            "hoursToCompletePerformanceIndexBac": 0.0,
            "hoursToCompletePerformanceIndexEac": 0.0,
            "hoursSchedulePerformanceIndexPeriod": 0.0,
            "hoursSchedulePerformanceIndexToDate": 0.0,
            "_type": "controlAccount"
        },
        {
            "enterpriseId": 13,
            "id": 94886,
            "parentId": 94908,
            "order": 0,
            "obsId": null,
            "name": "105-VAF surveys, home visits, quarterly panel study and other assessments to track the change in vulnerabilities which inform evidence-based programming and policies. - JOR-AJL-XXX-LAM-01",
            "description": null,
            "children": [],
            "projectId": 73361,
            "code": "32061Y23P062017/OA8/105/AJL-XXX-LAM-01",
            "percentCompleteMethod": "ROC",
            "budgetMethod": "AB1",
            "currentPercentComplete": 0.0,
            "distributionCurves": {
                "baselineBudgetCurveId": 61,
                "approvedBudgetCurveId": 61,
                "estimateToCompleteCurveId": 61,
                "controlBudgetCurveId": 61
            },
            "forecastSettings": {
                "forecastMethod": "ETC_1",
                "efficiencyFactorMethod": "ONE",
                "manualEfficiencyFactor": 0.0
            },
            "contractChangeEventDetails": {
                "potentialChangeEvents": 0.0,
                "approvedChangeEvents": 0.0
            },
            "upstreamContractChangeEventDetails": {
                "approvedChangeEvents": 0.0,
                "potentialChangeEvents": 0.0
            },
            "upstreamContractDetails": {
                "approvedContracts": 0.0,
                "approvedContractChanges": 0.0,
                "proceedContracts": 0.0,
                "proceedContractChanges": 0.0,
                "pendingContracts": 0.0,
                "pendingContractChanges": 0.0,
                "potentialContractChanges": 0.0,
                "originalContract": 0.0,
                "currentContract": 0.0,
                "pendingContractActuals": 0.0,
                "approvedContractActuals": 0.0,
                "allContractActualsPreviousPeriods": 0.0,
                "allContractActualsCurrentPeriod": 0.0,
                "allContractActualsToDate": 0.0,
                "remainingToReceive": 0.0,
                "percentReceived": 0.0,
                "percentInvoiced": 0.0
            },
            "pendingBudget": 0.0,
            "tags": [],
            "calculatedFields": {
                "Remaining_Installment": -887733.3300000001
            },
            "manualFields": {},
            "workPackage": false,
            "progressPackage": false,
            "lastUpdated": "2023-07-29T03:25:18.793376+04:00",
            "schedule": {
                "baselineEarlyStart": null,
                "baselineEarlyFinish": null,
                "baselineLateStart": null,
                "baselineLateFinish": null,
                "approvedEarlyStart": null,
                "approvedEarlyFinish": null,
                "approvedLateStart": null,
                "approvedLateFinish": null,
                "controlEarlyStart": null,
                "controlEarlyFinish": null,
                "controlLateStart": null,
                "controlLateFinish": null,
                "currentEarlyStart": null,
                "currentEarlyFinish": null,
                "currentLateStart": null,
                "currentLateFinish": null
            },
            "previousPercentComplete": 0.0,
            "useActivitiesForSchedule": false,
            "cost": {
                "baselineBudget": 0.0,
                "approvedBudget": 0.0,
                "controlBudget": 0.0,
                "estimateToComplete": 0.0,
                "previousEstimateAtCompletion": 0.0,
                "eacVariance": -1.07E7,
                "approvedBudgetChanges": 0.0,
                "approvedBudgetTransfers": 0.0,
                "controlBudgetChanges": 0.0,
                "atCompletionVariance": -1.07E7,
                "estimateAtCompletion": 1.07E7,
                "earnedValuePeriod": 0.0,
                "earnedValueToDate": 0.0,
                "efficiencyFactor": 0.0,
                "allActualsToDate": 887733.3300000001,
                "allActualsPeriod": 887733.3300000001,
                "allActualsPreviousPeriods": 0.0,
                "directActualsPreviousPeriods": 0.0,
                "remainingToSpend": 9812266.67,
                "percentSpent": 8.296573177570094,
                "directActualsPeriod": 0.0,
                "directActualsToDate": 0.0,
                "accruedPeriod": 0.0,
                "accruedToDate": 0.0,
                "incurredPeriod": 887733.3300000001,
                "incurredToDate": 887733.3300000001,
                "potentialBudgetChanges": 0.0,
                "potentialBudget": 0.0,
                "potentialControlBudgetChanges": 0.0,
                "potentialControlBudget": 0.0,
                "potentialEtcChanges": 0.0,
                "potentialEac": 1.07E7,
                "potentialBudgetTransfers": 0.0
            },
            "hours": {
                "baselineBudget": 0.0,
                "approvedBudget": 0.0,
                "controlBudget": 0.0,
                "estimateToComplete": 0.0,
                "previousEstimateAtCompletion": 0.0,
                "eacVariance": 0.0,
                "approvedBudgetChanges": 0.0,
                "approvedBudgetTransfers": 0.0,
                "controlBudgetChanges": 0.0,
                "atCompletionVariance": 0.0,
                "estimateAtCompletion": 0.0,
                "earnedValuePeriod": 0.0,
                "earnedValueToDate": 0.0,
                "efficiencyFactor": 0.0,
                "allActualsToDate": 0.0,
                "allActualsPeriod": 0.0,
                "allActualsPreviousPeriods": 0.0,
                "directActualsPreviousPeriods": 0.0,
                "remainingToSpend": 0.0,
                "percentSpent": 0.0,
                "directActualsPeriod": 0.0,
                "directActualsToDate": 0.0,
                "accruedPeriod": 0.0,
                "accruedToDate": 0.0,
                "incurredPeriod": 0.0,
                "incurredToDate": 0.0,
                "potentialBudgetChanges": 0.0,
                "potentialBudget": 0.0,
                "potentialControlBudgetChanges": 0.0,
                "potentialControlBudget": 0.0,
                "potentialEtcChanges": 0.0,
                "potentialEac": 0.0,
                "potentialBudgetTransfers": 0.0
            },
            "contractDetails": {
                "sharedValue": 0.0,
                "originalAmount": 1.07E7,
                "approvedAmount": 1.07E7,
                "currentAmount": 1.07E7,
                "pendingAmount": 0.0,
                "proceedAmount": 0.0,
                "forecastAmount": 1.07E7,
                "approvedChanges": 0.0,
                "proceedChanges": 0.0,
                "pendingChanges": 0.0,
                "potentialChanges": 0.0,
                "currentCommitments": 1.07E7,
                "pendingCommitments": 0.0,
                "allCommitments": 1.07E7,
                "approvedContractActuals": 887733.3300000001,
                "pendingContractActuals": 0.0,
                "approvedContractActualsPeriod": 887733.3300000001,
                "pendingContractActualsPeriod": 0.0,
                "requestedAmount": 0.0,
                "pendingRetention": 0.0,
                "approvedRetention": 0.0,
                "pendingRetentionReleased": 0.0,
                "approvedRetentionReleased": 0.0,
                "pendingNetAmount": 0.0,
                "approvedNetAmount": 0.0,
                "outstandingRetention": 0.0,
                "allContractActuals": 887733.3300000001,
                "remainingToSpend": 9812266.67,
                "varianceAmount": 0.0,
                "allCommitmentsThatShouldDrawDownETC": 1.07E7,
                "allContractActualsCurrentPeriod": 887733.3300000001,
                "allContractActualsPreviousPeriods": 0.0,
                "forecastRemainingToSpend": 9812266.67,
                "percentInvoiced": 8.296573177570094,
                "allRetention": 0.0,
                "allRetentionReleased": 0.0
            },
            "hasControlElements": false,
            "hasActivities": false,
            "hasRulesOfCredit": false,
            "costApprovedBudgetToDate": 0.0,
            "costApprovedBudgetPeriod": 0.0,
            "hoursApprovedBudgetToDate": 0.0,
            "hoursApprovedBudgetPeriod": 0.0,
            "costPerformanceIndexPeriod": 0.0,
            "costPerformanceIndexToDate": 0.0,
            "costToCompletePerformanceIndexBac": 0.0,
            "costToCompletePerformanceIndexEac": 0.0,
            "costSchedulePerformanceIndexPeriod": 0.0,
            "costSchedulePerformanceIndexToDate": 0.0,
            "hoursPerformanceIndexPeriod": 0.0,
            "hoursPerformanceIndexToDate": 0.0,
            "hoursToCompletePerformanceIndexBac": 0.0,
            "hoursToCompletePerformanceIndexEac": 0.0,
            "hoursSchedulePerformanceIndexPeriod": 0.0,
            "hoursSchedulePerformanceIndexToDate": 0.0,
            "_type": "controlAccount"
        }
    ],
    "error": null
}