Identifier,Value,MailId,MailType
PartnerAgreementContract_singleSelect,Agreement Number Values,676790364,Modification Request
DoesChangeInvolveNewScopeOfWorks_boolean,true,676790364,Modification Request
DoesTheChangeAffectTheBudget_boolean,true,676790364,Modification Request
WhatIsTotalValueOfExtraBudget_singleLineText,10,676790364,Modification Request
WhatIsTotalValueOfBudgetDecrease_singleLineText,100,676790364,Modification Request
DoesChangeAffectProjectDeadline_boolean,true,676790364,Modification Request
TotalOfExtraWorkingDaysRequested_number,30,676790364,Modification Request
ProposedNewProjectCompletionDate_date,2023-12-31,676790364,Modification Request
JustificationForTheChangeRequest_singleLineText,Justification text for testing,676790364,Modification Request
HaveYouAttachedSupportingDocuments_boolean,false,676790364,Modification Request
