<?xml version="1.0" encoding="UTF-8" standalone="yes"?>
<Mail MailId="676790364">
	<ApprovalStatus>Approved</ApprovalStatus>
	<Attachments />
	<Attribute1>
		<AttributeTypeNames />
		<AttributeType>PRIMARY_ATTRIBUTE</AttributeType>
	</Attribute1>
	<Attribute2>
		<AttributeTypeNames />
		<AttributeType>SECONDARY_ATTRIBUTE</AttributeType>
	</Attribute2>
	<Attribute3>
		<AttributeTypeNames />
		<AttributeType>THIRD_ATTRIBUTE</AttributeType>
	</Attribute3>
	<Attribute4>
		<AttributeTypeNames />
		<AttributeType>FOURTH_ATTRIBUTE</AttributeType>
	</Attribute4>
	<MailData>&lt;div&gt; &lt;/div&gt;

		&lt;div&gt;step 1.2&lt;br /&gt;
		&lt;br /&gt;
		 &lt;/div&gt;

		&lt;div align=&quot;left&quot;&gt;
		&lt;hr /&gt;&lt;font face=&quot;Tahoma&quot; size=&quot;1&quot;&gt;&lt;b&gt;From:&lt;/b&gt;
		I GHS&lt;br /&gt;
		&lt;b&gt;Sent:&lt;/b&gt; 07/06/2023 12:33:03 PM GST (GMT +04:00)&lt;br /&gt;
		&lt;b&gt;To:&lt;/b&gt; Valeria Grassi&lt;br /&gt;
		&lt;b&gt;Mail Number:&lt;/b&gt; GLOBLHS-CCON-000005&lt;br /&gt;
		&lt;b&gt;Subject:&lt;/b&gt; Contract Change Iza Boka UVT&lt;/font&gt;&lt;br /&gt;
		 
		&lt;table style=&quot;border: 1.0px solid rgb(204,204,204);border-collapse:
		collapse;&quot;&gt;
		&lt;colgroup&gt;
		&lt;col style=&quot;width: 100.0px;&quot; /&gt;
		&lt;col /&gt;
		&lt;/colgroup&gt;
		&lt;tbody&gt;
		&lt;tr&gt;
		&lt;td style=&quot;border: 1.0px solid rgb(204,204,204);&quot;&gt;&lt;font
		face=&quot;Tahoma&quot; size=&quot;1&quot;&gt;&lt;strong&gt;Partner Agreement /
		Contract:&lt;/strong&gt;&lt;/font&gt;&lt;/td&gt;
		&lt;td style=&quot;border: 1.0px solid rgb(204,204,204);&quot;&gt;&lt;font
		face=&quot;Tahoma&quot; size=&quot;1&quot;&gt;Agreement Number
		Values&lt;/font&gt;&lt;/td&gt;
		&lt;/tr&gt;
		&lt;tr&gt;
		&lt;td style=&quot;border: 1.0px solid rgb(204,204,204);&quot;&gt;&lt;font
		face=&quot;Tahoma&quot; size=&quot;1&quot;&gt;&lt;strong&gt;Does change involve new scope of
		works?:&lt;/strong&gt;&lt;/font&gt;&lt;/td&gt;
		&lt;td style=&quot;border: 1.0px solid rgb(204,204,204);&quot;&gt;&lt;font
		face=&quot;Tahoma&quot; size=&quot;1&quot;&gt;Yes&lt;/font&gt;&lt;/td&gt;
		&lt;/tr&gt;
		&lt;tr&gt;
		&lt;td style=&quot;border: 1.0px solid rgb(204,204,204);&quot;&gt;&lt;font
		face=&quot;Tahoma&quot; size=&quot;1&quot;&gt;&lt;strong&gt;Does the change affect the
		budget?:&lt;/strong&gt;&lt;/font&gt;&lt;/td&gt;
		&lt;td style=&quot;border: 1.0px solid rgb(204,204,204);&quot;&gt;&lt;font
		face=&quot;Tahoma&quot; size=&quot;1&quot;&gt;Yes&lt;/font&gt;&lt;/td&gt;
		&lt;/tr&gt;
		&lt;tr&gt;
		&lt;td style=&quot;border: 1.0px solid rgb(204,204,204);&quot;&gt;&lt;font
		face=&quot;Tahoma&quot; size=&quot;1&quot;&gt;&lt;strong&gt;What is total value of extra
		budget?:&lt;/strong&gt;&lt;/font&gt;&lt;/td&gt;
		&lt;td style=&quot;border: 1.0px solid rgb(204,204,204);&quot;&gt;&lt;font
		face=&quot;Tahoma&quot; size=&quot;1&quot;&gt;10&lt;/font&gt;&lt;/td&gt;
		&lt;/tr&gt;
		&lt;tr&gt;
		&lt;td style=&quot;border: 1.0px solid rgb(204,204,204);&quot;&gt;&lt;font
		face=&quot;Tahoma&quot; size=&quot;1&quot;&gt;&lt;strong&gt;What is total value of budget
		decrease?:&lt;/strong&gt;&lt;/font&gt;&lt;/td&gt;
		&lt;td style=&quot;border: 1.0px solid rgb(204,204,204);&quot;&gt;&lt;font
		face=&quot;Tahoma&quot; size=&quot;1&quot;&gt;100&lt;/font&gt;&lt;/td&gt;
		&lt;/tr&gt;
		&lt;tr&gt;
		&lt;td style=&quot;border: 1.0px solid rgb(204,204,204);&quot;&gt;&lt;font
		face=&quot;Tahoma&quot; size=&quot;1&quot;&gt;&lt;strong&gt;Does change affect project
		deadline?:&lt;/strong&gt;&lt;/font&gt;&lt;/td&gt;
		&lt;td style=&quot;border: 1.0px solid rgb(204,204,204);&quot;&gt;&lt;font
		face=&quot;Tahoma&quot; size=&quot;1&quot;&gt;Yes&lt;/font&gt;&lt;/td&gt;
		&lt;/tr&gt;
		&lt;tr&gt;
		&lt;td style=&quot;border: 1.0px solid rgb(204,204,204);&quot;&gt;&lt;font
		face=&quot;Tahoma&quot; size=&quot;1&quot;&gt;&lt;strong&gt;Total # of extra working days
		requested?:&lt;/strong&gt;&lt;/font&gt;&lt;/td&gt;
		&lt;td style=&quot;border: 1.0px solid rgb(204,204,204);&quot;&gt;&lt;font
		face=&quot;Tahoma&quot; size=&quot;1&quot;&gt;30&lt;/font&gt;&lt;/td&gt;
		&lt;/tr&gt;
		&lt;tr&gt;
		&lt;td style=&quot;border: 1.0px solid rgb(204,204,204);&quot;&gt;&lt;font
		face=&quot;Tahoma&quot; size=&quot;1&quot;&gt;&lt;strong&gt;Proposed new project completion
		date?:&lt;/strong&gt;&lt;/font&gt;&lt;/td&gt;
		&lt;td style=&quot;border: 1.0px solid rgb(204,204,204);&quot;&gt;&lt;font
		face=&quot;Tahoma&quot; size=&quot;1&quot;&gt;31/12/2023&lt;/font&gt;&lt;/td&gt;
		&lt;/tr&gt;
		&lt;tr&gt;
		&lt;td style=&quot;border: 1.0px solid rgb(204,204,204);&quot;&gt;&lt;font
		face=&quot;Tahoma&quot; size=&quot;1&quot;&gt;&lt;strong&gt;Justification for the change
		request?:&lt;/strong&gt;&lt;/font&gt;&lt;/td&gt;
		&lt;td style=&quot;border: 1.0px solid rgb(204,204,204);&quot;&gt;&lt;font
		face=&quot;Tahoma&quot; size=&quot;1&quot;&gt;Justification text for
		testing&lt;/font&gt;&lt;/td&gt;
		&lt;/tr&gt;
		&lt;tr&gt;
		&lt;td style=&quot;border: 1.0px solid rgb(204,204,204);&quot;&gt;&lt;font
		face=&quot;Tahoma&quot; size=&quot;1&quot;&gt;&lt;strong&gt;Have you attached supporting
		documents?:&lt;/strong&gt;&lt;/font&gt;&lt;/td&gt;
		&lt;td style=&quot;border: 1.0px solid rgb(204,204,204);&quot;&gt;&lt;font
		face=&quot;Tahoma&quot; size=&quot;1&quot;&gt;No&lt;/font&gt;&lt;/td&gt;
		&lt;/tr&gt;
		&lt;/tbody&gt;
		&lt;/table&gt;
		&lt;font face=&quot;Tahoma&quot; size=&quot;1&quot;&gt; &lt;/font&gt;&lt;br /&gt;
		 &lt;/div&gt;

		&lt;p&gt;text for test&lt;/p&gt;
</MailData>
	<ConfidentialFlag>0</ConfidentialFlag>
	<ProjectDetails>
		<address1>Case postale 2500</address1>
		<address2></address2>
		<address3></address3>
		<city>Geneva</city>
		<country>Switzerland</country>
		<logoPath>
			/html/logos/aconex-stored/project/671089868/2023-06-02-13-20-14-1345285486928506846458.jpg</logoPath>
		<name>Jordan UVT</name>
		<state></state>
	</ProjectDetails>
	<CorrespondenceType>Modification Request</CorrespondenceType>
	<CustomFields>
		<CustomField>
			<DataType>SINGLE_SELECT</DataType>
			<Identifier>PartnerAgreementContract_singleSelect</Identifier>
			<Label>Partner Agreement / Contract</Label>
			<Value>Agreement Number Values</Value>
		</CustomField>
		<CustomField>
			<DataType>BOOLEAN</DataType>
			<Identifier>DoesChangeInvolveNewScopeOfWorks_boolean</Identifier>
			<Label>Does change involve new scope of works?</Label>
			<Value>true</Value>
		</CustomField>
		<CustomField>
			<DataType>BOOLEAN</DataType>
			<Identifier>DoesTheChangeAffectTheBudget_boolean</Identifier>
			<Label>Does the change affect the budget?</Label>
			<Value>true</Value>
		</CustomField>
		<CustomField>
			<DataType>SINGLE_LINE_TEXT</DataType>
			<Identifier>WhatIsTotalValueOfExtraBudget_singleLineText</Identifier>
			<Label>What is total value of extra budget?</Label>
			<Value>10</Value>
		</CustomField>
		<CustomField>
			<DataType>SINGLE_LINE_TEXT</DataType>
			<Identifier>WhatIsTotalValueOfBudgetDecrease_singleLineText</Identifier>
			<Label>What is total value of budget decrease?</Label>
			<Value>100</Value>
		</CustomField>
		<CustomField>
			<DataType>BOOLEAN</DataType>
			<Identifier>DoesChangeAffectProjectDeadline_boolean</Identifier>
			<Label>Does change affect project deadline?</Label>
			<Value>true</Value>
		</CustomField>
		<CustomField>
			<DataType>NUMBER</DataType>
			<Identifier>TotalOfExtraWorkingDaysRequested_number</Identifier>
			<Label>Total # of extra working days requested?</Label>
			<Value>30</Value>
		</CustomField>
		<CustomField>
			<DataType>DATE</DataType>
			<Identifier>ProposedNewProjectCompletionDate_date</Identifier>
			<Label>Proposed new project completion date?</Label>
			<Value>2023-12-31</Value>
		</CustomField>
		<CustomField>
			<DataType>SINGLE_LINE_TEXT</DataType>
			<Identifier>JustificationForTheChangeRequest_singleLineText</Identifier>
			<Label>Justification for the change request?</Label>
			<Value>Justification text for testing</Value>
		</CustomField>
		<CustomField>
			<DataType>BOOLEAN</DataType>
			<Identifier>HaveYouAttachedSupportingDocuments_boolean</Identifier>
			<Label>Have you attached supporting documents?</Label>
			<Value>false</Value>
		</CustomField>
	</CustomFields>
	<ToUsers>
		<Recipient>
			<OrganizationId>671094793</OrganizationId>
			<OrganizationName>Global Humanitarian Solutions</OrganizationName>
			<Status>Overdue</Status>
			<DistributionType>TO</DistributionType>
			<FirstName>Izabella</FirstName>
			<Name>Ms Izabella GHS</Name>
			<UserId>671155888</UserId>
			<LastName>GHS</LastName>
		</Recipient>
	</ToUsers>
	<MailNo>UNHCR-MDR-000001</MailNo>
	<Fax>41</Fax>
	<Footer></Footer>
	<FromUserDetails>
		<OrganizationId>671093575</OrganizationId>
		<OrganizationName>United Nations High Commissioner for Refugees</OrganizationName>
		<FirstName>Valeria</FirstName>
		<Name>Mrs Valeria Grassi</Name>
		<UserId>671131173</UserId>
		<LastName>Grassi</LastName>
	</FromUserDetails>
	<InRefToMailId>676790329</InRefToMailId>
	<Notes />
	<ProjectId>671089868</ProjectId>
	<ReasonForIssue></ReasonForIssue>
	<MailRegistrationDetails>
		<IsRegistered>false</IsRegistered>
	</MailRegistrationDetails>
	<ResponseRequired>
		<ResponseRequiredDate>2023-06-08T20:00:00.000Z</ResponseRequiredDate>
		<ResponseRequiredMessage>Respond by</ResponseRequiredMessage>
	</ResponseRequired>
	<RichText>true</RichText>
	<SentDate>2023-06-07T08:35:06.150Z</SentDate>
	<Status>Outstanding</Status>
	<Subject>Re: Contract Change Iza Boka UVT</Subject>
	<ThreadId>676790329</ThreadId>
</Mail>