{
	"areas": [
		{
			"id": "214483932253528188",
			"name": "Afghanistan",
			"children": [
				{
					"id": "214483932253530851",
					"name": "14030Y23P348492",
					"children": [
						{
							"id": "214483932253539847",
							"name": "14030",
							"children": [
								{
									"id": "214483932253539760",
									"name": "Y23",
									"children": []
								}
							]
						}
					]
				},
				{
					"id": "214483932253528304",
					"name": "213010001",
					"children": [
						{
							"id": "214483932253528310",
							"name": "21301",
							"children": [
								{
									"id": "214483932253528324",
									"name": "Education",
									"children": [
										{
											"id": "214483932253528325",
											"name": "Document Management",
											"children": []
										},
										{
											"id": "214483932253528326",
											"name": "On-Site Monitoring",
											"children": [
												{
													"id": "214483932253528327",
													"name": "Refugee Camp 1",
													"children": [
														{
															"id": "214483932253528329",
															"name": "Guard House",
															"children": []
														},
														{
															"id": "214483932253528333",
															"name": "Medical Centre",
															"children": []
														},
														{
															"id": "214483932253528331",
															"name": "Mens WASH Services",
															"children": []
														},
														{
															"id": "214483932253528328",
															"name": "Pump House",
															"children": []
														},
														{
															"id": "214483932253528332",
															"name": "School",
															"children": []
														},
														{
															"id": "214483932253528330",
															"name": "Womens WASH Services",
															"children": []
														}
													]
												}
											]
										}
									]
								},
								{
									"id": "214483932253528314",
									"name": "Health",
									"children": [
										{
											"id": "214483932253528315",
											"name": "Document Management",
											"children": []
										},
										{
											"id": "214483932253528316",
											"name": "On-Site Monitoring",
											"children": [
												{
													"id": "214483932253528317",
													"name": "Refugee Camp 2",
													"children": [
														{
															"id": "214483932253528319",
															"name": "Guard House",
															"children": []
														},
														{
															"id": "214483932253528323",
															"name": "Medical Centre",
															"children": []
														},
														{
															"id": "214483932253528321",
															"name": "Mens WASH Services",
															"children": []
														},
														{
															"id": "214483932253528318",
															"name": "Pump House",
															"children": []
														},
														{
															"id": "214483932253528322",
															"name": "School",
															"children": []
														},
														{
															"id": "214483932253528320",
															"name": "Womens WASH Services",
															"children": []
														}
													]
												}
											]
										}
									]
								}
							]
						},
						{
							"id": "214483932253528311",
							"name": "21302",
							"children": [
								{
									"id": "214483932253528335",
									"name": "Education",
									"children": [
										{
											"id": "214483932253528347",
											"name": "Document Management",
											"children": []
										},
										{
											"id": "214483932253528348",
											"name": "On-Site Monitoring",
											"children": [
												{
													"id": "214483932253528349",
													"name": "Refugee Camp 1",
													"children": [
														{
															"id": "214483932253528352",
															"name": "Aassembly hall",
															"children": []
														},
														{
															"id": "214483932253528351",
															"name": "Caferitera",
															"children": []
														},
														{
															"id": "214483932253528350",
															"name": "Classroom 1",
															"children": []
														},
														{
															"id": "214483932253528353",
															"name": "Teacher break rooms",
															"children": []
														}
													]
												}
											]
										}
									]
								},
								{
									"id": "214483932253528334",
									"name": "Office",
									"children": [
										{
											"id": "214483932253528336",
											"name": "Document Management",
											"children": []
										},
										{
											"id": "214483932253528337",
											"name": "On-Site Monitoring",
											"children": [
												{
													"id": "214483932253528338",
													"name": "Building 1",
													"children": [
														{
															"id": "214483932253528341",
															"name": "1st Flloor",
															"children": []
														},
														{
															"id": "214483932253528342",
															"name": "2nd Floor",
															"children": []
														},
														{
															"id": "214483932253528340",
															"name": "Ground Floor",
															"children": []
														}
													]
												},
												{
													"id": "214483932253528339",
													"name": "Building 2",
													"children": [
														{
															"id": "214483932253528344",
															"name": "1st Flloor",
															"children": []
														},
														{
															"id": "214483932253528345",
															"name": "2nd Floor",
															"children": []
														},
														{
															"id": "214483932253528346",
															"name": "3rd Flloor",
															"children": []
														},
														{
															"id": "214483932253528343",
															"name": "Ground Floor",
															"children": []
														}
													]
												}
											]
										}
									]
								}
							]
						}
					]
				},
				{
					"id": "214483932253528215",
					"name": "330220001",
					"children": [
						{
							"id": "214483932253528228",
							"name": "Education",
							"children": [
								{
									"id": "214483932253528229",
									"name": "Document Management",
									"children": [
										{
											"id": "214483932253528230",
											"name": "Finanical Verifcation (PMC03)",
											"children": []
										},
										{
											"id": "214483932253528231",
											"name": "Progress Monitoring (PMC02)",
											"children": []
										}
									]
								},
								{
									"id": "214483932253528232",
									"name": "On-Site Monitoring",
									"children": [
										{
											"id": "214483932253528233",
											"name": "Refugee Camp 1",
											"children": [
												{
													"id": "214483932253528235",
													"name": "Guard House",
													"children": []
												},
												{
													"id": "214483932253528239",
													"name": "Medical Centre",
													"children": []
												},
												{
													"id": "214483932253528237",
													"name": "Mens WASH Services",
													"children": []
												},
												{
													"id": "214483932253528234",
													"name": "Pump House",
													"children": []
												},
												{
													"id": "214483932253528238",
													"name": "School",
													"children": []
												},
												{
													"id": "214483932253528236",
													"name": "Womens WASH Services",
													"children": []
												}
											]
										}
									]
								}
							]
						},
						{
							"id": "214483932253528216",
							"name": "Health",
							"children": [
								{
									"id": "214483932253528217",
									"name": "Document Management",
									"children": [
										{
											"id": "214483932253528218",
											"name": "Finanical Verifcation (PMC03)",
											"children": []
										},
										{
											"id": "214483932253528219",
											"name": "Implementation Progress (PMC02)",
											"children": []
										}
									]
								},
								{
									"id": "214483932253528220",
									"name": "On-Site Monitoring",
									"children": [
										{
											"id": "214483932253528221",
											"name": "Refugee Camp 2",
											"children": [
												{
													"id": "214483932253528223",
													"name": "Guard House",
													"children": []
												},
												{
													"id": "214483932253528227",
													"name": "Medical Centre",
													"children": []
												},
												{
													"id": "214483932253528225",
													"name": "Mens WASH Services",
													"children": []
												},
												{
													"id": "214483932253528222",
													"name": "Pump House",
													"children": []
												},
												{
													"id": "214483932253528226",
													"name": "School",
													"children": []
												},
												{
													"id": "214483932253528224",
													"name": "Womens WASH Services",
													"children": []
												}
											]
										}
									]
								}
							]
						}
					]
				}
			]
		}
	]
}