Region,Project/ABC,Partner Agreement / Contract,Assigned To Organization,Assigned To User,Overdue,Step Status,WorkflowId,DocumentTrackingId,Workflow Template
,,,United Nations High Commissioner for Refugees,Ms Katharina Thote,,Overdue,214483932256141380,214483932258437020,Site Meeting Minutes Review
,,,United Nations High Commissioner for Refugees, Robert Genninges,,Overdue,214483932256141314,214483932258436971,Site Meeting Minutes Review
,,,Global Humanitarian Solutions,Ms Phoebe GHS,,Overdue,214483932256141374,214483932258436974,Site Meeting Minutes Review
,,,United Nations High Commissioner for Refugees, Robert Genninges,,Overdue,214483932256141376,214483932258437023,Detail Drawing Submittal (without UNHCR Engineer)
,,,United Nations High Commissioner for Refugees, Robert Genninges,,Overdue,214483932256141377,214483932258437058,Detail Drawing Submittal (without UNHCR Engineer)
,,,United Nations High Commissioner for Refugees, Robert Genninges,,Overdue,214483932256141608,214483932258437218,Project Handover to End Users
,,,United Nations High Commissioner for Refugees, Robert Genninges,,Overdue,214483932256141617,214483932258437234,Detail Drawing Submittal
,,,United Nations High Commissioner for Refugees, Robert Genninges,,Completed,214483932256141547,214483932258437056,Site Meeting Minutes Review
,,,United Nations High Commissioner for Refugees, Robert Genninges,,Forecast,214483932256141381,214483932258437020,Site Meeting Minutes Review
,,,United Nations High Commissioner for Refugees, Robert Genninges,,Forecast,214483932256141315,214483932258436971,Site Meeting Minutes Review
,,,United Nations High Commissioner for Refugees,Ms Phoebe Goodwin,,Forecast,214483932256141375,214483932258436974,Site Meeting Minutes Review
,,,United Nations High Commissioner for Refugees, Robert Genninges,,Forecast,214483932256141609,214483932258437218,Project Handover to End Users
,,,United Nations High Commissioner for Refugees, Robert Genninges,,Forecast,214483932256141618,214483932258437234,Detail Drawing Submittal
,,,United Nations High Commissioner for Refugees,Mr Robert Berenyi,,Skipped,214483932256184246,214483932258437026,Project Financial Report Submission
,,,United Nations High Commissioner for Refugees, Robert Genninges,,Skipped,214483932256184247,214483932258437026,Project Financial Report Submission
,,,United Nations High Commissioner for Refugees, Robert Genninges,,Overdue,214483932256184248,214483932258437026,Project Financial Report Submission
,,,Global Humanitarian Solutions,Ms Katharina GHS,,Overdue,214483932256141378,214483932258437066,Site Meeting Minutes Review
,,,United Nations High Commissioner for Refugees,Mr Robert Hurt,,Forecast,214483932256141379,214483932258437066,Site Meeting Minutes Review
,,,United Nations High Commissioner for Refugees, Robert Genninges,,Overdue,214483932256183983,214483932258437059,Negotiation of Financial Plan
,,,United Nations High Commissioner for Refugees, Robert Genninges,,Overdue,214483932256183985,214483932258437225,Negotiation of Financial Plan
,,,United Nations High Commissioner for Refugees,Mr Muhammad Shahzad,,Completed,214483932256270744,214483932258539810,Project Financial Report Submission
,,,United Nations High Commissioner for Refugees,Mr Muhammad Shahzad,,Completed,214483932256270745,214483932258539810,Project Financial Report Submission
,,,United Nations High Commissioner for Refugees,Mr Muhammad Shahzad,,Completed,214483932256270746,214483932258539810,Project Financial Report Submission
,,,United Nations High Commissioner for Refugees, Robert Genninges,,Completed,214483932256274316,214483932258544081,Project Financial Report Submission
,,,United Nations High Commissioner for Refugees, Robert Genninges,,Completed,214483932256275001,214483932258544081,Project Financial Report Submission
,,,United Nations High Commissioner for Refugees, Robert Genninges,,Completed,214483932256274317,214483932258544081,Project Financial Report Submission
,,,United Nations High Commissioner for Refugees, Robert Genninges,,Completed,214483932256275002,214483932258544081,Project Financial Report Submission
,,,United Nations High Commissioner for Refugees, Robert Genninges,,Completed,214483932256274318,214483932258544081,Project Financial Report Submission
,,,United Nations High Commissioner for Refugees, Robert Genninges,,Completed,214483932256275003,214483932258544081,Project Financial Report Submission
,,,United Nations High Commissioner for Refugees, Robert Genninges,,Completed,214483932256279298,214483932258550086,Project Financial Report Submission
,,,United Nations High Commissioner for Refugees, Robert Genninges,,Completed,214483932256279299,214483932258550086,Project Financial Report Submission
,,,United Nations High Commissioner for Refugees, Robert Genninges,,Completed,214483932256279300,214483932258550086,Project Financial Report Submission
,,,United Nations High Commissioner for Refugees, Robert Genninges,,Completed,214483932256284249,214483932258550086,Project Financial Report Submission
,,,United Nations High Commissioner for Refugees, Robert Genninges,,Completed,214483932256295283,214483932258554447,Project Financial Report Submission
,,,United Nations High Commissioner for Refugees, Robert Genninges,,Completed,214483932256284250,214483932258550086,Project Financial Report Submission
,,,United Nations High Commissioner for Refugees, Robert Genninges,,Completed,214483932256284251,214483932258550086,Project Financial Report Submission
,,,United Nations High Commissioner for Refugees,Mr Basie Lombard,,Completed,214483932256249949,214483932258500168,Negotiation of Financial Plan
,,,United Nations High Commissioner for Refugees,Mr Basie Lombard,,Completed,214483932256250096,214483932258500171,Negotiation of Indicators
,,,United Nations High Commissioner for Refugees,Mr Basie Lombard,,Completed,214483932256250443,214483932258500161,Negotiation of Financial Plan
,,,United Nations High Commissioner for Refugees,Mr Basie Lombard,,Completed,214483932256250448,214483932258500164,Negotiation of Indicators
,,,United Nations High Commissioner for Refugees,Mr Basie Lombard,,Completed,214483932256250694,214483932258500169,Negotiation of Financial Plan
,,,United Nations High Commissioner for Refugees,Mr Basie Lombard,,Completed,214483932256250705,214483932258500170,Negotiation of Indicators
,,,United Nations High Commissioner for Refugees,Mr Basie Lombard,,Completed,214483932256251256,214483932258481931,Negotiation of Financial Plan
,,,United Nations High Commissioner for Refugees,Mr Basie Lombard,,Completed,214483932256251278,214483932258500163,Negotiation of Indicators
,,,United Nations High Commissioner for Refugees,Mr Basie Lombard,,Completed,214483932256251970,214483932258500160,Negotiation of Financial Plan
,,,United Nations High Commissioner for Refugees,Mr Basie Lombard,,Completed,214483932256251979,214483932258500166,Negotiation of Indicators
,,,United Nations High Commissioner for Refugees,Mr Basie Lombard,,Completed,214483932256249950,214483932258500168,Negotiation of Financial Plan
,,,United Nations High Commissioner for Refugees,Mr Basie Lombard,,Completed,214483932256250097,214483932258500171,Negotiation of Indicators
,,,United Nations High Commissioner for Refugees,Mr Basie Lombard,,Completed,214483932256250444,214483932258500161,Negotiation of Financial Plan
,,,United Nations High Commissioner for Refugees,Mr Basie Lombard,,Completed,214483932256250449,214483932258500164,Negotiation of Indicators
,,,United Nations High Commissioner for Refugees,Mr Basie Lombard,,Completed,214483932256250695,214483932258500169,Negotiation of Financial Plan
,,,United Nations High Commissioner for Refugees,Mr Basie Lombard,,Completed,214483932256250706,214483932258500170,Negotiation of Indicators
,,,United Nations High Commissioner for Refugees,Mr Basie Lombard,,Completed,214483932256251257,214483932258481931,Negotiation of Financial Plan
,,,United Nations High Commissioner for Refugees,Mr Basie Lombard,,Completed,214483932256251279,214483932258500163,Negotiation of Indicators
,,,United Nations High Commissioner for Refugees,Mr Basie Lombard,,Completed,214483932256251971,214483932258500160,Negotiation of Financial Plan
,,,United Nations High Commissioner for Refugees,Mr Basie Lombard,,Completed,214483932256251980,214483932258500166,Negotiation of Indicators
,,,United Nations High Commissioner for Refugees, Robert Genninges,,Completed,214483932256295284,214483932258554447,Project Financial Report Submission
,,,United Nations High Commissioner for Refugees, Robert Genninges,,Forecast,214483932256183984,214483932258437059,Negotiation of Financial Plan
,,,United Nations High Commissioner for Refugees, Robert Genninges,,Forecast,214483932256183986,214483932258437225,Negotiation of Financial Plan
,,,United Nations High Commissioner for Refugees, Robert Genninges,,Completed,214483932256348442,214483932258571521,Project Financial Report Submission
,,,United Nations High Commissioner for Refugees, Robert Genninges,,Completed,214483932256348602,214483932258571521,Project Financial Report Submission
,,,United Nations High Commissioner for Refugees, Robert Genninges,,Completed,214483932256348443,214483932258571521,Project Financial Report Submission
,,,United Nations High Commissioner for Refugees, Robert Genninges,,Completed,214483932256348603,214483932258571521,Project Financial Report Submission
,,,United Nations High Commissioner for Refugees, Robert Genninges,,Completed,214483932256348444,214483932258571521,Project Financial Report Submission
,,,United Nations High Commissioner for Refugees, Robert Genninges,,Completed,214483932256348604,214483932258571521,Project Financial Report Submission
,,,United Nations High Commissioner for Refugees, Robert Genninges,,Completed,214483932256295285,214483932258554447,Project Financial Report Submission
,,,United Nations High Commissioner for Refugees, Robert Genninges,,Completed,214483932256339775,214483932258500168,Negotiation of Financial Plan
,,,United Nations High Commissioner for Refugees, Robert Genninges,,Completed,214483932256345846,214483932258500169,Negotiation of Financial Plan
,,,United Nations High Commissioner for Refugees, Robert Genninges,,Completed,214483932256345844,214483932258500170,Negotiation of Financial Plan
,,,United Nations High Commissioner for Refugees, Robert Genninges,,Completed,214483932256345852,214483932258500170,Negotiation of Indicators
,,,United Nations High Commissioner for Refugees, Robert Genninges,,Completed,214483932256339776,214483932258500168,Negotiation of Financial Plan
,,,United Nations High Commissioner for Refugees, Robert Genninges,,Completed,214483932256345847,214483932258500169,Negotiation of Financial Plan
,,,United Nations High Commissioner for Refugees, Robert Genninges,,Completed,214483932256345845,214483932258500170,Negotiation of Financial Plan
,,,United Nations High Commissioner for Refugees, Robert Genninges,,Completed,214483932256345853,214483932258500170,Negotiation of Indicators
,,,United Nations High Commissioner for Refugees, Robert Genninges,,Overdue,214483932256141548,214483932258437056,Site Meeting Minutes Review
,,,United Nations High Commissioner for Refugees, Robert Genninges,,Skipped,214483932256184245,214483932258437026,Project Financial Report Submission
,,,United Nations High Commissioner for Refugees,Mr Muhammad Shahzad,,Completed,214483932256270743,214483932258539810,Project Financial Report Submission
,,,United Nations High Commissioner for Refugees, Robert Genninges,,Completed,214483932256274315,214483932258544081,Project Financial Report Submission
,,,United Nations High Commissioner for Refugees, Robert Genninges,,Completed,214483932256275000,214483932258544081,Project Financial Report Submission
,,,United Nations High Commissioner for Refugees, Robert Genninges,,Completed,214483932256279297,214483932258550086,Project Financial Report Submission
,,,United Nations High Commissioner for Refugees, Robert Genninges,,Completed,214483932256284248,214483932258550086,Project Financial Report Submission
,,,United Nations High Commissioner for Refugees, Robert Genninges,,Completed,214483932256295282,214483932258554447,Project Financial Report Submission
,,,United Nations High Commissioner for Refugees, Robert Genninges,,Completed,214483932256703481,214483932258802416,Negotiation of Financial Plan
,,,United Nations High Commissioner for Refugees, Robert Genninges,,Completed,214483932256703484,214483932258802417,Negotiation of Financial Plan
,,,United Nations High Commissioner for Refugees, Robert Genninges,,Completed,214483932256711490,214483932258802416,Negotiation of Financial Plan Rev 1
,,,United Nations High Commissioner for Refugees, Robert Genninges,,Completed,214483932256711493,214483932258802417,Negotiation of Financial Plan Rev 1
,,,United Nations High Commissioner for Refugees, Robert Genninges,,Completed,214483932256711589,214483932258802417,Negotiation of Financial Plan Rev 1
,,,United Nations High Commissioner for Refugees, Robert Genninges,,Completed,214483932256714766,214483932258802419,Negotiation of Financial Plan Rev 1
,,,United Nations High Commissioner for Refugees, Robert Genninges,,Completed,214483932256714769,214483932258802420,Negotiation of Financial Plan Rev 1
,,,United Nations High Commissioner for Refugees, Robert Genninges,,Completed,214483932256721501,214483932258807158,Project Financial Report Submission
,,,United Nations High Commissioner for Refugees,Ms Clare Askew,,Completed,214483932256721747,214483932258811856,Negotiation of Financial Plan Rev 1
,,,United Nations High Commissioner for Refugees,Ms Clare Askew,,Completed,214483932256721750,214483932258811858,Negotiation of Financial Plan Rev 1
,,,United Nations High Commissioner for Refugees,Ms Clare Askew,,Completed,214483932256721873,214483932258811855,Negotiation of Financial Plan Rev 1
,,,United Nations High Commissioner for Refugees,Ms Clare Askew,,Completed,214483932256721870,214483932258811857,Negotiation of Financial Plan Rev 1
,,,United Nations High Commissioner for Refugees, Robert Genninges,,Completed,214483932256721502,214483932258807158,Project Financial Report Submission
,,,United Nations High Commissioner for Refugees, Robert Genninges,,Completed,214483932256721503,214483932258807158,Project Financial Report Submission
,,,United Nations High Commissioner for Refugees, Robert Genninges,,Completed,214483932256348441,214483932258571521,Project Financial Report Submission
,,,United Nations High Commissioner for Refugees, Robert Genninges,,Completed,214483932256348601,214483932258571521,Project Financial Report Submission
,,,United Nations High Commissioner for Refugees, Robert Genninges,,Completed,214483932256732671,214483932258810229,Project Financial Report Submission
,,,United Nations High Commissioner for Refugees, Robert Genninges,,Completed,214483932256732672,214483932258810229,Project Financial Report Submission
,,,United Nations High Commissioner for Refugees, Robert Genninges,,Completed,214483932256732673,214483932258810229,Project Financial Report Submission
,,,United Nations High Commissioner for Refugees, Robert Genninges,,Completed,214483932256739762,214483932258802416,Negotiation of Financial Plan Rev 1
,,,United Nations High Commissioner for Refugees, Robert Genninges,,Completed,214483932256739765,214483932258802417,Negotiation of Financial Plan Rev 1
,,,United Nations High Commissioner for Refugees, Robert Genninges,,Completed,214483932256742726,214483932258802419,Negotiation of Financial Plan Rev 1
,,,United Nations High Commissioner for Refugees, Robert Genninges,,Completed,214483932256742729,214483932258802420,Negotiation of Financial Plan Rev 1
,,,United Nations High Commissioner for Refugees, Robert Genninges,,Completed,214483932256703479,214483932258802416,Negotiation of Financial Plan
,,,United Nations High Commissioner for Refugees, Robert Genninges,,Completed,214483932256703482,214483932258802417,Negotiation of Financial Plan
,,,United Nations High Commissioner for Refugees, Robert Genninges,,Completed,214483932256703480,214483932258802416,Negotiation of Financial Plan
,,,United Nations High Commissioner for Refugees, Robert Genninges,,Completed,214483932256703483,214483932258802417,Negotiation of Financial Plan
,,,United Nations High Commissioner for Refugees,Ms Hadir Shady,,Completed,214483932256788477,214483932258854581,Negotiation of Financial Plan Rev 1
,,,United Nations High Commissioner for Refugees,Ms Hadir Shady,,Completed,214483932256788484,214483932258854580,Negotiation of Financial Plan Rev 1
,,,United Nations High Commissioner for Refugees, Robert Genninges,,Completed,214483932256711488,214483932258802416,Negotiation of Financial Plan Rev 1
,,,United Nations High Commissioner for Refugees, Robert Genninges,,Completed,214483932256711491,214483932258802417,Negotiation of Financial Plan Rev 1
,,,United Nations High Commissioner for Refugees, Robert Genninges,,Completed,214483932256711587,214483932258802417,Negotiation of Financial Plan Rev 1
,,,United Nations High Commissioner for Refugees, Robert Genninges,,Completed,214483932256711489,214483932258802416,Negotiation of Financial Plan Rev 1
,,,United Nations High Commissioner for Refugees, Robert Genninges,,Completed,214483932256711492,214483932258802417,Negotiation of Financial Plan Rev 1
,,,United Nations High Commissioner for Refugees, Robert Genninges,,Completed,214483932256711588,214483932258802417,Negotiation of Financial Plan Rev 1
,,,United Nations High Commissioner for Refugees,Ms Hadir Shady,,Completed,214483932256795982,214483932258854579,Negotiation of Financial Plan Rev 1
,,,United Nations High Commissioner for Refugees,Ms Hadir Shady,,Completed,214483932256795987,214483932258854579,Negotiation of Financial Plan Rev 1
,,,United Nations High Commissioner for Refugees, Robert Genninges,,Completed,214483932256714764,214483932258802419,Negotiation of Financial Plan Rev 1
,,,United Nations High Commissioner for Refugees, Robert Genninges,,Completed,214483932256714767,214483932258802420,Negotiation of Financial Plan Rev 1
,,,United Nations High Commissioner for Refugees, Robert Genninges,,Completed,214483932256714765,214483932258802419,Negotiation of Financial Plan Rev 1
,,,United Nations High Commissioner for Refugees, Robert Genninges,,Completed,214483932256714768,214483932258802420,Negotiation of Financial Plan Rev 1
,,,United Nations High Commissioner for Refugees,Ms Clare Askew,,Completed,214483932256798760,214483932258802415,Negotiation of Financial Plan Rev 1
,,,United Nations High Commissioner for Refugees,Ms Clare Askew,,Completed,214483932256721745,214483932258811856,Negotiation of Financial Plan Rev 1
,,,United Nations High Commissioner for Refugees,Ms Clare Askew,,Completed,214483932256721748,214483932258811858,Negotiation of Financial Plan Rev 1
,,,United Nations High Commissioner for Refugees,Ms Clare Askew,,Completed,214483932256721871,214483932258811855,Negotiation of Financial Plan Rev 1
,,,United Nations High Commissioner for Refugees,Ms Clare Askew,,Completed,214483932256721868,214483932258811857,Negotiation of Financial Plan Rev 1
,,,United Nations High Commissioner for Refugees,Ms Clare Askew,,Completed,214483932256721746,214483932258811856,Negotiation of Financial Plan Rev 1
,,,United Nations High Commissioner for Refugees,Ms Clare Askew,,Completed,214483932256721749,214483932258811858,Negotiation of Financial Plan Rev 1
,,,United Nations High Commissioner for Refugees,Ms Clare Askew,,Completed,214483932256721872,214483932258811855,Negotiation of Financial Plan Rev 1
,,,United Nations High Commissioner for Refugees,Ms Clare Askew,,Completed,214483932256721869,214483932258811857,Negotiation of Financial Plan Rev 1
,,,United Nations High Commissioner for Refugees,Ms Phoebe Goodwin,,Completed,214483932256803665,214483932258867304,Negotiation of Financial Plan Rev 1
,,,United Nations High Commissioner for Refugees,Ms Phoebe Goodwin,,Completed,214483932256803668,214483932258867306,Negotiation of Financial Plan Rev 1
,,,United Nations High Commissioner for Refugees,Ms Hadir Shady,,Completed,214483932256804250,214483932258867303,Negotiation of Financial Plan Rev 1
,,,United Nations High Commissioner for Refugees,Ms Hadir Shady,,Completed,214483932256804272,214483932258867303,Negotiation of Financial Plan Rev 1
,,,United Nations High Commissioner for Refugees,Ms Hadir Shady,,Completed,214483932256804399,214483932258862148,Negotiation of Financial Plan Rev 1
,,,United Nations High Commissioner for Refugees,Ms Phoebe Goodwin,,Terminated,214483932256732115,214483932258802415,Negotiation of Financial Plan Rev 1
,,,United Nations High Commissioner for Refugees,Ms Phoebe Goodwin,,Terminated,214483932256732118,214483932258802418,Negotiation of Financial Plan Rev 1
,,,United Nations High Commissioner for Refugees, Robert Genninges,,Completed,214483932256739760,214483932258802416,Negotiation of Financial Plan Rev 1
,,,United Nations High Commissioner for Refugees, Robert Genninges,,Completed,214483932256739763,214483932258802417,Negotiation of Financial Plan Rev 1
,,,United Nations High Commissioner for Refugees, Robert Genninges,,Completed,214483932256742724,214483932258802419,Negotiation of Financial Plan Rev 1
,,,United Nations High Commissioner for Refugees, Robert Genninges,,Completed,214483932256742727,214483932258802420,Negotiation of Financial Plan Rev 1
,,,United Nations High Commissioner for Refugees, Robert Genninges,,Completed,214483932256739761,214483932258802416,Negotiation of Financial Plan Rev 1
,,,United Nations High Commissioner for Refugees, Robert Genninges,,Completed,214483932256739764,214483932258802417,Negotiation of Financial Plan Rev 1
,,,United Nations High Commissioner for Refugees, Robert Genninges,,Completed,214483932256742725,214483932258802419,Negotiation of Financial Plan Rev 1
,,,United Nations High Commissioner for Refugees, Robert Genninges,,Completed,214483932256742728,214483932258802420,Negotiation of Financial Plan Rev 1
,,,United Nations High Commissioner for Refugees,Ms Hadir Shady,,Completed,214483932256788475,214483932258854581,Negotiation of Financial Plan Rev 1
,,,United Nations High Commissioner for Refugees,Ms Hadir Shady,,Completed,214483932256788478,214483932258854583,Negotiation of Indicators
,,,United Nations High Commissioner for Refugees,Ms Hadir Shady,,Completed,214483932256788482,214483932258854580,Negotiation of Financial Plan Rev 1
,,,United Nations High Commissioner for Refugees,Ms Hadir Shady,,Completed,214483932256788485,214483932258854584,Negotiation of Indicators
,,,United Nations High Commissioner for Refugees,Ms Hadir Shady,,Completed,214483932256788476,214483932258854581,Negotiation of Financial Plan Rev 1
,,,United Nations High Commissioner for Refugees,Ms Hadir Shady,,Completed,214483932256788479,214483932258854583,Negotiation of Indicators
,,,United Nations High Commissioner for Refugees,Ms Hadir Shady,,Completed,214483932256788483,214483932258854580,Negotiation of Financial Plan Rev 1
,,,United Nations High Commissioner for Refugees,Ms Hadir Shady,,Completed,214483932256788486,214483932258854584,Negotiation of Indicators
,,,United Nations High Commissioner for Refugees,Ms Hadir Shady,,Completed,214483932256793159,214483932258854583,Negotiation of Indicators
,,,United Nations High Commissioner for Refugees,Ms Hadir Shady,,Completed,214483932256795980,214483932258854579,Negotiation of Financial Plan Rev 1
,,,United Nations High Commissioner for Refugees,Ms Hadir Shady,,Completed,214483932256795983,214483932258854582,Negotiation of Indicators
,,,United Nations High Commissioner for Refugees,Ms Hadir Shady,,Completed,214483932256795985,214483932258854579,Negotiation of Financial Plan Rev 1
,,,United Nations High Commissioner for Refugees,Ms Hadir Shady,,Completed,214483932256793160,214483932258854583,Negotiation of Indicators
,,,United Nations High Commissioner for Refugees,Ms Hadir Shady,,Completed,214483932256795981,214483932258854579,Negotiation of Financial Plan Rev 1
,,,United Nations High Commissioner for Refugees,Ms Hadir Shady,,Completed,214483932256795984,214483932258854582,Negotiation of Indicators
,,,United Nations High Commissioner for Refugees,Ms Hadir Shady,,Completed,214483932256795986,214483932258854579,Negotiation of Financial Plan Rev 1
,,,United Nations High Commissioner for Refugees,Ms Clare Askew,,Completed,214483932256798758,214483932258802415,Negotiation of Financial Plan Rev 1
,,,United Nations High Commissioner for Refugees,Ms Clare Askew,,Completed,214483932256798759,214483932258802415,Negotiation of Financial Plan Rev 1
,,,United Nations High Commissioner for Refugees,Ms Phoebe Goodwin,,Completed,214483932256803663,214483932258867304,Negotiation of Financial Plan Rev 1
,,,United Nations High Commissioner for Refugees,Ms Phoebe Goodwin,,Completed,214483932256803666,214483932258867306,Negotiation of Financial Plan Rev 1
,,,United Nations High Commissioner for Refugees,Ms Hadir Shady,,Completed,214483932256804248,214483932258867303,Negotiation of Financial Plan Rev 1
,,,United Nations High Commissioner for Refugees,Ms Hadir Shady,,Completed,214483932256804258,214483932258867305,Negotiation of Indicators
,,,United Nations High Commissioner for Refugees,Ms Hadir Shady,,Completed,214483932256804270,214483932258867303,Negotiation of Financial Plan Rev 1
,,,United Nations High Commissioner for Refugees,Ms Hadir Shady,,Completed,214483932256804397,214483932258862148,Negotiation of Financial Plan Rev 1
,,,United Nations High Commissioner for Refugees,Ms Hadir Shady,,Completed,214483932256804400,214483932258862150,Negotiation of Indicators
,,,United Nations High Commissioner for Refugees,Ms Phoebe Goodwin,,Completed,214483932256803664,214483932258867304,Negotiation of Financial Plan Rev 1
,,,United Nations High Commissioner for Refugees,Ms Phoebe Goodwin,,Completed,214483932256803667,214483932258867306,Negotiation of Financial Plan Rev 1
,,,United Nations High Commissioner for Refugees,Ms Hadir Shady,,Completed,214483932256804249,214483932258867303,Negotiation of Financial Plan Rev 1
,,,United Nations High Commissioner for Refugees,Ms Hadir Shady,,Completed,214483932256804259,214483932258867305,Negotiation of Indicators
,,,United Nations High Commissioner for Refugees,Ms Hadir Shady,,Completed,214483932256804271,214483932258867303,Negotiation of Financial Plan Rev 1
,,,United Nations High Commissioner for Refugees,Ms Hadir Shady,,Completed,214483932256804398,214483932258862148,Negotiation of Financial Plan Rev 1
,,,United Nations High Commissioner for Refugees,Ms Hadir Shady,,Completed,214483932256804401,214483932258862150,Negotiation of Indicators
,,,United Nations High Commissioner for Refugees,Ms Clare Askew,,Terminated,214483932256732116,214483932258802415,Negotiation of Financial Plan Rev 1
,,,United Nations High Commissioner for Refugees,Ms Clare Askew,,Terminated,214483932256732119,214483932258802418,Negotiation of Financial Plan Rev 1
,,,United Nations High Commissioner for Refugees,Ms Clare Askew,,Terminated,214483932256732117,214483932258802415,Negotiation of Financial Plan Rev 1
,,,United Nations High Commissioner for Refugees,Ms Clare Askew,,Terminated,214483932256732120,214483932258802418,Negotiation of Financial Plan Rev 1
,,,United Nations High Commissioner for Refugees, Robert Genninges,,Completed,214483932256721500,214483932258807158,Project Financial Report Submission
,,,United Nations High Commissioner for Refugees, Robert Genninges,,Completed,214483932256732670,214483932258810229,Project Financial Report Submission
