{
    "body": [
        {
            "id": 6889,
            "orgId": 671093575,
            "participantAconexId": 671143804,
            "enterpriseId": 13,
            "participantId": 413,
            "partnerName": null,
            "participantName": "Sarah Sayyad",
            "enterpriseName": "United Nations High Commissioner for Refugees",
            "partnerEnterpriseId": null,
            "partnerParticipantId": null,
            "partnerOrgId": null,
            "partnerParticipantAconexId": null,
            "partnerEnterpriseName": "JORDAN RIVER FOUNDATION",
            "partnerParticipantName": null,
            "partnerEnterpriseAddress": null,
            "partnerEnterprisePhone": null,
            "partnerEnterpriseCompanyNumber": null,
            "projectId": 73361,
            "lastUpdated": "2023-07-14T11:15:22.65933+04:00",
            "description": null,
            "defaultControlAccount": {
                "enterpriseId": 13,
                "id": 94886,
                "parentId": 94908,
                "order": 0,
                "obsId": null,
                "name": "105-VAF surveys, home visits, quarterly panel study and other assessments to track the change in vulnerabilities which inform evidence-based programming and policies. - JOR-AJL-XXX-LAM-01",
                "description": null,
                "children": [],
                "projectId": 73361,
                "code": "32061Y23P062017/OA8/105/AJL-XXX-LAM-01",
                "percentCompleteMethod": "ROC",
                "budgetMethod": "AB1",
                "currentPercentComplete": 0.0,
                "distributionCurves": {
                    "baselineBudgetCurveId": 61,
                    "approvedBudgetCurveId": 61,
                    "estimateToCompleteCurveId": 61,
                    "controlBudgetCurveId": 61
                },
                "forecastSettings": {
                    "forecastMethod": "ETC_1",
                    "efficiencyFactorMethod": "ONE",
                    "manualEfficiencyFactor": 0.0
                },
                "contractChangeEventDetails": {
                    "potentialChangeEvents": 0.0,
                    "approvedChangeEvents": 0.0
                },
                "upstreamContractChangeEventDetails": {
                    "approvedChangeEvents": 0.0,
                    "potentialChangeEvents": 0.0
                },
                "upstreamContractDetails": {
                    "approvedContracts": 0.0,
                    "approvedContractChanges": 0.0,
                    "proceedContracts": 0.0,
                    "proceedContractChanges": 0.0,
                    "pendingContracts": 0.0,
                    "pendingContractChanges": 0.0,
                    "potentialContractChanges": 0.0,
                    "originalContract": 0.0,
                    "currentContract": 0.0,
                    "pendingContractActuals": 0.0,
                    "approvedContractActuals": 0.0,
                    "allContractActualsPreviousPeriods": 0.0,
                    "allContractActualsCurrentPeriod": 0.0,
                    "allContractActualsToDate": 0.0,
                    "remainingToReceive": 0.0,
                    "percentReceived": 0.0,
                    "percentInvoiced": 0.0
                },
                "pendingBudget": 0.0,
                "tags": null,
                "calculatedFields": {},
                "manualFields": {},
                "workPackage": false,
                "progressPackage": false,
                "lastUpdated": "2023-07-29T03:25:18.793376+04:00",
                "schedule": {
                    "baselineEarlyStart": null,
                    "baselineEarlyFinish": null,
                    "baselineLateStart": null,
                    "baselineLateFinish": null,
                    "approvedEarlyStart": null,
                    "approvedEarlyFinish": null,
                    "approvedLateStart": null,
                    "approvedLateFinish": null,
                    "controlEarlyStart": null,
                    "controlEarlyFinish": null,
                    "controlLateStart": null,
                    "controlLateFinish": null,
                    "currentEarlyStart": null,
                    "currentEarlyFinish": null,
                    "currentLateStart": null,
                    "currentLateFinish": null
                },
                "previousPercentComplete": 0.0,
                "useActivitiesForSchedule": false,
                "cost": {
                    "baselineBudget": 0.0,
                    "approvedBudget": 0.0,
                    "controlBudget": 0.0,
                    "estimateToComplete": 0.0,
                    "previousEstimateAtCompletion": 0.0,
                    "eacVariance": -1.07E7,
                    "approvedBudgetChanges": 0.0,
                    "approvedBudgetTransfers": 0.0,
                    "controlBudgetChanges": 0.0,
                    "atCompletionVariance": -1.07E7,
                    "estimateAtCompletion": 1.07E7,
                    "earnedValuePeriod": 0.0,
                    "earnedValueToDate": 0.0,
                    "efficiencyFactor": 0.0,
                    "allActualsToDate": 887733.3300000001,
                    "allActualsPeriod": 887733.3300000001,
                    "allActualsPreviousPeriods": 0.0,
                    "directActualsPreviousPeriods": 0.0,
                    "remainingToSpend": 9812266.67,
                    "percentSpent": 8.296573177570094,
                    "directActualsPeriod": 0.0,
                    "directActualsToDate": 0.0,
                    "accruedPeriod": 0.0,
                    "accruedToDate": 0.0,
                    "incurredPeriod": 887733.3300000001,
                    "incurredToDate": 887733.3300000001,
                    "potentialBudgetChanges": 0.0,
                    "potentialBudget": 0.0,
                    "potentialControlBudgetChanges": 0.0,
                    "potentialControlBudget": 0.0,
                    "potentialEtcChanges": 0.0,
                    "potentialEac": 1.07E7,
                    "potentialBudgetTransfers": 0.0
                },
                "hours": {
                    "baselineBudget": 0.0,
                    "approvedBudget": 0.0,
                    "controlBudget": 0.0,
                    "estimateToComplete": 0.0,
                    "previousEstimateAtCompletion": 0.0,
                    "eacVariance": 0.0,
                    "approvedBudgetChanges": 0.0,
                    "approvedBudgetTransfers": 0.0,
                    "controlBudgetChanges": 0.0,
                    "atCompletionVariance": 0.0,
                    "estimateAtCompletion": 0.0,
                    "earnedValuePeriod": 0.0,
                    "earnedValueToDate": 0.0,
                    "efficiencyFactor": 0.0,
                    "allActualsToDate": 0.0,
                    "allActualsPeriod": 0.0,
                    "allActualsPreviousPeriods": 0.0,
                    "directActualsPreviousPeriods": 0.0,
                    "remainingToSpend": 0.0,
                    "percentSpent": 0.0,
                    "directActualsPeriod": 0.0,
                    "directActualsToDate": 0.0,
                    "accruedPeriod": 0.0,
                    "accruedToDate": 0.0,
                    "incurredPeriod": 0.0,
                    "incurredToDate": 0.0,
                    "potentialBudgetChanges": 0.0,
                    "potentialBudget": 0.0,
                    "potentialControlBudgetChanges": 0.0,
                    "potentialControlBudget": 0.0,
                    "potentialEtcChanges": 0.0,
                    "potentialEac": 0.0,
                    "potentialBudgetTransfers": 0.0
                },
                "contractDetails": {
                    "sharedValue": 0.0,
                    "originalAmount": 1.07E7,
                    "approvedAmount": 1.07E7,
                    "currentAmount": 1.07E7,
                    "pendingAmount": 0.0,
                    "proceedAmount": 0.0,
                    "forecastAmount": 1.07E7,
                    "approvedChanges": 0.0,
                    "proceedChanges": 0.0,
                    "pendingChanges": 0.0,
                    "potentialChanges": 0.0,
                    "currentCommitments": 1.07E7,
                    "pendingCommitments": 0.0,
                    "allCommitments": 1.07E7,
                    "approvedContractActuals": 887733.3300000001,
                    "pendingContractActuals": 0.0,
                    "approvedContractActualsPeriod": 887733.3300000001,
                    "pendingContractActualsPeriod": 0.0,
                    "requestedAmount": 0.0,
                    "pendingRetention": 0.0,
                    "approvedRetention": 0.0,
                    "pendingRetentionReleased": 0.0,
                    "approvedRetentionReleased": 0.0,
                    "pendingNetAmount": 0.0,
                    "approvedNetAmount": 0.0,
                    "outstandingRetention": 0.0,
                    "allContractActuals": 887733.3300000001,
                    "remainingToSpend": 9812266.67,
                    "varianceAmount": 0.0,
                    "allCommitmentsThatShouldDrawDownETC": 1.07E7,
                    "allContractActualsCurrentPeriod": 887733.3300000001,
                    "allContractActualsPreviousPeriods": 0.0,
                    "forecastRemainingToSpend": 9812266.67,
                    "percentInvoiced": 8.296573177570094,
                    "allRetention": 0.0,
                    "allRetentionReleased": 0.0
                },
                "hasControlElements": false,
                "hasActivities": false,
                "hasRulesOfCredit": false,
                "costApprovedBudgetToDate": 0.0,
                "costApprovedBudgetPeriod": 0.0,
                "hoursApprovedBudgetToDate": 0.0,
                "hoursApprovedBudgetPeriod": 0.0,
                "costPerformanceIndexPeriod": 0.0,
                "costPerformanceIndexToDate": 0.0,
                "costToCompletePerformanceIndexBac": 0.0,
                "costToCompletePerformanceIndexEac": 0.0,
                "costSchedulePerformanceIndexPeriod": 0.0,
                "costSchedulePerformanceIndexToDate": 0.0,
                "hoursPerformanceIndexPeriod": 0.0,
                "hoursPerformanceIndexToDate": 0.0,
                "hoursToCompletePerformanceIndexBac": 0.0,
                "hoursToCompletePerformanceIndexEac": 0.0,
                "hoursSchedulePerformanceIndexPeriod": 0.0,
                "hoursSchedulePerformanceIndexToDate": 0.0,
                "_type": "controlAccount"
            },
            "defaultControlElementCategory": {
                "id": 1993,
                "enterpriseId": 13,
                "name": "611120 Partner \u2013 Project \u2013 IS",
                "unitOfMeasure": null,
                "type": "COST"
            },
            "tags": [],
            "shared": {
                "id": 4060,
                "aconexProjectId": 671089868,
                "code": "JOR ABC-32061Y23P062017",
                "name": "32061Y23P062017-JORDAN RIVER FOUNDATION",
                "description": null,
                "currency": "USD",
                "status": "APPROVED",
                "retentionRule": {
                    "retentionMethod": "MANUAL",
                    "retentionRate": 0.0,
                    "dualRetentionRate": 0.0,
                    "dualRetentionProgressPercent": 100.0,
                    "dualRetentionProgressAmount": 0.0,
                    "dualRetentionUnitOfProgress": "PROGRESS_PERCENT",
                    "payItemExemptionAllowed": false
                },
                "value": 0.0,
                "currencyFormats": {
                    "decimalPlaces": 2,
                    "thousandsSeparator": ",",
                    "decimalsSeparator": ".",
                    "currencySymbol": "$",
                    "currencyCode": "USD",
                    "locale": null,
                    "prefix": "US$\u00A0",
                    "suffix": "",
                    "prefixCurrencySymbol": true
                },
                "contractActualsValidationDisabled": false
            },
            "contractTerms": null,
            "contractChangeTerms": null,
            "attachmentType": "CONTRACT",
            "currencyExchangeRate": {
                "id": 1410,
                "enterpriseId": 13,
                "projectId": 73361,
                "currencyCode": "USD",
                "baseCurrencyCode": "USD",
                "baseCurrency": true,
                "budgetExchangeRate": "1.0",
                "actualsExchangeRate": "1.0",
                "forecastExchangeRate": "1.0"
            },
            "calculatedFields": {
                "Current_Budget": 3.205E7,
                "Original_Budget": 3.21E7
            },
            "manualFields": {},
            "organizationRole": "UPSTREAM",
            "code": null,
            "upstream": true,
            "canEdit": false,
            "canShare": true,
            "isActive": true,
            "isSharedWithPartner": false,
            "isConnected": false,
            "contractDetails": {
                "sharedValue": 0.0,
                "originalAmount": 3.21E7,
                "approvedAmount": 3.21E7,
                "currentAmount": 3.205E7,
                "pendingAmount": 0.0,
                "proceedAmount": 0.0,
                "forecastAmount": 3.205E7,
                "approvedChanges": -50000.0,
                "proceedChanges": 0.0,
                "pendingChanges": 0.0,
                "potentialChanges": 0.0,
                "currentCommitments": 0.0,
                "pendingCommitments": 0.0,
                "allCommitments": 0.0,
                "approvedContractActuals": 4023199.99,
                "pendingContractActuals": 0.0,
                "approvedContractActualsPeriod": 4023199.99,
                "pendingContractActualsPeriod": 0.0,
                "requestedAmount": -50000.0,
                "pendingRetention": 0.0,
                "approvedRetention": 0.0,
                "pendingRetentionReleased": 0.0,
                "approvedRetentionReleased": 0.0,
                "pendingNetAmount": 0.0,
                "approvedNetAmount": 4023199.99,
                "varianceAmount": 0.0,
                "allCommitmentsThatShouldDrawDownETC": 0.0,
                "allContractActuals": 4023199.99,
                "allContractActualsCurrentPeriod": 4023199.99,
                "allContractActualsPreviousPeriods": 0.0,
                "remainingToSpend": 2.8026800009999998E7,
                "forecastRemainingToSpend": 2.8026800009999998E7,
                "percentInvoiced": 12.55288608424337,
                "allRetention": 0.0,
                "allRetentionReleased": 0.0,
                "outstandingRetention": 0.0
            },
            "projectCurrencyContractDetails": {
                "sharedValue": 0.0,
                "originalAmount": 3.21E7,
                "approvedAmount": 3.21E7,
                "currentAmount": 3.205E7,
                "pendingAmount": 0.0,
                "proceedAmount": 0.0,
                "forecastAmount": 3.205E7,
                "approvedChanges": -50000.0,
                "proceedChanges": 0.0,
                "pendingChanges": 0.0,
                "potentialChanges": 0.0,
                "currentCommitments": 0.0,
                "pendingCommitments": 0.0,
                "allCommitments": 0.0,
                "approvedContractActuals": 4023199.99,
                "pendingContractActuals": 0.0,
                "approvedContractActualsPeriod": 4023199.99,
                "pendingContractActualsPeriod": 0.0,
                "requestedAmount": -50000.0,
                "pendingRetention": 0.0,
                "approvedRetention": 0.0,
                "pendingRetentionReleased": 0.0,
                "approvedRetentionReleased": 0.0,
                "pendingNetAmount": 0.0,
                "approvedNetAmount": 4023199.99,
                "varianceAmount": 0.0,
                "allCommitmentsThatShouldDrawDownETC": 0.0,
                "allContractActuals": 4023199.99,
                "allContractActualsCurrentPeriod": 4023199.99,
                "allContractActualsPreviousPeriods": 0.0,
                "remainingToSpend": 2.8026800009999998E7,
                "forecastRemainingToSpend": 2.8026800009999998E7,
                "percentInvoiced": 12.55288608424337,
                "allRetention": 0.0,
                "allRetentionReleased": 0.0,
                "outstandingRetention": 0.0
            },
            "initialPayItemCode": null
        },
        {
            "id": 6967,
            "orgId": 671093575,
            "participantAconexId": 671143804,
            "enterpriseId": 13,
            "participantId": 413,
            "partnerName": null,
            "participantName": "Sarah Sayyad",
            "enterpriseName": "United Nations High Commissioner for Refugees",
            "partnerEnterpriseId": null,
            "partnerParticipantId": null,
            "partnerOrgId": null,
            "partnerParticipantAconexId": null,
            "partnerEnterpriseName": "ARABIAN MEDICAL RELIEF SOCIETY",
            "partnerParticipantName": null,
            "partnerEnterpriseAddress": null,
            "partnerEnterprisePhone": null,
            "partnerEnterpriseCompanyNumber": null,
            "projectId": 73361,
            "lastUpdated": "2023-07-24T14:25:53.851242+04:00",
            "description": null,
            "defaultControlAccount": {
                "enterpriseId": 13,
                "id": 102004,
                "parentId": 102003,
                "order": 0,
                "obsId": null,
                "name": "10Q-Highlight stories of refugees and asylum seekers in Jordan, as well as impact of donor contributions, through media and donor briefings, field missions, UNHCR social media and other platforms - JOR-ALB-XXX-LAM-01",
                "description": null,
                "children": [],
                "projectId": 73361,
                "code": "32063Y23P184048/EA20/10Q/ALB-XXX-LAM-01",
                "percentCompleteMethod": "ROC",
                "budgetMethod": "AB1",
                "currentPercentComplete": 0.0,
                "distributionCurves": {
                    "baselineBudgetCurveId": 61,
                    "approvedBudgetCurveId": 61,
                    "estimateToCompleteCurveId": 61,
                    "controlBudgetCurveId": 61
                },
                "forecastSettings": {
                    "forecastMethod": "ETC_1",
                    "efficiencyFactorMethod": "ONE",
                    "manualEfficiencyFactor": 0.0
                },
                "contractChangeEventDetails": {
                    "potentialChangeEvents": 0.0,
                    "approvedChangeEvents": 0.0
                },
                "upstreamContractChangeEventDetails": {
                    "approvedChangeEvents": 0.0,
                    "potentialChangeEvents": 0.0
                },
                "upstreamContractDetails": {
                    "approvedContracts": 0.0,
                    "approvedContractChanges": 0.0,
                    "proceedContracts": 0.0,
                    "proceedContractChanges": 0.0,
                    "pendingContracts": 0.0,
                    "pendingContractChanges": 0.0,
                    "potentialContractChanges": 0.0,
                    "originalContract": 0.0,
                    "currentContract": 0.0,
                    "pendingContractActuals": 0.0,
                    "approvedContractActuals": 0.0,
                    "allContractActualsPreviousPeriods": 0.0,
                    "allContractActualsCurrentPeriod": 0.0,
                    "allContractActualsToDate": 0.0,
                    "remainingToReceive": 0.0,
                    "percentReceived": 0.0,
                    "percentInvoiced": 0.0
                },
                "pendingBudget": 0.0,
                "tags": null,
                "calculatedFields": {},
                "manualFields": {},
                "workPackage": false,
                "progressPackage": false,
                "lastUpdated": "2023-07-24T14:25:53.852428+04:00",
                "schedule": {
                    "baselineEarlyStart": null,
                    "baselineEarlyFinish": null,
                    "baselineLateStart": null,
                    "baselineLateFinish": null,
                    "approvedEarlyStart": null,
                    "approvedEarlyFinish": null,
                    "approvedLateStart": null,
                    "approvedLateFinish": null,
                    "controlEarlyStart": null,
                    "controlEarlyFinish": null,
                    "controlLateStart": null,
                    "controlLateFinish": null,
                    "currentEarlyStart": null,
                    "currentEarlyFinish": null,
                    "currentLateStart": null,
                    "currentLateFinish": null
                },
                "previousPercentComplete": 0.0,
                "useActivitiesForSchedule": false,
                "cost": {
                    "baselineBudget": 0.0,
                    "approvedBudget": 0.0,
                    "controlBudget": 0.0,
                    "estimateToComplete": 0.0,
                    "previousEstimateAtCompletion": 0.0,
                    "eacVariance": -5.564E7,
                    "approvedBudgetChanges": 0.0,
                    "approvedBudgetTransfers": 0.0,
                    "controlBudgetChanges": 0.0,
                    "atCompletionVariance": -5.564E7,
                    "estimateAtCompletion": 5.564E7,
                    "earnedValuePeriod": 0.0,
                    "earnedValueToDate": 0.0,
                    "efficiencyFactor": 0.0,
                    "allActualsToDate": 0.0,
                    "allActualsPeriod": 0.0,
                    "allActualsPreviousPeriods": 0.0,
                    "directActualsPreviousPeriods": 0.0,
                    "remainingToSpend": 5.564E7,
                    "percentSpent": 0.0,
                    "directActualsPeriod": 0.0,
                    "directActualsToDate": 0.0,
                    "accruedPeriod": 0.0,
                    "accruedToDate": 0.0,
                    "incurredPeriod": 0.0,
                    "incurredToDate": 0.0,
                    "potentialBudgetChanges": 0.0,
                    "potentialBudget": 0.0,
                    "potentialControlBudgetChanges": 0.0,
                    "potentialControlBudget": 0.0,
                    "potentialEtcChanges": 0.0,
                    "potentialEac": 5.564E7,
                    "potentialBudgetTransfers": 0.0
                },
                "hours": {
                    "baselineBudget": 0.0,
                    "approvedBudget": 0.0,
                    "controlBudget": 0.0,
                    "estimateToComplete": 0.0,
                    "previousEstimateAtCompletion": 0.0,
                    "eacVariance": 0.0,
                    "approvedBudgetChanges": 0.0,
                    "approvedBudgetTransfers": 0.0,
                    "controlBudgetChanges": 0.0,
                    "atCompletionVariance": 0.0,
                    "estimateAtCompletion": 0.0,
                    "earnedValuePeriod": 0.0,
                    "earnedValueToDate": 0.0,
                    "efficiencyFactor": 0.0,
                    "allActualsToDate": 0.0,
                    "allActualsPeriod": 0.0,
                    "allActualsPreviousPeriods": 0.0,
                    "directActualsPreviousPeriods": 0.0,
                    "remainingToSpend": 0.0,
                    "percentSpent": 0.0,
                    "directActualsPeriod": 0.0,
                    "directActualsToDate": 0.0,
                    "accruedPeriod": 0.0,
                    "accruedToDate": 0.0,
                    "incurredPeriod": 0.0,
                    "incurredToDate": 0.0,
                    "potentialBudgetChanges": 0.0,
                    "potentialBudget": 0.0,
                    "potentialControlBudgetChanges": 0.0,
                    "potentialControlBudget": 0.0,
                    "potentialEtcChanges": 0.0,
                    "potentialEac": 0.0,
                    "potentialBudgetTransfers": 0.0
                },
                "contractDetails": {
                    "sharedValue": 0.0,
                    "originalAmount": 5.564E7,
                    "approvedAmount": 5.564E7,
                    "currentAmount": 5.564E7,
                    "pendingAmount": 0.0,
                    "proceedAmount": 0.0,
                    "forecastAmount": 5.564E7,
                    "approvedChanges": 0.0,
                    "proceedChanges": 0.0,
                    "pendingChanges": 0.0,
                    "potentialChanges": 0.0,
                    "currentCommitments": 5.564E7,
                    "pendingCommitments": 0.0,
                    "allCommitments": 5.564E7,
                    "approvedContractActuals": 0.0,
                    "pendingContractActuals": 0.0,
                    "approvedContractActualsPeriod": 0.0,
                    "pendingContractActualsPeriod": 0.0,
                    "requestedAmount": 0.0,
                    "pendingRetention": 0.0,
                    "approvedRetention": 0.0,
                    "pendingRetentionReleased": 0.0,
                    "approvedRetentionReleased": 0.0,
                    "pendingNetAmount": 0.0,
                    "approvedNetAmount": 0.0,
                    "outstandingRetention": 0.0,
                    "allContractActuals": 0.0,
                    "remainingToSpend": 5.564E7,
                    "varianceAmount": 0.0,
                    "allCommitmentsThatShouldDrawDownETC": 5.564E7,
                    "allContractActualsCurrentPeriod": 0.0,
                    "allContractActualsPreviousPeriods": 0.0,
                    "forecastRemainingToSpend": 5.564E7,
                    "percentInvoiced": 0.0,
                    "allRetention": 0.0,
                    "allRetentionReleased": 0.0
                },
                "hasControlElements": false,
                "hasActivities": false,
                "hasRulesOfCredit": false,
                "costApprovedBudgetToDate": 0.0,
                "costApprovedBudgetPeriod": 0.0,
                "hoursApprovedBudgetToDate": 0.0,
                "hoursApprovedBudgetPeriod": 0.0,
                "costPerformanceIndexPeriod": 0.0,
                "costPerformanceIndexToDate": 0.0,
                "costToCompletePerformanceIndexBac": 0.0,
                "costToCompletePerformanceIndexEac": 0.0,
                "costSchedulePerformanceIndexPeriod": 0.0,
                "costSchedulePerformanceIndexToDate": 0.0,
                "hoursPerformanceIndexPeriod": 0.0,
                "hoursPerformanceIndexToDate": 0.0,
                "hoursToCompletePerformanceIndexBac": 0.0,
                "hoursToCompletePerformanceIndexEac": 0.0,
                "hoursSchedulePerformanceIndexPeriod": 0.0,
                "hoursSchedulePerformanceIndexToDate": 0.0,
                "_type": "controlAccount"
            },
            "defaultControlElementCategory": {
                "id": 1993,
                "enterpriseId": 13,
                "name": "611120 Partner \u2013 Project \u2013 IS",
                "unitOfMeasure": null,
                "type": "COST"
            },
            "tags": [],
            "shared": {
                "id": 4140,
                "aconexProjectId": 671089868,
                "code": "JOR ABC-32063Y23P184048",
                "name": "32063Y23P184048-ARABIAN MEDICAL RELIEF SOCIETY",
                "description": null,
                "currency": "USD",
                "status": "APPROVED",
                "retentionRule": {
                    "retentionMethod": "MANUAL",
                    "retentionRate": 0.0,
                    "dualRetentionRate": 0.0,
                    "dualRetentionProgressPercent": 100.0,
                    "dualRetentionProgressAmount": 0.0,
                    "dualRetentionUnitOfProgress": "PROGRESS_PERCENT",
                    "payItemExemptionAllowed": false
                },
                "value": 0.0,
                "currencyFormats": {
                    "decimalPlaces": 2,
                    "thousandsSeparator": ",",
                    "decimalsSeparator": ".",
                    "currencySymbol": "$",
                    "currencyCode": "USD",
                    "locale": null,
                    "prefix": "US$\u00A0",
                    "suffix": "",
                    "prefixCurrencySymbol": true
                },
                "contractActualsValidationDisabled": false
            },
            "contractTerms": null,
            "contractChangeTerms": null,
            "attachmentType": "CONTRACT",
            "currencyExchangeRate": {
                "id": 1410,
                "enterpriseId": 13,
                "projectId": 73361,
                "currencyCode": "USD",
                "baseCurrencyCode": "USD",
                "baseCurrency": true,
                "budgetExchangeRate": "1.0",
                "actualsExchangeRate": "1.0",
                "forecastExchangeRate": "1.0"
            },
            "calculatedFields": {
                "Current_Budget": 6.21242E7,
                "Original_Budget": 6.21242E7
            },
            "manualFields": {},
            "organizationRole": "UPSTREAM",
            "code": null,
            "upstream": true,
            "canEdit": false,
            "canShare": true,
            "isActive": true,
            "isSharedWithPartner": false,
            "isConnected": false,
            "contractDetails": {
                "sharedValue": 0.0,
                "originalAmount": 6.21242E7,
                "approvedAmount": 6.21242E7,
                "currentAmount": 6.21242E7,
                "pendingAmount": 0.0,
                "proceedAmount": 0.0,
                "forecastAmount": 6.21242E7,
                "approvedChanges": 0.0,
                "proceedChanges": 0.0,
                "pendingChanges": 0.0,
                "potentialChanges": 0.0,
                "currentCommitments": 0.0,
                "pendingCommitments": 0.0,
                "allCommitments": 0.0,
                "approvedContractActuals": 0.0,
                "pendingContractActuals": 0.0,
                "approvedContractActualsPeriod": 0.0,
                "pendingContractActualsPeriod": 0.0,
                "requestedAmount": 0.0,
                "pendingRetention": 0.0,
                "approvedRetention": 0.0,
                "pendingRetentionReleased": 0.0,
                "approvedRetentionReleased": 0.0,
                "pendingNetAmount": 0.0,
                "approvedNetAmount": 0.0,
                "varianceAmount": 0.0,
                "allCommitmentsThatShouldDrawDownETC": 0.0,
                "allContractActuals": 0.0,
                "allContractActualsCurrentPeriod": 0.0,
                "allContractActualsPreviousPeriods": 0.0,
                "remainingToSpend": 6.21242E7,
                "forecastRemainingToSpend": 6.21242E7,
                "percentInvoiced": 0.0,
                "allRetention": 0.0,
                "allRetentionReleased": 0.0,
                "outstandingRetention": 0.0
            },
            "projectCurrencyContractDetails": {
                "sharedValue": 0.0,
                "originalAmount": 6.21242E7,
                "approvedAmount": 6.21242E7,
                "currentAmount": 6.21242E7,
                "pendingAmount": 0.0,
                "proceedAmount": 0.0,
                "forecastAmount": 6.21242E7,
                "approvedChanges": 0.0,
                "proceedChanges": 0.0,
                "pendingChanges": 0.0,
                "potentialChanges": 0.0,
                "currentCommitments": 0.0,
                "pendingCommitments": 0.0,
                "allCommitments": 0.0,
                "approvedContractActuals": 0.0,
                "pendingContractActuals": 0.0,
                "approvedContractActualsPeriod": 0.0,
                "pendingContractActualsPeriod": 0.0,
                "requestedAmount": 0.0,
                "pendingRetention": 0.0,
                "approvedRetention": 0.0,
                "pendingRetentionReleased": 0.0,
                "approvedRetentionReleased": 0.0,
                "pendingNetAmount": 0.0,
                "approvedNetAmount": 0.0,
                "varianceAmount": 0.0,
                "allCommitmentsThatShouldDrawDownETC": 0.0,
                "allContractActuals": 0.0,
                "allContractActualsCurrentPeriod": 0.0,
                "allContractActualsPreviousPeriods": 0.0,
                "remainingToSpend": 6.21242E7,
                "forecastRemainingToSpend": 6.21242E7,
                "percentInvoiced": 0.0,
                "allRetention": 0.0,
                "allRetentionReleased": 0.0,
                "outstandingRetention": 0.0
            },
            "initialPayItemCode": null
        }
    ],
    "error": null
}