{
	"body": [
		{
			"id": 6889,
			"orgId": 671093575,
			"participantAconexId": 671143804,
			"enterpriseId": 13,
			"participantId": 413,
			"partnerName": null,
			"participantName": "Sarah Sayyad",
			"enterpriseName": "United Nations High Commissioner for Refugees",
			"partnerEnterpriseId": null,
			"partnerParticipantId": null,
			"partnerOrgId": null,
			"partnerParticipantAconexId": null,
			"partnerEnterpriseName": "JORDAN RIVER FOUNDATION",
			"partnerParticipantName": null,
			"partnerEnterpriseAddress": null,
			"partnerEnterprisePhone": null,
			"partnerEnterpriseCompanyNumber": null,
			"projectId": 73361,
			"lastUpdated": "2023-07-14T11:15:22.65933+04:00",
			"description": null,
			"defaultControlAccount": {
				"enterpriseId": 13,
				"id": 94886,
				"parentId": 94908,
				"order": 0,
				"obsId": null,
				"name": "105-VAF surveys, home visits, quarterly panel study and other assessments to track the change in vulnerabilities which inform evidence-based programming and policies. - JOR-AJL-XXX-LAM-01",
				"description": null,
				"children": [],
				"projectId": 73361,
				"code": "32061Y23P062017/OA8/105/AJL-XXX-LAM-01",
				"percentCompleteMethod": "ROC",
				"budgetMethod": "AB1",
				"currentPercentComplete": 0.0,
				"distributionCurves": {
					"baselineBudgetCurveId": 61,
					"approvedBudgetCurveId": 61,
					"estimateToCompleteCurveId": 61,
					"controlBudgetCurveId": 61
				},
				"forecastSettings": {
					"forecastMethod": "ETC_1",
					"efficiencyFactorMethod": "ONE",
					"manualEfficiencyFactor": 0.0
				},
				"contractChangeEventDetails": {
					"potentialChangeEvents": 0.0,
					"approvedChangeEvents": 0.0
				},
				"upstreamContractChangeEventDetails": {
					"approvedChangeEvents": 0.0,
					"potentialChangeEvents": 0.0
				},
				"upstreamContractDetails": {
					"approvedContracts": 0.0,
					"approvedContractChanges": 0.0,
					"proceedContracts": 0.0,
					"proceedContractChanges": 0.0,
					"pendingContracts": 0.0,
					"pendingContractChanges": 0.0,
					"potentialContractChanges": 0.0,
					"originalContract": 0.0,
					"currentContract": 0.0,
					"pendingContractActuals": 0.0,
					"approvedContractActuals": 0.0,
					"allContractActualsPreviousPeriods": 0.0,
					"allContractActualsCurrentPeriod": 0.0,
					"allContractActualsToDate": 0.0,
					"remainingToReceive": 0.0,
					"percentReceived": 0.0,
					"percentInvoiced": 0.0
				},
				"pendingBudget": 0.0,
				"tags": null,
				"calculatedFields": {},
				"manualFields": {},
				"workPackage": false,
				"progressPackage": false,
				"lastUpdated": "2023-07-29T03:25:18.793376+04:00",
				"schedule": {
					"baselineEarlyStart": null,
					"baselineEarlyFinish": null,
					"baselineLateStart": null,
					"baselineLateFinish": null,
					"approvedEarlyStart": null,
					"approvedEarlyFinish": null,
					"approvedLateStart": null,
					"approvedLateFinish": null,
					"controlEarlyStart": null,
					"controlEarlyFinish": null,
					"controlLateStart": null,
					"controlLateFinish": null,
					"currentEarlyStart": null,
					"currentEarlyFinish": null,
					"currentLateStart": null,
					"currentLateFinish": null
				},
				"previousPercentComplete": 0.0,
				"useActivitiesForSchedule": false,
				"cost": {
					"baselineBudget": 0.0,
					"approvedBudget": 0.0,
					"controlBudget": 0.0,
					"estimateToComplete": 0.0,
					"previousEstimateAtCompletion": 0.0,
					"eacVariance": -10700000.0,
					"approvedBudgetChanges": 0.0,
					"approvedBudgetTransfers": 0.0,
					"controlBudgetChanges": 0.0,
					"atCompletionVariance": -10700000.0,
					"estimateAtCompletion": 10700000.0,
					"earnedValuePeriod": 0.0,
					"earnedValueToDate": 0.0,
					"efficiencyFactor": 0.0,
					"allActualsToDate": 887733.3300000001,
					"allActualsPeriod": 887733.3300000001,
					"allActualsPreviousPeriods": 0.0,
					"directActualsPreviousPeriods": 0.0,
					"remainingToSpend": 9812266.67,
					"percentSpent": 8.296573177570095,
					"directActualsPeriod": 0.0,
					"directActualsToDate": 0.0,
					"accruedPeriod": 0.0,
					"accruedToDate": 0.0,
					"incurredPeriod": 887733.3300000001,
					"incurredToDate": 887733.3300000001,
					"potentialBudgetChanges": 0.0,
					"potentialBudget": 0.0,
					"potentialControlBudgetChanges": 0.0,
					"potentialControlBudget": 0.0,
					"potentialEtcChanges": 0.0,
					"potentialEac": 10700000.0,
					"potentialBudgetTransfers": 0.0
				},
				"hours": {
					"baselineBudget": 0.0,
					"approvedBudget": 0.0,
					"controlBudget": 0.0,
					"estimateToComplete": 0.0,
					"previousEstimateAtCompletion": 0.0,
					"eacVariance": 0.0,
					"approvedBudgetChanges": 0.0,
					"approvedBudgetTransfers": 0.0,
					"controlBudgetChanges": 0.0,
					"atCompletionVariance": 0.0,
					"estimateAtCompletion": 0.0,
					"earnedValuePeriod": 0.0,
					"earnedValueToDate": 0.0,
					"efficiencyFactor": 0.0,
					"allActualsToDate": 0.0,
					"allActualsPeriod": 0.0,
					"allActualsPreviousPeriods": 0.0,
					"directActualsPreviousPeriods": 0.0,
					"remainingToSpend": 0.0,
					"percentSpent": 0.0,
					"directActualsPeriod": 0.0,
					"directActualsToDate": 0.0,
					"accruedPeriod": 0.0,
					"accruedToDate": 0.0,
					"incurredPeriod": 0.0,
					"incurredToDate": 0.0,
					"potentialBudgetChanges": 0.0,
					"potentialBudget": 0.0,
					"potentialControlBudgetChanges": 0.0,
					"potentialControlBudget": 0.0,
					"potentialEtcChanges": 0.0,
					"potentialEac": 0.0,
					"potentialBudgetTransfers": 0.0
				},
				"contractDetails": {
					"sharedValue": 0.0,
					"originalAmount": 10700000.0,
					"approvedAmount": 10700000.0,
					"currentAmount": 10700000.0,
					"pendingAmount": 0.0,
					"proceedAmount": 0.0,
					"forecastAmount": 10700000.0,
					"approvedChanges": 0.0,
					"proceedChanges": 0.0,
					"pendingChanges": 0.0,
					"potentialChanges": 0.0,
					"currentCommitments": 10700000.0,
					"pendingCommitments": 0.0,
					"allCommitments": 10700000.0,
					"approvedContractActuals": 887733.3300000001,
					"pendingContractActuals": 0.0,
					"approvedContractActualsPeriod": 887733.3300000001,
					"pendingContractActualsPeriod": 0.0,
					"requestedAmount": 0.0,
					"pendingRetention": 0.0,
					"approvedRetention": 0.0,
					"pendingRetentionReleased": 0.0,
					"approvedRetentionReleased": 0.0,
					"pendingNetAmount": 0.0,
					"approvedNetAmount": 0.0,
					"outstandingRetention": 0.0,
					"allContractActuals": 887733.3300000001,
					"remainingToSpend": 9812266.67,
					"varianceAmount": 0.0,
					"allCommitmentsThatShouldDrawDownETC": 10700000.0,
					"allContractActualsCurrentPeriod": 887733.3300000001,
					"allContractActualsPreviousPeriods": 0.0,
					"forecastRemainingToSpend": 9812266.67,
					"percentInvoiced": 8.296573177570095,
					"allRetention": 0.0,
					"allRetentionReleased": 0.0
				},
				"hasControlElements": false,
				"hasActivities": false,
				"hasRulesOfCredit": false,
				"costApprovedBudgetToDate": 0.0,
				"costApprovedBudgetPeriod": 0.0,
				"hoursApprovedBudgetToDate": 0.0,
				"hoursApprovedBudgetPeriod": 0.0,
				"costPerformanceIndexPeriod": 0.0,
				"costPerformanceIndexToDate": 0.0,
				"costToCompletePerformanceIndexBac": 0.0,
				"costToCompletePerformanceIndexEac": 0.0,
				"costSchedulePerformanceIndexPeriod": 0.0,
				"costSchedulePerformanceIndexToDate": 0.0,
				"hoursPerformanceIndexPeriod": 0.0,
				"hoursPerformanceIndexToDate": 0.0,
				"hoursToCompletePerformanceIndexBac": 0.0,
				"hoursToCompletePerformanceIndexEac": 0.0,
				"hoursSchedulePerformanceIndexPeriod": 0.0,
				"hoursSchedulePerformanceIndexToDate": 0.0,
				"_type": "controlAccount"
			},
			"defaultControlElementCategory": {
				"id": 1993,
				"enterpriseId": 13,
				"name": "611120 Partner – Project – IS",
				"unitOfMeasure": null,
				"type": "COST"
			},
			"tags": [],
			"shared": {
				"id": 4060,
				"aconexProjectId": 671089868,
				"code": "JOR ABC-32061Y23P062017",
				"name": "32061Y23P062017-JORDAN RIVER FOUNDATION",
				"description": null,
				"currency": "USD",
				"status": "APPROVED",
				"retentionRule": {
					"retentionMethod": "MANUAL",
					"retentionRate": 0.0,
					"dualRetentionRate": 0.0,
					"dualRetentionProgressPercent": 100.0,
					"dualRetentionProgressAmount": 0.0,
					"dualRetentionUnitOfProgress": "PROGRESS_PERCENT",
					"payItemExemptionAllowed": false
				},
				"value": 0.0,
				"currencyFormats": {
					"decimalPlaces": 2,
					"thousandsSeparator": ",",
					"decimalsSeparator": ".",
					"currencySymbol": "$",
					"currencyCode": "USD",
					"locale": null,
					"prefix": "US$ ",
					"suffix": "",
					"prefixCurrencySymbol": true
				},
				"contractActualsValidationDisabled": false
			},
			"contractTerms": null,
			"contractChangeTerms": null,
			"attachmentType": "CONTRACT",
			"currencyExchangeRate": {
				"id": 1410,
				"enterpriseId": 13,
				"projectId": 73361,
				"currencyCode": "USD",
				"baseCurrencyCode": "USD",
				"baseCurrency": true,
				"budgetExchangeRate": "1.0",
				"actualsExchangeRate": "1.0",
				"forecastExchangeRate": "1.0"
			},
			"calculatedFields": {
				"Current_Budget": 32050000.0,
				"Original_Budget": 32100000.0
			},
			"manualFields": {},
			"organizationRole": "UPSTREAM",
			"code": null,
			"upstream": true,
			"canEdit": false,
			"canShare": true,
			"isActive": true,
			"isSharedWithPartner": false,
			"isConnected": false,
			"contractDetails": {
				"sharedValue": 0.0,
				"originalAmount": 32100000.0,
				"approvedAmount": 32100000.0,
				"currentAmount": 32050000.0,
				"pendingAmount": 0.0,
				"proceedAmount": 0.0,
				"forecastAmount": 32050000.0,
				"approvedChanges": -50000.0,
				"proceedChanges": 0.0,
				"pendingChanges": 0.0,
				"potentialChanges": 0.0,
				"currentCommitments": 0.0,
				"pendingCommitments": 0.0,
				"allCommitments": 0.0,
				"approvedContractActuals": 4023199.99,
				"pendingContractActuals": 0.0,
				"approvedContractActualsPeriod": 4023199.99,
				"pendingContractActualsPeriod": 0.0,
				"requestedAmount": -50000.0,
				"pendingRetention": 0.0,
				"approvedRetention": 0.0,
				"pendingRetentionReleased": 0.0,
				"approvedRetentionReleased": 0.0,
				"pendingNetAmount": 0.0,
				"approvedNetAmount": 4023199.99,
				"varianceAmount": 0.0,
				"allCommitmentsThatShouldDrawDownETC": 0.0,
				"allContractActuals": 4023199.99,
				"allContractActualsCurrentPeriod": 4023199.99,
				"allContractActualsPreviousPeriods": 0.0,
				"remainingToSpend": 28026800.009999999,
				"forecastRemainingToSpend": 28026800.009999999,
				"percentInvoiced": 12.55288608424337,
				"allRetention": 0.0,
				"allRetentionReleased": 0.0,
				"outstandingRetention": 0.0
			},
			"projectCurrencyContractDetails": {
				"sharedValue": 0.0,
				"originalAmount": 32100000.0,
				"approvedAmount": 32100000.0,
				"currentAmount": 32050000.0,
				"pendingAmount": 0.0,
				"proceedAmount": 0.0,
				"forecastAmount": 32050000.0,
				"approvedChanges": -50000.0,
				"proceedChanges": 0.0,
				"pendingChanges": 0.0,
				"potentialChanges": 0.0,
				"currentCommitments": 0.0,
				"pendingCommitments": 0.0,
				"allCommitments": 0.0,
				"approvedContractActuals": 4023199.99,
				"pendingContractActuals": 0.0,
				"approvedContractActualsPeriod": 4023199.99,
				"pendingContractActualsPeriod": 0.0,
				"requestedAmount": -50000.0,
				"pendingRetention": 0.0,
				"approvedRetention": 0.0,
				"pendingRetentionReleased": 0.0,
				"approvedRetentionReleased": 0.0,
				"pendingNetAmount": 0.0,
				"approvedNetAmount": 4023199.99,
				"varianceAmount": 0.0,
				"allCommitmentsThatShouldDrawDownETC": 0.0,
				"allContractActuals": 4023199.99,
				"allContractActualsCurrentPeriod": 4023199.99,
				"allContractActualsPreviousPeriods": 0.0,
				"remainingToSpend": 28026800.009999999,
				"forecastRemainingToSpend": 28026800.009999999,
				"percentInvoiced": 12.55288608424337,
				"allRetention": 0.0,
				"allRetentionReleased": 0.0,
				"outstandingRetention": 0.0
			},
			"initialPayItemCode": null
		},
		{
			"id": 6967,
			"orgId": 671093575,
			"participantAconexId": 671143804,
			"enterpriseId": 13,
			"participantId": 413,
			"partnerName": null,
			"participantName": "Sarah Sayyad",
			"enterpriseName": "United Nations High Commissioner for Refugees",
			"partnerEnterpriseId": null,
			"partnerParticipantId": null,
			"partnerOrgId": null,
			"partnerParticipantAconexId": null,
			"partnerEnterpriseName": "ARABIAN MEDICAL RELIEF SOCIETY",
			"partnerParticipantName": null,
			"partnerEnterpriseAddress": null,
			"partnerEnterprisePhone": null,
			"partnerEnterpriseCompanyNumber": null,
			"projectId": 73361,
			"lastUpdated": "2023-07-24T14:25:53.851242+04:00",
			"description": null,
			"defaultControlAccount": {
				"enterpriseId": 13,
				"id": 102004,
				"parentId": 102003,
				"order": 0,
				"obsId": null,
				"name": "10Q-Highlight stories of refugees and asylum seekers in Jordan, as well as impact of donor contributions, through media and donor briefings, field missions, UNHCR social media and other platforms - JOR-ALB-XXX-LAM-01",
				"description": null,
				"children": [],
				"projectId": 73361,
				"code": "32063Y23P184048/EA20/10Q/ALB-XXX-LAM-01",
				"percentCompleteMethod": "ROC",
				"budgetMethod": "AB1",
				"currentPercentComplete": 0.0,
				"distributionCurves": {
					"baselineBudgetCurveId": 61,
					"approvedBudgetCurveId": 61,
					"estimateToCompleteCurveId": 61,
					"controlBudgetCurveId": 61
				},
				"forecastSettings": {
					"forecastMethod": "ETC_1",
					"efficiencyFactorMethod": "ONE",
					"manualEfficiencyFactor": 0.0
				},
				"contractChangeEventDetails": {
					"potentialChangeEvents": 0.0,
					"approvedChangeEvents": 0.0
				},
				"upstreamContractChangeEventDetails": {
					"approvedChangeEvents": 0.0,
					"potentialChangeEvents": 0.0
				},
				"upstreamContractDetails": {
					"approvedContracts": 0.0,
					"approvedContractChanges": 0.0,
					"proceedContracts": 0.0,
					"proceedContractChanges": 0.0,
					"pendingContracts": 0.0,
					"pendingContractChanges": 0.0,
					"potentialContractChanges": 0.0,
					"originalContract": 0.0,
					"currentContract": 0.0,
					"pendingContractActuals": 0.0,
					"approvedContractActuals": 0.0,
					"allContractActualsPreviousPeriods": 0.0,
					"allContractActualsCurrentPeriod": 0.0,
					"allContractActualsToDate": 0.0,
					"remainingToReceive": 0.0,
					"percentReceived": 0.0,
					"percentInvoiced": 0.0
				},
				"pendingBudget": 0.0,
				"tags": null,
				"calculatedFields": {},
				"manualFields": {},
				"workPackage": false,
				"progressPackage": false,
				"lastUpdated": "2023-07-24T14:25:53.852428+04:00",
				"schedule": {
					"baselineEarlyStart": null,
					"baselineEarlyFinish": null,
					"baselineLateStart": null,
					"baselineLateFinish": null,
					"approvedEarlyStart": null,
					"approvedEarlyFinish": null,
					"approvedLateStart": null,
					"approvedLateFinish": null,
					"controlEarlyStart": null,
					"controlEarlyFinish": null,
					"controlLateStart": null,
					"controlLateFinish": null,
					"currentEarlyStart": null,
					"currentEarlyFinish": null,
					"currentLateStart": null,
					"currentLateFinish": null
				},
				"previousPercentComplete": 0.0,
				"useActivitiesForSchedule": false,
				"cost": {
					"baselineBudget": 0.0,
					"approvedBudget": 0.0,
					"controlBudget": 0.0,
					"estimateToComplete": 0.0,
					"previousEstimateAtCompletion": 0.0,
					"eacVariance": -55640000.0,
					"approvedBudgetChanges": 0.0,
					"approvedBudgetTransfers": 0.0,
					"controlBudgetChanges": 0.0,
					"atCompletionVariance": -55640000.0,
					"estimateAtCompletion": 55640000.0,
					"earnedValuePeriod": 0.0,
					"earnedValueToDate": 0.0,
					"efficiencyFactor": 0.0,
					"allActualsToDate": 0.0,
					"allActualsPeriod": 0.0,
					"allActualsPreviousPeriods": 0.0,
					"directActualsPreviousPeriods": 0.0,
					"remainingToSpend": 55640000.0,
					"percentSpent": 0.0,
					"directActualsPeriod": 0.0,
					"directActualsToDate": 0.0,
					"accruedPeriod": 0.0,
					"accruedToDate": 0.0,
					"incurredPeriod": 0.0,
					"incurredToDate": 0.0,
					"potentialBudgetChanges": 0.0,
					"potentialBudget": 0.0,
					"potentialControlBudgetChanges": 0.0,
					"potentialControlBudget": 0.0,
					"potentialEtcChanges": 0.0,
					"potentialEac": 55640000.0,
					"potentialBudgetTransfers": 0.0
				},
				"hours": {
					"baselineBudget": 0.0,
					"approvedBudget": 0.0,
					"controlBudget": 0.0,
					"estimateToComplete": 0.0,
					"previousEstimateAtCompletion": 0.0,
					"eacVariance": 0.0,
					"approvedBudgetChanges": 0.0,
					"approvedBudgetTransfers": 0.0,
					"controlBudgetChanges": 0.0,
					"atCompletionVariance": 0.0,
					"estimateAtCompletion": 0.0,
					"earnedValuePeriod": 0.0,
					"earnedValueToDate": 0.0,
					"efficiencyFactor": 0.0,
					"allActualsToDate": 0.0,
					"allActualsPeriod": 0.0,
					"allActualsPreviousPeriods": 0.0,
					"directActualsPreviousPeriods": 0.0,
					"remainingToSpend": 0.0,
					"percentSpent": 0.0,
					"directActualsPeriod": 0.0,
					"directActualsToDate": 0.0,
					"accruedPeriod": 0.0,
					"accruedToDate": 0.0,
					"incurredPeriod": 0.0,
					"incurredToDate": 0.0,
					"potentialBudgetChanges": 0.0,
					"potentialBudget": 0.0,
					"potentialControlBudgetChanges": 0.0,
					"potentialControlBudget": 0.0,
					"potentialEtcChanges": 0.0,
					"potentialEac": 0.0,
					"potentialBudgetTransfers": 0.0
				},
				"contractDetails": {
					"sharedValue": 0.0,
					"originalAmount": 55640000.0,
					"approvedAmount": 55640000.0,
					"currentAmount": 55640000.0,
					"pendingAmount": 0.0,
					"proceedAmount": 0.0,
					"forecastAmount": 55640000.0,
					"approvedChanges": 0.0,
					"proceedChanges": 0.0,
					"pendingChanges": 0.0,
					"potentialChanges": 0.0,
					"currentCommitments": 55640000.0,
					"pendingCommitments": 0.0,
					"allCommitments": 55640000.0,
					"approvedContractActuals": 0.0,
					"pendingContractActuals": 0.0,
					"approvedContractActualsPeriod": 0.0,
					"pendingContractActualsPeriod": 0.0,
					"requestedAmount": 0.0,
					"pendingRetention": 0.0,
					"approvedRetention": 0.0,
					"pendingRetentionReleased": 0.0,
					"approvedRetentionReleased": 0.0,
					"pendingNetAmount": 0.0,
					"approvedNetAmount": 0.0,
					"outstandingRetention": 0.0,
					"allContractActuals": 0.0,
					"remainingToSpend": 55640000.0,
					"varianceAmount": 0.0,
					"allCommitmentsThatShouldDrawDownETC": 55640000.0,
					"allContractActualsCurrentPeriod": 0.0,
					"allContractActualsPreviousPeriods": 0.0,
					"forecastRemainingToSpend": 55640000.0,
					"percentInvoiced": 0.0,
					"allRetention": 0.0,
					"allRetentionReleased": 0.0
				},
				"hasControlElements": false,
				"hasActivities": false,
				"hasRulesOfCredit": false,
				"costApprovedBudgetToDate": 0.0,
				"costApprovedBudgetPeriod": 0.0,
				"hoursApprovedBudgetToDate": 0.0,
				"hoursApprovedBudgetPeriod": 0.0,
				"costPerformanceIndexPeriod": 0.0,
				"costPerformanceIndexToDate": 0.0,
				"costToCompletePerformanceIndexBac": 0.0,
				"costToCompletePerformanceIndexEac": 0.0,
				"costSchedulePerformanceIndexPeriod": 0.0,
				"costSchedulePerformanceIndexToDate": 0.0,
				"hoursPerformanceIndexPeriod": 0.0,
				"hoursPerformanceIndexToDate": 0.0,
				"hoursToCompletePerformanceIndexBac": 0.0,
				"hoursToCompletePerformanceIndexEac": 0.0,
				"hoursSchedulePerformanceIndexPeriod": 0.0,
				"hoursSchedulePerformanceIndexToDate": 0.0,
				"_type": "controlAccount"
			},
			"defaultControlElementCategory": {
				"id": 1993,
				"enterpriseId": 13,
				"name": "611120 Partner – Project – IS",
				"unitOfMeasure": null,
				"type": "COST"
			},
			"tags": [],
			"shared": {
				"id": 4140,
				"aconexProjectId": 671089868,
				"code": "JOR ABC-32063Y23P184048",
				"name": "32063Y23P184048-ARABIAN MEDICAL RELIEF SOCIETY",
				"description": null,
				"currency": "USD",
				"status": "APPROVED",
				"retentionRule": {
					"retentionMethod": "MANUAL",
					"retentionRate": 0.0,
					"dualRetentionRate": 0.0,
					"dualRetentionProgressPercent": 100.0,
					"dualRetentionProgressAmount": 0.0,
					"dualRetentionUnitOfProgress": "PROGRESS_PERCENT",
					"payItemExemptionAllowed": false
				},
				"value": 0.0,
				"currencyFormats": {
					"decimalPlaces": 2,
					"thousandsSeparator": ",",
					"decimalsSeparator": ".",
					"currencySymbol": "$",
					"currencyCode": "USD",
					"locale": null,
					"prefix": "US$ ",
					"suffix": "",
					"prefixCurrencySymbol": true
				},
				"contractActualsValidationDisabled": false
			},
			"contractTerms": null,
			"contractChangeTerms": null,
			"attachmentType": "CONTRACT",
			"currencyExchangeRate": {
				"id": 1410,
				"enterpriseId": 13,
				"projectId": 73361,
				"currencyCode": "USD",
				"baseCurrencyCode": "USD",
				"baseCurrency": true,
				"budgetExchangeRate": "1.0",
				"actualsExchangeRate": "1.0",
				"forecastExchangeRate": "1.0"
			},
			"calculatedFields": {
				"Current_Budget": 62124200.0,
				"Original_Budget": 62124200.0
			},
			"manualFields": {},
			"organizationRole": "UPSTREAM",
			"code": null,
			"upstream": true,
			"canEdit": false,
			"canShare": true,
			"isActive": true,
			"isSharedWithPartner": false,
			"isConnected": false,
			"contractDetails": {
				"sharedValue": 0.0,
				"originalAmount": 62124200.0,
				"approvedAmount": 62124200.0,
				"currentAmount": 62124200.0,
				"pendingAmount": 0.0,
				"proceedAmount": 0.0,
				"forecastAmount": 62124200.0,
				"approvedChanges": 0.0,
				"proceedChanges": 0.0,
				"pendingChanges": 0.0,
				"potentialChanges": 0.0,
				"currentCommitments": 0.0,
				"pendingCommitments": 0.0,
				"allCommitments": 0.0,
				"approvedContractActuals": 0.0,
				"pendingContractActuals": 0.0,
				"approvedContractActualsPeriod": 0.0,
				"pendingContractActualsPeriod": 0.0,
				"requestedAmount": 0.0,
				"pendingRetention": 0.0,
				"approvedRetention": 0.0,
				"pendingRetentionReleased": 0.0,
				"approvedRetentionReleased": 0.0,
				"pendingNetAmount": 0.0,
				"approvedNetAmount": 0.0,
				"varianceAmount": 0.0,
				"allCommitmentsThatShouldDrawDownETC": 0.0,
				"allContractActuals": 0.0,
				"allContractActualsCurrentPeriod": 0.0,
				"allContractActualsPreviousPeriods": 0.0,
				"remainingToSpend": 62124200.0,
				"forecastRemainingToSpend": 62124200.0,
				"percentInvoiced": 0.0,
				"allRetention": 0.0,
				"allRetentionReleased": 0.0,
				"outstandingRetention": 0.0
			},
			"projectCurrencyContractDetails": {
				"sharedValue": 0.0,
				"originalAmount": 62124200.0,
				"approvedAmount": 62124200.0,
				"currentAmount": 62124200.0,
				"pendingAmount": 0.0,
				"proceedAmount": 0.0,
				"forecastAmount": 62124200.0,
				"approvedChanges": 0.0,
				"proceedChanges": 0.0,
				"pendingChanges": 0.0,
				"potentialChanges": 0.0,
				"currentCommitments": 0.0,
				"pendingCommitments": 0.0,
				"allCommitments": 0.0,
				"approvedContractActuals": 0.0,
				"pendingContractActuals": 0.0,
				"approvedContractActualsPeriod": 0.0,
				"pendingContractActualsPeriod": 0.0,
				"requestedAmount": 0.0,
				"pendingRetention": 0.0,
				"approvedRetention": 0.0,
				"pendingRetentionReleased": 0.0,
				"approvedRetentionReleased": 0.0,
				"pendingNetAmount": 0.0,
				"approvedNetAmount": 0.0,
				"varianceAmount": 0.0,
				"allCommitmentsThatShouldDrawDownETC": 0.0,
				"allContractActuals": 0.0,
				"allContractActualsCurrentPeriod": 0.0,
				"allContractActualsPreviousPeriods": 0.0,
				"remainingToSpend": 62124200.0,
				"forecastRemainingToSpend": 62124200.0,
				"percentInvoiced": 0.0,
				"allRetention": 0.0,
				"allRetentionReleased": 0.0,
				"outstandingRetention": 0.0
			},
			"initialPayItemCode": null
		},
		{
			"id": 8177,
			"orgId": 671093575,
			"participantAconexId": 671155229,
			"enterpriseId": 13,
			"participantId": 1577,
			"partnerName": null,
			"participantName": "API UVT",
			"enterpriseName": "United Nations High Commissioner for Refugees",
			"partnerEnterpriseId": null,
			"partnerParticipantId": null,
			"partnerOrgId": null,
			"partnerParticipantAconexId": null,
			"partnerEnterpriseName": "IMMAP FRANCE - JOR",
			"partnerParticipantName": null,
			"partnerEnterpriseAddress": null,
			"partnerEnterprisePhone": null,
			"partnerEnterpriseCompanyNumber": null,
			"projectId": 73361,
			"lastUpdated": "2023-10-18T11:27:31.464005+04:00",
			"description": null,
			"defaultControlAccount": {
				"enterpriseId": 13,
				"id": 140104,
				"parentId": 140103,
				"order": 0,
				"obsId": null,
				"name": "100-Registration and documentation of all People of Concern carried out and supported - JOR-ALA-XXX-LAM-01",
				"description": null,
				"children": [],
				"projectId": 73361,
				"code": "32061Y23M500496/OA1/100/ALA-XXX-LAM-01",
				"percentCompleteMethod": "ROC",
				"budgetMethod": "AB1",
				"currentPercentComplete": 0.0,
				"distributionCurves": {
					"baselineBudgetCurveId": 61,
					"approvedBudgetCurveId": 61,
					"estimateToCompleteCurveId": 61,
					"controlBudgetCurveId": 61
				},
				"forecastSettings": {
					"forecastMethod": "ETC_1",
					"efficiencyFactorMethod": "ONE",
					"manualEfficiencyFactor": 0.0
				},
				"contractChangeEventDetails": {
					"potentialChangeEvents": 0.0,
					"approvedChangeEvents": 0.0
				},
				"upstreamContractChangeEventDetails": {
					"approvedChangeEvents": 0.0,
					"potentialChangeEvents": 0.0
				},
				"upstreamContractDetails": {
					"approvedContracts": 0.0,
					"approvedContractChanges": 0.0,
					"proceedContracts": 0.0,
					"proceedContractChanges": 0.0,
					"pendingContracts": 0.0,
					"pendingContractChanges": 0.0,
					"potentialContractChanges": 0.0,
					"originalContract": 0.0,
					"currentContract": 0.0,
					"pendingContractActuals": 0.0,
					"approvedContractActuals": 0.0,
					"allContractActualsPreviousPeriods": 0.0,
					"allContractActualsCurrentPeriod": 0.0,
					"allContractActualsToDate": 0.0,
					"remainingToReceive": 0.0,
					"percentReceived": 0.0,
					"percentInvoiced": 0.0
				},
				"pendingBudget": 0.0,
				"tags": null,
				"calculatedFields": {},
				"manualFields": {},
				"workPackage": false,
				"progressPackage": false,
				"lastUpdated": "2023-10-13T18:02:22.723355+04:00",
				"schedule": {
					"baselineEarlyStart": null,
					"baselineEarlyFinish": null,
					"baselineLateStart": null,
					"baselineLateFinish": null,
					"approvedEarlyStart": null,
					"approvedEarlyFinish": null,
					"approvedLateStart": null,
					"approvedLateFinish": null,
					"controlEarlyStart": null,
					"controlEarlyFinish": null,
					"controlLateStart": null,
					"controlLateFinish": null,
					"currentEarlyStart": null,
					"currentEarlyFinish": null,
					"currentLateStart": null,
					"currentLateFinish": null
				},
				"previousPercentComplete": 0.0,
				"useActivitiesForSchedule": false,
				"cost": {
					"baselineBudget": 0.0,
					"approvedBudget": 0.0,
					"controlBudget": 0.0,
					"estimateToComplete": 0.0,
					"previousEstimateAtCompletion": 0.0,
					"eacVariance": -10000.0,
					"approvedBudgetChanges": 0.0,
					"approvedBudgetTransfers": 0.0,
					"controlBudgetChanges": 0.0,
					"atCompletionVariance": -10000.0,
					"estimateAtCompletion": 10000.0,
					"earnedValuePeriod": 0.0,
					"earnedValueToDate": 0.0,
					"efficiencyFactor": 0.0,
					"allActualsToDate": 5000.0,
					"allActualsPeriod": 5000.0,
					"allActualsPreviousPeriods": 0.0,
					"directActualsPreviousPeriods": 0.0,
					"remainingToSpend": 5000.0,
					"percentSpent": 50.0,
					"directActualsPeriod": 0.0,
					"directActualsToDate": 0.0,
					"accruedPeriod": 0.0,
					"accruedToDate": 0.0,
					"incurredPeriod": 5000.0,
					"incurredToDate": 5000.0,
					"potentialBudgetChanges": 0.0,
					"potentialBudget": 0.0,
					"potentialControlBudgetChanges": 0.0,
					"potentialControlBudget": 0.0,
					"potentialEtcChanges": 0.0,
					"potentialEac": 10000.0,
					"potentialBudgetTransfers": 0.0
				},
				"hours": {
					"baselineBudget": 0.0,
					"approvedBudget": 0.0,
					"controlBudget": 0.0,
					"estimateToComplete": 0.0,
					"previousEstimateAtCompletion": 0.0,
					"eacVariance": 0.0,
					"approvedBudgetChanges": 0.0,
					"approvedBudgetTransfers": 0.0,
					"controlBudgetChanges": 0.0,
					"atCompletionVariance": 0.0,
					"estimateAtCompletion": 0.0,
					"earnedValuePeriod": 0.0,
					"earnedValueToDate": 0.0,
					"efficiencyFactor": 0.0,
					"allActualsToDate": 0.0,
					"allActualsPeriod": 0.0,
					"allActualsPreviousPeriods": 0.0,
					"directActualsPreviousPeriods": 0.0,
					"remainingToSpend": 0.0,
					"percentSpent": 0.0,
					"directActualsPeriod": 0.0,
					"directActualsToDate": 0.0,
					"accruedPeriod": 0.0,
					"accruedToDate": 0.0,
					"incurredPeriod": 0.0,
					"incurredToDate": 0.0,
					"potentialBudgetChanges": 0.0,
					"potentialBudget": 0.0,
					"potentialControlBudgetChanges": 0.0,
					"potentialControlBudget": 0.0,
					"potentialEtcChanges": 0.0,
					"potentialEac": 0.0,
					"potentialBudgetTransfers": 0.0
				},
				"contractDetails": {
					"sharedValue": 0.0,
					"originalAmount": 10000.0,
					"approvedAmount": 10000.0,
					"currentAmount": 10000.0,
					"pendingAmount": 0.0,
					"proceedAmount": 0.0,
					"forecastAmount": 10000.0,
					"approvedChanges": 0.0,
					"proceedChanges": 0.0,
					"pendingChanges": 0.0,
					"potentialChanges": 0.0,
					"currentCommitments": 10000.0,
					"pendingCommitments": 0.0,
					"allCommitments": 10000.0,
					"approvedContractActuals": 5000.0,
					"pendingContractActuals": 0.0,
					"approvedContractActualsPeriod": 5000.0,
					"pendingContractActualsPeriod": 0.0,
					"requestedAmount": 0.0,
					"pendingRetention": 0.0,
					"approvedRetention": 0.0,
					"pendingRetentionReleased": 0.0,
					"approvedRetentionReleased": 0.0,
					"pendingNetAmount": 0.0,
					"approvedNetAmount": 0.0,
					"outstandingRetention": 0.0,
					"allContractActuals": 5000.0,
					"remainingToSpend": 5000.0,
					"varianceAmount": 0.0,
					"allCommitmentsThatShouldDrawDownETC": 10000.0,
					"allContractActualsCurrentPeriod": 5000.0,
					"allContractActualsPreviousPeriods": 0.0,
					"forecastRemainingToSpend": 5000.0,
					"percentInvoiced": 50.0,
					"allRetention": 0.0,
					"allRetentionReleased": 0.0
				},
				"hasControlElements": false,
				"hasActivities": false,
				"hasRulesOfCredit": false,
				"costApprovedBudgetToDate": 0.0,
				"costApprovedBudgetPeriod": 0.0,
				"hoursApprovedBudgetToDate": 0.0,
				"hoursApprovedBudgetPeriod": 0.0,
				"costPerformanceIndexPeriod": 0.0,
				"costPerformanceIndexToDate": 0.0,
				"costToCompletePerformanceIndexBac": 0.0,
				"costToCompletePerformanceIndexEac": 0.0,
				"costSchedulePerformanceIndexPeriod": 0.0,
				"costSchedulePerformanceIndexToDate": 0.0,
				"hoursPerformanceIndexPeriod": 0.0,
				"hoursPerformanceIndexToDate": 0.0,
				"hoursToCompletePerformanceIndexBac": 0.0,
				"hoursToCompletePerformanceIndexEac": 0.0,
				"hoursSchedulePerformanceIndexPeriod": 0.0,
				"hoursSchedulePerformanceIndexToDate": 0.0,
				"_type": "controlAccount"
			},
			"defaultControlElementCategory": {
				"id": 1993,
				"enterpriseId": 13,
				"name": "611120 Partner – Project – IS",
				"unitOfMeasure": null,
				"type": "COST"
			},
			"tags": [],
			"shared": {
				"id": 4882,
				"aconexProjectId": 671089868,
				"code": "JOR ABC-32061Y23M500496",
				"name": "32061Y23M500496-IMMAP FRANCE - JOR",
				"description": null,
				"currency": "JOD",
				"status": "APPROVED",
				"retentionRule": {
					"retentionMethod": "MANUAL",
					"retentionRate": 0.0,
					"dualRetentionRate": 0.0,
					"dualRetentionProgressPercent": 100.0,
					"dualRetentionProgressAmount": 0.0,
					"dualRetentionUnitOfProgress": "PROGRESS_PERCENT",
					"payItemExemptionAllowed": false
				},
				"value": 0.0,
				"currencyFormats": {
					"decimalPlaces": 3,
					"thousandsSeparator": ",",
					"decimalsSeparator": ".",
					"currencySymbol": "د.أ.‏",
					"currencyCode": "JOD",
					"locale": null,
					"prefix": "JOD ",
					"suffix": "",
					"prefixCurrencySymbol": true
				},
				"contractActualsValidationDisabled": false
			},
			"contractTerms": null,
			"contractChangeTerms": null,
			"attachmentType": "CONTRACT",
			"currencyExchangeRate": {
				"id": 2373,
				"enterpriseId": 13,
				"projectId": 73361,
				"currencyCode": "JOD",
				"baseCurrencyCode": "USD",
				"baseCurrency": false,
				"budgetExchangeRate": "1.0",
				"actualsExchangeRate": "1.0",
				"forecastExchangeRate": "1.0"
			},
			"calculatedFields": {
				"Current_Budget": 60100.0,
				"Original_Budget": 60000.0
			},
			"manualFields": {},
			"organizationRole": "UPSTREAM",
			"code": null,
			"upstream": true,
			"canEdit": false,
			"canShare": true,
			"isActive": true,
			"isSharedWithPartner": false,
			"isConnected": false,
			"contractDetails": {
				"sharedValue": 0.0,
				"originalAmount": 60000.0,
				"approvedAmount": 60000.0,
				"currentAmount": 60100.0,
				"pendingAmount": 0.0,
				"proceedAmount": 0.0,
				"forecastAmount": 60100.0,
				"approvedChanges": 100.0,
				"proceedChanges": 0.0,
				"pendingChanges": 0.0,
				"potentialChanges": 0.0,
				"currentCommitments": 0.0,
				"pendingCommitments": 0.0,
				"allCommitments": 0.0,
				"approvedContractActuals": 18000.0,
				"pendingContractActuals": 0.0,
				"approvedContractActualsPeriod": 18000.0,
				"pendingContractActualsPeriod": 0.0,
				"requestedAmount": 100.0,
				"pendingRetention": 0.0,
				"approvedRetention": 0.0,
				"pendingRetentionReleased": 0.0,
				"approvedRetentionReleased": 0.0,
				"pendingNetAmount": 0.0,
				"approvedNetAmount": 18000.0,
				"varianceAmount": 0.0,
				"allCommitmentsThatShouldDrawDownETC": 0.0,
				"allContractActuals": 18000.0,
				"allContractActualsCurrentPeriod": 18000.0,
				"allContractActualsPreviousPeriods": 0.0,
				"remainingToSpend": 42100.0,
				"forecastRemainingToSpend": 42100.0,
				"percentInvoiced": 29.950083194675544,
				"allRetention": 0.0,
				"allRetentionReleased": 0.0,
				"outstandingRetention": 0.0
			},
			"projectCurrencyContractDetails": {
				"sharedValue": 0.0,
				"originalAmount": 60000.0,
				"approvedAmount": 60000.0,
				"currentAmount": 60100.0,
				"pendingAmount": 0.0,
				"proceedAmount": 0.0,
				"forecastAmount": 60100.0,
				"approvedChanges": 100.0,
				"proceedChanges": 0.0,
				"pendingChanges": 0.0,
				"potentialChanges": 0.0,
				"currentCommitments": 0.0,
				"pendingCommitments": 0.0,
				"allCommitments": 0.0,
				"approvedContractActuals": 18000.0,
				"pendingContractActuals": 0.0,
				"approvedContractActualsPeriod": 18000.0,
				"pendingContractActualsPeriod": 0.0,
				"requestedAmount": 100.0,
				"pendingRetention": 0.0,
				"approvedRetention": 0.0,
				"pendingRetentionReleased": 0.0,
				"approvedRetentionReleased": 0.0,
				"pendingNetAmount": 0.0,
				"approvedNetAmount": 18000.0,
				"varianceAmount": 0.0,
				"allCommitmentsThatShouldDrawDownETC": 0.0,
				"allContractActuals": 18000.0,
				"allContractActualsCurrentPeriod": 18000.0,
				"allContractActualsPreviousPeriods": 0.0,
				"remainingToSpend": 42100.0,
				"forecastRemainingToSpend": 42100.0,
				"percentInvoiced": 29.950083194675544,
				"allRetention": 0.0,
				"allRetentionReleased": 0.0,
				"outstandingRetention": 0.0
			},
			"initialPayItemCode": null
		},
		{
			"id": 8197,
			"orgId": 671093575,
			"participantAconexId": 671155229,
			"enterpriseId": 13,
			"participantId": 1577,
			"partnerName": null,
			"participantName": "API UVT",
			"enterpriseName": "United Nations High Commissioner for Refugees",
			"partnerEnterpriseId": null,
			"partnerParticipantId": null,
			"partnerOrgId": null,
			"partnerParticipantAconexId": null,
			"partnerEnterpriseName": "UNDP SubRegional Development Coordinator",
			"partnerParticipantName": null,
			"partnerEnterpriseAddress": null,
			"partnerEnterprisePhone": null,
			"partnerEnterpriseCompanyNumber": null,
			"projectId": 73361,
			"lastUpdated": "2023-10-18T15:39:42.13534+04:00",
			"description": null,
			"defaultControlAccount": {
				"enterpriseId": 13,
				"id": 140168,
				"parentId": 140155,
				"order": 0,
				"obsId": null,
				"name": "103-Best interests assessment (BIA) is conducted for all children facing protection concerns or risks with clear and achievable recommendations in line with the best interest of the child, with appropriat - JOR-ALM-XXX-LAM-01",
				"description": null,
				"children": [],
				"projectId": 73361,
				"code": "32061Y23M133367/OA5/103/ALM-XXX-LAM-01",
				"percentCompleteMethod": "ROC",
				"budgetMethod": "AB1",
				"currentPercentComplete": 0.0,
				"distributionCurves": {
					"baselineBudgetCurveId": 61,
					"approvedBudgetCurveId": 61,
					"estimateToCompleteCurveId": 61,
					"controlBudgetCurveId": 61
				},
				"forecastSettings": {
					"forecastMethod": "ETC_1",
					"efficiencyFactorMethod": "ONE",
					"manualEfficiencyFactor": 0.0
				},
				"contractChangeEventDetails": {
					"potentialChangeEvents": 0.0,
					"approvedChangeEvents": 0.0
				},
				"upstreamContractChangeEventDetails": {
					"approvedChangeEvents": 0.0,
					"potentialChangeEvents": 0.0
				},
				"upstreamContractDetails": {
					"approvedContracts": 0.0,
					"approvedContractChanges": 0.0,
					"proceedContracts": 0.0,
					"proceedContractChanges": 0.0,
					"pendingContracts": 0.0,
					"pendingContractChanges": 0.0,
					"potentialContractChanges": 0.0,
					"originalContract": 0.0,
					"currentContract": 0.0,
					"pendingContractActuals": 0.0,
					"approvedContractActuals": 0.0,
					"allContractActualsPreviousPeriods": 0.0,
					"allContractActualsCurrentPeriod": 0.0,
					"allContractActualsToDate": 0.0,
					"remainingToReceive": 0.0,
					"percentReceived": 0.0,
					"percentInvoiced": 0.0
				},
				"pendingBudget": 0.0,
				"tags": null,
				"calculatedFields": {},
				"manualFields": {},
				"workPackage": false,
				"progressPackage": false,
				"lastUpdated": "2023-10-17T12:22:56.364524+04:00",
				"schedule": {
					"baselineEarlyStart": null,
					"baselineEarlyFinish": null,
					"baselineLateStart": null,
					"baselineLateFinish": null,
					"approvedEarlyStart": null,
					"approvedEarlyFinish": null,
					"approvedLateStart": null,
					"approvedLateFinish": null,
					"controlEarlyStart": null,
					"controlEarlyFinish": null,
					"controlLateStart": null,
					"controlLateFinish": null,
					"currentEarlyStart": null,
					"currentEarlyFinish": null,
					"currentLateStart": null,
					"currentLateFinish": null
				},
				"previousPercentComplete": 0.0,
				"useActivitiesForSchedule": false,
				"cost": {
					"baselineBudget": 0.0,
					"approvedBudget": 0.0,
					"controlBudget": 0.0,
					"estimateToComplete": 0.0,
					"previousEstimateAtCompletion": 0.0,
					"eacVariance": -20000.0,
					"approvedBudgetChanges": 0.0,
					"approvedBudgetTransfers": 0.0,
					"controlBudgetChanges": 0.0,
					"atCompletionVariance": -20000.0,
					"estimateAtCompletion": 20000.0,
					"earnedValuePeriod": 0.0,
					"earnedValueToDate": 0.0,
					"efficiencyFactor": 0.0,
					"allActualsToDate": 5000.0,
					"allActualsPeriod": 5000.0,
					"allActualsPreviousPeriods": 0.0,
					"directActualsPreviousPeriods": 0.0,
					"remainingToSpend": 15000.0,
					"percentSpent": 25.0,
					"directActualsPeriod": 0.0,
					"directActualsToDate": 0.0,
					"accruedPeriod": 0.0,
					"accruedToDate": 0.0,
					"incurredPeriod": 5000.0,
					"incurredToDate": 5000.0,
					"potentialBudgetChanges": 0.0,
					"potentialBudget": 0.0,
					"potentialControlBudgetChanges": 0.0,
					"potentialControlBudget": 0.0,
					"potentialEtcChanges": 0.0,
					"potentialEac": 20000.0,
					"potentialBudgetTransfers": 0.0
				},
				"hours": {
					"baselineBudget": 0.0,
					"approvedBudget": 0.0,
					"controlBudget": 0.0,
					"estimateToComplete": 0.0,
					"previousEstimateAtCompletion": 0.0,
					"eacVariance": 0.0,
					"approvedBudgetChanges": 0.0,
					"approvedBudgetTransfers": 0.0,
					"controlBudgetChanges": 0.0,
					"atCompletionVariance": 0.0,
					"estimateAtCompletion": 0.0,
					"earnedValuePeriod": 0.0,
					"earnedValueToDate": 0.0,
					"efficiencyFactor": 0.0,
					"allActualsToDate": 0.0,
					"allActualsPeriod": 0.0,
					"allActualsPreviousPeriods": 0.0,
					"directActualsPreviousPeriods": 0.0,
					"remainingToSpend": 0.0,
					"percentSpent": 0.0,
					"directActualsPeriod": 0.0,
					"directActualsToDate": 0.0,
					"accruedPeriod": 0.0,
					"accruedToDate": 0.0,
					"incurredPeriod": 0.0,
					"incurredToDate": 0.0,
					"potentialBudgetChanges": 0.0,
					"potentialBudget": 0.0,
					"potentialControlBudgetChanges": 0.0,
					"potentialControlBudget": 0.0,
					"potentialEtcChanges": 0.0,
					"potentialEac": 0.0,
					"potentialBudgetTransfers": 0.0
				},
				"contractDetails": {
					"sharedValue": 0.0,
					"originalAmount": 20000.0,
					"approvedAmount": 20000.0,
					"currentAmount": 20000.0,
					"pendingAmount": 0.0,
					"proceedAmount": 0.0,
					"forecastAmount": 20000.0,
					"approvedChanges": 0.0,
					"proceedChanges": 0.0,
					"pendingChanges": 0.0,
					"potentialChanges": 0.0,
					"currentCommitments": 20000.0,
					"pendingCommitments": 0.0,
					"allCommitments": 20000.0,
					"approvedContractActuals": 5000.0,
					"pendingContractActuals": 0.0,
					"approvedContractActualsPeriod": 5000.0,
					"pendingContractActualsPeriod": 0.0,
					"requestedAmount": 0.0,
					"pendingRetention": 0.0,
					"approvedRetention": 0.0,
					"pendingRetentionReleased": 0.0,
					"approvedRetentionReleased": 0.0,
					"pendingNetAmount": 0.0,
					"approvedNetAmount": 0.0,
					"outstandingRetention": 0.0,
					"allContractActuals": 5000.0,
					"remainingToSpend": 15000.0,
					"varianceAmount": 0.0,
					"allCommitmentsThatShouldDrawDownETC": 20000.0,
					"allContractActualsCurrentPeriod": 5000.0,
					"allContractActualsPreviousPeriods": 0.0,
					"forecastRemainingToSpend": 15000.0,
					"percentInvoiced": 25.0,
					"allRetention": 0.0,
					"allRetentionReleased": 0.0
				},
				"hasControlElements": false,
				"hasActivities": false,
				"hasRulesOfCredit": false,
				"costApprovedBudgetToDate": 0.0,
				"costApprovedBudgetPeriod": 0.0,
				"hoursApprovedBudgetToDate": 0.0,
				"hoursApprovedBudgetPeriod": 0.0,
				"costPerformanceIndexPeriod": 0.0,
				"costPerformanceIndexToDate": 0.0,
				"costToCompletePerformanceIndexBac": 0.0,
				"costToCompletePerformanceIndexEac": 0.0,
				"costSchedulePerformanceIndexPeriod": 0.0,
				"costSchedulePerformanceIndexToDate": 0.0,
				"hoursPerformanceIndexPeriod": 0.0,
				"hoursPerformanceIndexToDate": 0.0,
				"hoursToCompletePerformanceIndexBac": 0.0,
				"hoursToCompletePerformanceIndexEac": 0.0,
				"hoursSchedulePerformanceIndexPeriod": 0.0,
				"hoursSchedulePerformanceIndexToDate": 0.0,
				"_type": "controlAccount"
			},
			"defaultControlElementCategory": {
				"id": 1993,
				"enterpriseId": 13,
				"name": "611120 Partner – Project – IS",
				"unitOfMeasure": null,
				"type": "COST"
			},
			"tags": [],
			"shared": {
				"id": 4892,
				"aconexProjectId": 671089868,
				"code": "JOR ABC-32061Y23M133367",
				"name": "32061Y23M133367-UNDP SubRegional Development Coordinator",
				"description": null,
				"currency": "USD",
				"status": "APPROVED",
				"retentionRule": {
					"retentionMethod": "MANUAL",
					"retentionRate": 0.0,
					"dualRetentionRate": 0.0,
					"dualRetentionProgressPercent": 100.0,
					"dualRetentionProgressAmount": 0.0,
					"dualRetentionUnitOfProgress": "PROGRESS_PERCENT",
					"payItemExemptionAllowed": false
				},
				"value": 0.0,
				"currencyFormats": {
					"decimalPlaces": 2,
					"thousandsSeparator": ",",
					"decimalsSeparator": ".",
					"currencySymbol": "$",
					"currencyCode": "USD",
					"locale": null,
					"prefix": "US$ ",
					"suffix": "",
					"prefixCurrencySymbol": true
				},
				"contractActualsValidationDisabled": false
			},
			"contractTerms": null,
			"contractChangeTerms": null,
			"attachmentType": "CONTRACT",
			"currencyExchangeRate": {
				"id": 1410,
				"enterpriseId": 13,
				"projectId": 73361,
				"currencyCode": "USD",
				"baseCurrencyCode": "USD",
				"baseCurrency": true,
				"budgetExchangeRate": "1.0",
				"actualsExchangeRate": "1.0",
				"forecastExchangeRate": "1.0"
			},
			"calculatedFields": {
				"Current_Budget": 90100.0,
				"Original_Budget": 90000.0
			},
			"manualFields": {},
			"organizationRole": "UPSTREAM",
			"code": null,
			"upstream": true,
			"canEdit": false,
			"canShare": true,
			"isActive": true,
			"isSharedWithPartner": false,
			"isConnected": false,
			"contractDetails": {
				"sharedValue": 0.0,
				"originalAmount": 90000.0,
				"approvedAmount": 90000.0,
				"currentAmount": 90100.0,
				"pendingAmount": 0.0,
				"proceedAmount": 0.0,
				"forecastAmount": 90100.0,
				"approvedChanges": 100.0,
				"proceedChanges": 0.0,
				"pendingChanges": 0.0,
				"potentialChanges": 0.0,
				"currentCommitments": 0.0,
				"pendingCommitments": 0.0,
				"allCommitments": 0.0,
				"approvedContractActuals": 25000.0,
				"pendingContractActuals": 0.0,
				"approvedContractActualsPeriod": 25000.0,
				"pendingContractActualsPeriod": 0.0,
				"requestedAmount": 100.0,
				"pendingRetention": 0.0,
				"approvedRetention": 0.0,
				"pendingRetentionReleased": 0.0,
				"approvedRetentionReleased": 0.0,
				"pendingNetAmount": 0.0,
				"approvedNetAmount": 25000.0,
				"varianceAmount": 0.0,
				"allCommitmentsThatShouldDrawDownETC": 0.0,
				"allContractActuals": 25000.0,
				"allContractActualsCurrentPeriod": 25000.0,
				"allContractActualsPreviousPeriods": 0.0,
				"remainingToSpend": 65100.0,
				"forecastRemainingToSpend": 65100.0,
				"percentInvoiced": 27.746947835738067,
				"allRetention": 0.0,
				"allRetentionReleased": 0.0,
				"outstandingRetention": 0.0
			},
			"projectCurrencyContractDetails": {
				"sharedValue": 0.0,
				"originalAmount": 90000.0,
				"approvedAmount": 90000.0,
				"currentAmount": 90100.0,
				"pendingAmount": 0.0,
				"proceedAmount": 0.0,
				"forecastAmount": 90100.0,
				"approvedChanges": 100.0,
				"proceedChanges": 0.0,
				"pendingChanges": 0.0,
				"potentialChanges": 0.0,
				"currentCommitments": 0.0,
				"pendingCommitments": 0.0,
				"allCommitments": 0.0,
				"approvedContractActuals": 25000.0,
				"pendingContractActuals": 0.0,
				"approvedContractActualsPeriod": 25000.0,
				"pendingContractActualsPeriod": 0.0,
				"requestedAmount": 100.0,
				"pendingRetention": 0.0,
				"approvedRetention": 0.0,
				"pendingRetentionReleased": 0.0,
				"approvedRetentionReleased": 0.0,
				"pendingNetAmount": 0.0,
				"approvedNetAmount": 25000.0,
				"varianceAmount": 0.0,
				"allCommitmentsThatShouldDrawDownETC": 0.0,
				"allContractActuals": 25000.0,
				"allContractActualsCurrentPeriod": 25000.0,
				"allContractActualsPreviousPeriods": 0.0,
				"remainingToSpend": 65100.0,
				"forecastRemainingToSpend": 65100.0,
				"percentInvoiced": 27.746947835738067,
				"allRetention": 0.0,
				"allRetentionReleased": 0.0,
				"outstandingRetention": 0.0
			},
			"initialPayItemCode": null
		},
		{
			"id": 8201,
			"orgId": 671093575,
			"participantAconexId": 671155229,
			"enterpriseId": 13,
			"participantId": 1577,
			"partnerName": null,
			"participantName": "API UVT",
			"enterpriseName": "United Nations High Commissioner for Refugees",
			"partnerEnterpriseId": null,
			"partnerParticipantId": null,
			"partnerOrgId": null,
			"partnerParticipantAconexId": null,
			"partnerEnterpriseName": "GREEK COUNCIL FOR REFUGEES",
			"partnerParticipantName": null,
			"partnerEnterpriseAddress": null,
			"partnerEnterprisePhone": null,
			"partnerEnterpriseCompanyNumber": null,
			"projectId": 73361,
			"lastUpdated": "2023-10-13T22:01:10.332014+04:00",
			"description": null,
			"defaultControlAccount": {
				"enterpriseId": 13,
				"id": 140177,
				"parentId": 140176,
				"order": 0,
				"obsId": null,
				"name": "102-Quality case management and support services for children with Child Protection concerns and those at risks are in place with referral to appropriate services, including services offered by national systems - JOR-XXX-XXX-LCN-01",
				"description": null,
				"children": [],
				"projectId": 73361,
				"code": "32063Y23M010609/OA5/102/XXX-XXX-LCN-01",
				"percentCompleteMethod": "ROC",
				"budgetMethod": "AB1",
				"currentPercentComplete": 0.0,
				"distributionCurves": {
					"baselineBudgetCurveId": 61,
					"approvedBudgetCurveId": 61,
					"estimateToCompleteCurveId": 61,
					"controlBudgetCurveId": 61
				},
				"forecastSettings": {
					"forecastMethod": "ETC_1",
					"efficiencyFactorMethod": "ONE",
					"manualEfficiencyFactor": 0.0
				},
				"contractChangeEventDetails": {
					"potentialChangeEvents": 0.0,
					"approvedChangeEvents": 0.0
				},
				"upstreamContractChangeEventDetails": {
					"approvedChangeEvents": 0.0,
					"potentialChangeEvents": 0.0
				},
				"upstreamContractDetails": {
					"approvedContracts": 0.0,
					"approvedContractChanges": 0.0,
					"proceedContracts": 0.0,
					"proceedContractChanges": 0.0,
					"pendingContracts": 0.0,
					"pendingContractChanges": 0.0,
					"potentialContractChanges": 0.0,
					"originalContract": 0.0,
					"currentContract": 0.0,
					"pendingContractActuals": 0.0,
					"approvedContractActuals": 0.0,
					"allContractActualsPreviousPeriods": 0.0,
					"allContractActualsCurrentPeriod": 0.0,
					"allContractActualsToDate": 0.0,
					"remainingToReceive": 0.0,
					"percentReceived": 0.0,
					"percentInvoiced": 0.0
				},
				"pendingBudget": 0.0,
				"tags": null,
				"calculatedFields": {},
				"manualFields": {},
				"workPackage": false,
				"progressPackage": false,
				"lastUpdated": "2023-10-13T22:01:10.332461+04:00",
				"schedule": {
					"baselineEarlyStart": null,
					"baselineEarlyFinish": null,
					"baselineLateStart": null,
					"baselineLateFinish": null,
					"approvedEarlyStart": null,
					"approvedEarlyFinish": null,
					"approvedLateStart": null,
					"approvedLateFinish": null,
					"controlEarlyStart": null,
					"controlEarlyFinish": null,
					"controlLateStart": null,
					"controlLateFinish": null,
					"currentEarlyStart": null,
					"currentEarlyFinish": null,
					"currentLateStart": null,
					"currentLateFinish": null
				},
				"previousPercentComplete": 0.0,
				"useActivitiesForSchedule": false,
				"cost": {
					"baselineBudget": 0.0,
					"approvedBudget": 0.0,
					"controlBudget": 0.0,
					"estimateToComplete": 0.0,
					"previousEstimateAtCompletion": 0.0,
					"eacVariance": -3500000.0,
					"approvedBudgetChanges": 0.0,
					"approvedBudgetTransfers": 0.0,
					"controlBudgetChanges": 0.0,
					"atCompletionVariance": -3500000.0,
					"estimateAtCompletion": 3500000.0,
					"earnedValuePeriod": 0.0,
					"earnedValueToDate": 0.0,
					"efficiencyFactor": 0.0,
					"allActualsToDate": 0.0,
					"allActualsPeriod": 0.0,
					"allActualsPreviousPeriods": 0.0,
					"directActualsPreviousPeriods": 0.0,
					"remainingToSpend": 3500000.0,
					"percentSpent": 0.0,
					"directActualsPeriod": 0.0,
					"directActualsToDate": 0.0,
					"accruedPeriod": 0.0,
					"accruedToDate": 0.0,
					"incurredPeriod": 0.0,
					"incurredToDate": 0.0,
					"potentialBudgetChanges": 0.0,
					"potentialBudget": 0.0,
					"potentialControlBudgetChanges": 0.0,
					"potentialControlBudget": 0.0,
					"potentialEtcChanges": 0.0,
					"potentialEac": 3500000.0,
					"potentialBudgetTransfers": 0.0
				},
				"hours": {
					"baselineBudget": 0.0,
					"approvedBudget": 0.0,
					"controlBudget": 0.0,
					"estimateToComplete": 0.0,
					"previousEstimateAtCompletion": 0.0,
					"eacVariance": 0.0,
					"approvedBudgetChanges": 0.0,
					"approvedBudgetTransfers": 0.0,
					"controlBudgetChanges": 0.0,
					"atCompletionVariance": 0.0,
					"estimateAtCompletion": 0.0,
					"earnedValuePeriod": 0.0,
					"earnedValueToDate": 0.0,
					"efficiencyFactor": 0.0,
					"allActualsToDate": 0.0,
					"allActualsPeriod": 0.0,
					"allActualsPreviousPeriods": 0.0,
					"directActualsPreviousPeriods": 0.0,
					"remainingToSpend": 0.0,
					"percentSpent": 0.0,
					"directActualsPeriod": 0.0,
					"directActualsToDate": 0.0,
					"accruedPeriod": 0.0,
					"accruedToDate": 0.0,
					"incurredPeriod": 0.0,
					"incurredToDate": 0.0,
					"potentialBudgetChanges": 0.0,
					"potentialBudget": 0.0,
					"potentialControlBudgetChanges": 0.0,
					"potentialControlBudget": 0.0,
					"potentialEtcChanges": 0.0,
					"potentialEac": 0.0,
					"potentialBudgetTransfers": 0.0
				},
				"contractDetails": {
					"sharedValue": 0.0,
					"originalAmount": 3500000.0,
					"approvedAmount": 3500000.0,
					"currentAmount": 3500000.0,
					"pendingAmount": 0.0,
					"proceedAmount": 0.0,
					"forecastAmount": 3500000.0,
					"approvedChanges": 0.0,
					"proceedChanges": 0.0,
					"pendingChanges": 0.0,
					"potentialChanges": 0.0,
					"currentCommitments": 3500000.0,
					"pendingCommitments": 0.0,
					"allCommitments": 3500000.0,
					"approvedContractActuals": 0.0,
					"pendingContractActuals": 0.0,
					"approvedContractActualsPeriod": 0.0,
					"pendingContractActualsPeriod": 0.0,
					"requestedAmount": 0.0,
					"pendingRetention": 0.0,
					"approvedRetention": 0.0,
					"pendingRetentionReleased": 0.0,
					"approvedRetentionReleased": 0.0,
					"pendingNetAmount": 0.0,
					"approvedNetAmount": 0.0,
					"outstandingRetention": 0.0,
					"allContractActuals": 0.0,
					"remainingToSpend": 3500000.0,
					"varianceAmount": 0.0,
					"allCommitmentsThatShouldDrawDownETC": 3500000.0,
					"allContractActualsCurrentPeriod": 0.0,
					"allContractActualsPreviousPeriods": 0.0,
					"forecastRemainingToSpend": 3500000.0,
					"percentInvoiced": 0.0,
					"allRetention": 0.0,
					"allRetentionReleased": 0.0
				},
				"hasControlElements": false,
				"hasActivities": false,
				"hasRulesOfCredit": false,
				"costApprovedBudgetToDate": 0.0,
				"costApprovedBudgetPeriod": 0.0,
				"hoursApprovedBudgetToDate": 0.0,
				"hoursApprovedBudgetPeriod": 0.0,
				"costPerformanceIndexPeriod": 0.0,
				"costPerformanceIndexToDate": 0.0,
				"costToCompletePerformanceIndexBac": 0.0,
				"costToCompletePerformanceIndexEac": 0.0,
				"costSchedulePerformanceIndexPeriod": 0.0,
				"costSchedulePerformanceIndexToDate": 0.0,
				"hoursPerformanceIndexPeriod": 0.0,
				"hoursPerformanceIndexToDate": 0.0,
				"hoursToCompletePerformanceIndexBac": 0.0,
				"hoursToCompletePerformanceIndexEac": 0.0,
				"hoursSchedulePerformanceIndexPeriod": 0.0,
				"hoursSchedulePerformanceIndexToDate": 0.0,
				"_type": "controlAccount"
			},
			"defaultControlElementCategory": {
				"id": 1993,
				"enterpriseId": 13,
				"name": "611120 Partner – Project – IS",
				"unitOfMeasure": null,
				"type": "COST"
			},
			"tags": [],
			"shared": {
				"id": 4894,
				"aconexProjectId": 671089868,
				"code": "JOR ABC-32063Y23M010609",
				"name": "32063Y23M010609-GREEK COUNCIL FOR REFUGEES",
				"description": null,
				"currency": "JOD",
				"status": "APPROVED",
				"retentionRule": {
					"retentionMethod": "MANUAL",
					"retentionRate": 0.0,
					"dualRetentionRate": 0.0,
					"dualRetentionProgressPercent": 100.0,
					"dualRetentionProgressAmount": 0.0,
					"dualRetentionUnitOfProgress": "PROGRESS_PERCENT",
					"payItemExemptionAllowed": false
				},
				"value": 0.0,
				"currencyFormats": {
					"decimalPlaces": 3,
					"thousandsSeparator": ",",
					"decimalsSeparator": ".",
					"currencySymbol": "د.أ.‏",
					"currencyCode": "JOD",
					"locale": null,
					"prefix": "JOD ",
					"suffix": "",
					"prefixCurrencySymbol": true
				},
				"contractActualsValidationDisabled": false
			},
			"contractTerms": null,
			"contractChangeTerms": null,
			"attachmentType": "CONTRACT",
			"currencyExchangeRate": {
				"id": 2373,
				"enterpriseId": 13,
				"projectId": 73361,
				"currencyCode": "JOD",
				"baseCurrencyCode": "USD",
				"baseCurrency": false,
				"budgetExchangeRate": "1.0",
				"actualsExchangeRate": "1.0",
				"forecastExchangeRate": "1.0"
			},
			"calculatedFields": {
				"Current_Budget": 3500000.0,
				"Original_Budget": 3500000.0
			},
			"manualFields": {},
			"organizationRole": "UPSTREAM",
			"code": null,
			"upstream": true,
			"canEdit": false,
			"canShare": true,
			"isActive": true,
			"isSharedWithPartner": false,
			"isConnected": false,
			"contractDetails": {
				"sharedValue": 0.0,
				"originalAmount": 3500000.0,
				"approvedAmount": 3500000.0,
				"currentAmount": 3500000.0,
				"pendingAmount": 0.0,
				"proceedAmount": 0.0,
				"forecastAmount": 3500000.0,
				"approvedChanges": 0.0,
				"proceedChanges": 0.0,
				"pendingChanges": 0.0,
				"potentialChanges": 0.0,
				"currentCommitments": 0.0,
				"pendingCommitments": 0.0,
				"allCommitments": 0.0,
				"approvedContractActuals": 0.0,
				"pendingContractActuals": 0.0,
				"approvedContractActualsPeriod": 0.0,
				"pendingContractActualsPeriod": 0.0,
				"requestedAmount": 0.0,
				"pendingRetention": 0.0,
				"approvedRetention": 0.0,
				"pendingRetentionReleased": 0.0,
				"approvedRetentionReleased": 0.0,
				"pendingNetAmount": 0.0,
				"approvedNetAmount": 0.0,
				"varianceAmount": 0.0,
				"allCommitmentsThatShouldDrawDownETC": 0.0,
				"allContractActuals": 0.0,
				"allContractActualsCurrentPeriod": 0.0,
				"allContractActualsPreviousPeriods": 0.0,
				"remainingToSpend": 3500000.0,
				"forecastRemainingToSpend": 3500000.0,
				"percentInvoiced": 0.0,
				"allRetention": 0.0,
				"allRetentionReleased": 0.0,
				"outstandingRetention": 0.0
			},
			"projectCurrencyContractDetails": {
				"sharedValue": 0.0,
				"originalAmount": 3500000.0,
				"approvedAmount": 3500000.0,
				"currentAmount": 3500000.0,
				"pendingAmount": 0.0,
				"proceedAmount": 0.0,
				"forecastAmount": 3500000.0,
				"approvedChanges": 0.0,
				"proceedChanges": 0.0,
				"pendingChanges": 0.0,
				"potentialChanges": 0.0,
				"currentCommitments": 0.0,
				"pendingCommitments": 0.0,
				"allCommitments": 0.0,
				"approvedContractActuals": 0.0,
				"pendingContractActuals": 0.0,
				"approvedContractActualsPeriod": 0.0,
				"pendingContractActualsPeriod": 0.0,
				"requestedAmount": 0.0,
				"pendingRetention": 0.0,
				"approvedRetention": 0.0,
				"pendingRetentionReleased": 0.0,
				"approvedRetentionReleased": 0.0,
				"pendingNetAmount": 0.0,
				"approvedNetAmount": 0.0,
				"varianceAmount": 0.0,
				"allCommitmentsThatShouldDrawDownETC": 0.0,
				"allContractActuals": 0.0,
				"allContractActualsCurrentPeriod": 0.0,
				"allContractActualsPreviousPeriods": 0.0,
				"remainingToSpend": 3500000.0,
				"forecastRemainingToSpend": 3500000.0,
				"percentInvoiced": 0.0,
				"allRetention": 0.0,
				"allRetentionReleased": 0.0,
				"outstandingRetention": 0.0
			},
			"initialPayItemCode": null
		},
		{
			"id": 8415,
			"orgId": 671093575,
			"participantAconexId": 671155229,
			"enterpriseId": 13,
			"participantId": 1577,
			"partnerName": null,
			"participantName": "API UVT",
			"enterpriseName": "United Nations High Commissioner for Refugees",
			"partnerEnterpriseId": null,
			"partnerParticipantId": null,
			"partnerOrgId": null,
			"partnerParticipantAconexId": null,
			"partnerEnterpriseName": "MINISTRY OF PLANNING AND INTER. CO",
			"partnerParticipantName": null,
			"partnerEnterpriseAddress": null,
			"partnerEnterprisePhone": null,
			"partnerEnterpriseCompanyNumber": null,
			"projectId": 73361,
			"lastUpdated": "2023-10-24T23:02:03.019498+04:00",
			"description": null,
			"defaultControlAccount": {
				"enterpriseId": 13,
				"id": 140964,
				"parentId": 140946,
				"order": 0,
				"obsId": null,
				"name": "101-People of concern’s civil status registration and documentation is supported - JOR-ALM-ZAT-SPS-01",
				"description": null,
				"children": [],
				"projectId": 73361,
				"code": "32061Y23M029911/OA1/101/ALM-ZAT-SPS-01",
				"percentCompleteMethod": "ROC",
				"budgetMethod": "AB1",
				"currentPercentComplete": 0.0,
				"distributionCurves": {
					"baselineBudgetCurveId": 61,
					"approvedBudgetCurveId": 61,
					"estimateToCompleteCurveId": 61,
					"controlBudgetCurveId": 61
				},
				"forecastSettings": {
					"forecastMethod": "ETC_1",
					"efficiencyFactorMethod": "ONE",
					"manualEfficiencyFactor": 0.0
				},
				"contractChangeEventDetails": {
					"potentialChangeEvents": 0.0,
					"approvedChangeEvents": 0.0
				},
				"upstreamContractChangeEventDetails": {
					"approvedChangeEvents": 0.0,
					"potentialChangeEvents": 0.0
				},
				"upstreamContractDetails": {
					"approvedContracts": 0.0,
					"approvedContractChanges": 0.0,
					"proceedContracts": 0.0,
					"proceedContractChanges": 0.0,
					"pendingContracts": 0.0,
					"pendingContractChanges": 0.0,
					"potentialContractChanges": 0.0,
					"originalContract": 0.0,
					"currentContract": 0.0,
					"pendingContractActuals": 0.0,
					"approvedContractActuals": 0.0,
					"allContractActualsPreviousPeriods": 0.0,
					"allContractActualsCurrentPeriod": 0.0,
					"allContractActualsToDate": 0.0,
					"remainingToReceive": 0.0,
					"percentReceived": 0.0,
					"percentInvoiced": 0.0
				},
				"pendingBudget": 0.0,
				"tags": null,
				"calculatedFields": {},
				"manualFields": {},
				"workPackage": false,
				"progressPackage": false,
				"lastUpdated": "2023-10-24T23:02:03.02488+04:00",
				"schedule": {
					"baselineEarlyStart": null,
					"baselineEarlyFinish": null,
					"baselineLateStart": null,
					"baselineLateFinish": null,
					"approvedEarlyStart": null,
					"approvedEarlyFinish": null,
					"approvedLateStart": null,
					"approvedLateFinish": null,
					"controlEarlyStart": null,
					"controlEarlyFinish": null,
					"controlLateStart": null,
					"controlLateFinish": null,
					"currentEarlyStart": null,
					"currentEarlyFinish": null,
					"currentLateStart": null,
					"currentLateFinish": null
				},
				"previousPercentComplete": 0.0,
				"useActivitiesForSchedule": false,
				"cost": {
					"baselineBudget": 0.0,
					"approvedBudget": 0.0,
					"controlBudget": 0.0,
					"estimateToComplete": 0.0,
					"previousEstimateAtCompletion": 0.0,
					"eacVariance": -60297.17332219,
					"approvedBudgetChanges": 0.0,
					"approvedBudgetTransfers": 0.0,
					"controlBudgetChanges": 0.0,
					"atCompletionVariance": -60297.17332219,
					"estimateAtCompletion": 60297.17332219,
					"earnedValuePeriod": 0.0,
					"earnedValueToDate": 0.0,
					"efficiencyFactor": 0.0,
					"allActualsToDate": 0.0,
					"allActualsPeriod": 0.0,
					"allActualsPreviousPeriods": 0.0,
					"directActualsPreviousPeriods": 0.0,
					"remainingToSpend": 60297.17332219,
					"percentSpent": 0.0,
					"directActualsPeriod": 0.0,
					"directActualsToDate": 0.0,
					"accruedPeriod": 0.0,
					"accruedToDate": 0.0,
					"incurredPeriod": 0.0,
					"incurredToDate": 0.0,
					"potentialBudgetChanges": 0.0,
					"potentialBudget": 0.0,
					"potentialControlBudgetChanges": 0.0,
					"potentialControlBudget": 0.0,
					"potentialEtcChanges": 0.0,
					"potentialEac": 60297.17332219,
					"potentialBudgetTransfers": 0.0
				},
				"hours": {
					"baselineBudget": 0.0,
					"approvedBudget": 0.0,
					"controlBudget": 0.0,
					"estimateToComplete": 0.0,
					"previousEstimateAtCompletion": 0.0,
					"eacVariance": 0.0,
					"approvedBudgetChanges": 0.0,
					"approvedBudgetTransfers": 0.0,
					"controlBudgetChanges": 0.0,
					"atCompletionVariance": 0.0,
					"estimateAtCompletion": 0.0,
					"earnedValuePeriod": 0.0,
					"earnedValueToDate": 0.0,
					"efficiencyFactor": 0.0,
					"allActualsToDate": 0.0,
					"allActualsPeriod": 0.0,
					"allActualsPreviousPeriods": 0.0,
					"directActualsPreviousPeriods": 0.0,
					"remainingToSpend": 0.0,
					"percentSpent": 0.0,
					"directActualsPeriod": 0.0,
					"directActualsToDate": 0.0,
					"accruedPeriod": 0.0,
					"accruedToDate": 0.0,
					"incurredPeriod": 0.0,
					"incurredToDate": 0.0,
					"potentialBudgetChanges": 0.0,
					"potentialBudget": 0.0,
					"potentialControlBudgetChanges": 0.0,
					"potentialControlBudget": 0.0,
					"potentialEtcChanges": 0.0,
					"potentialEac": 0.0,
					"potentialBudgetTransfers": 0.0
				},
				"contractDetails": {
					"sharedValue": 0.0,
					"originalAmount": 60297.17332219,
					"approvedAmount": 60297.17332219,
					"currentAmount": 60297.17332219,
					"pendingAmount": 0.0,
					"proceedAmount": 0.0,
					"forecastAmount": 60297.17332219,
					"approvedChanges": 0.0,
					"proceedChanges": 0.0,
					"pendingChanges": 0.0,
					"potentialChanges": 0.0,
					"currentCommitments": 60297.17332219,
					"pendingCommitments": 0.0,
					"allCommitments": 60297.17332219,
					"approvedContractActuals": 0.0,
					"pendingContractActuals": 0.0,
					"approvedContractActualsPeriod": 0.0,
					"pendingContractActualsPeriod": 0.0,
					"requestedAmount": 0.0,
					"pendingRetention": 0.0,
					"approvedRetention": 0.0,
					"pendingRetentionReleased": 0.0,
					"approvedRetentionReleased": 0.0,
					"pendingNetAmount": 0.0,
					"approvedNetAmount": 0.0,
					"outstandingRetention": 0.0,
					"allContractActuals": 0.0,
					"remainingToSpend": 60297.17332219,
					"varianceAmount": 0.0,
					"allCommitmentsThatShouldDrawDownETC": 60297.17332219,
					"allContractActualsCurrentPeriod": 0.0,
					"allContractActualsPreviousPeriods": 0.0,
					"forecastRemainingToSpend": 60297.17332219,
					"percentInvoiced": 0.0,
					"allRetention": 0.0,
					"allRetentionReleased": 0.0
				},
				"hasControlElements": false,
				"hasActivities": false,
				"hasRulesOfCredit": false,
				"costApprovedBudgetToDate": 0.0,
				"costApprovedBudgetPeriod": 0.0,
				"hoursApprovedBudgetToDate": 0.0,
				"hoursApprovedBudgetPeriod": 0.0,
				"costPerformanceIndexPeriod": 0.0,
				"costPerformanceIndexToDate": 0.0,
				"costToCompletePerformanceIndexBac": 0.0,
				"costToCompletePerformanceIndexEac": 0.0,
				"costSchedulePerformanceIndexPeriod": 0.0,
				"costSchedulePerformanceIndexToDate": 0.0,
				"hoursPerformanceIndexPeriod": 0.0,
				"hoursPerformanceIndexToDate": 0.0,
				"hoursToCompletePerformanceIndexBac": 0.0,
				"hoursToCompletePerformanceIndexEac": 0.0,
				"hoursSchedulePerformanceIndexPeriod": 0.0,
				"hoursSchedulePerformanceIndexToDate": 0.0,
				"_type": "controlAccount"
			},
			"defaultControlElementCategory": {
				"id": 1993,
				"enterpriseId": 13,
				"name": "611120 Partner – Project – IS",
				"unitOfMeasure": null,
				"type": "COST"
			},
			"tags": [],
			"shared": {
				"id": 5023,
				"aconexProjectId": 671089868,
				"code": "JOR ABC-32061Y23M029911",
				"name": "32061Y23M029911-MINISTRY OF PLANNING AND INTER. CO",
				"description": null,
				"currency": "JOD",
				"status": "APPROVED",
				"retentionRule": {
					"retentionMethod": "MANUAL",
					"retentionRate": 0.0,
					"dualRetentionRate": 0.0,
					"dualRetentionProgressPercent": 100.0,
					"dualRetentionProgressAmount": 0.0,
					"dualRetentionUnitOfProgress": "PROGRESS_PERCENT",
					"payItemExemptionAllowed": false
				},
				"value": 0.0,
				"currencyFormats": {
					"decimalPlaces": 3,
					"thousandsSeparator": ",",
					"decimalsSeparator": ".",
					"currencySymbol": "د.أ.‏",
					"currencyCode": "JOD",
					"locale": null,
					"prefix": "JOD ",
					"suffix": "",
					"prefixCurrencySymbol": true
				},
				"contractActualsValidationDisabled": false
			},
			"contractTerms": null,
			"contractChangeTerms": null,
			"attachmentType": "CONTRACT",
			"currencyExchangeRate": {
				"id": 2373,
				"enterpriseId": 13,
				"projectId": 73361,
				"currencyCode": "JOD",
				"baseCurrencyCode": "USD",
				"baseCurrency": false,
				"budgetExchangeRate": "1.0",
				"actualsExchangeRate": "1.0",
				"forecastExchangeRate": "1.0"
			},
			"calculatedFields": {
				"Current_Budget": 1517902.00000003,
				"Original_Budget": 1517902.00000003
			},
			"manualFields": {},
			"organizationRole": "UPSTREAM",
			"code": null,
			"upstream": true,
			"canEdit": false,
			"canShare": true,
			"isActive": true,
			"isSharedWithPartner": false,
			"isConnected": false,
			"contractDetails": {
				"sharedValue": 0.0,
				"originalAmount": 1517902.00000003,
				"approvedAmount": 1517902.00000003,
				"currentAmount": 1517902.00000003,
				"pendingAmount": 0.0,
				"proceedAmount": 0.0,
				"forecastAmount": 1517902.00000003,
				"approvedChanges": 0.0,
				"proceedChanges": 0.0,
				"pendingChanges": 0.0,
				"potentialChanges": 0.0,
				"currentCommitments": 0.0,
				"pendingCommitments": 0.0,
				"allCommitments": 0.0,
				"approvedContractActuals": 0.0,
				"pendingContractActuals": 0.0,
				"approvedContractActualsPeriod": 0.0,
				"pendingContractActualsPeriod": 0.0,
				"requestedAmount": 0.0,
				"pendingRetention": 0.0,
				"approvedRetention": 0.0,
				"pendingRetentionReleased": 0.0,
				"approvedRetentionReleased": 0.0,
				"pendingNetAmount": 0.0,
				"approvedNetAmount": 0.0,
				"varianceAmount": 0.0,
				"allCommitmentsThatShouldDrawDownETC": 0.0,
				"allContractActuals": 0.0,
				"allContractActualsCurrentPeriod": 0.0,
				"allContractActualsPreviousPeriods": 0.0,
				"remainingToSpend": 1517902.00000003,
				"forecastRemainingToSpend": 1517902.00000003,
				"percentInvoiced": 0.0,
				"allRetention": 0.0,
				"allRetentionReleased": 0.0,
				"outstandingRetention": 0.0
			},
			"projectCurrencyContractDetails": {
				"sharedValue": 0.0,
				"originalAmount": 1517902.00000003,
				"approvedAmount": 1517902.00000003,
				"currentAmount": 1517902.00000003,
				"pendingAmount": 0.0,
				"proceedAmount": 0.0,
				"forecastAmount": 1517902.00000003,
				"approvedChanges": 0.0,
				"proceedChanges": 0.0,
				"pendingChanges": 0.0,
				"potentialChanges": 0.0,
				"currentCommitments": 0.0,
				"pendingCommitments": 0.0,
				"allCommitments": 0.0,
				"approvedContractActuals": 0.0,
				"pendingContractActuals": 0.0,
				"approvedContractActualsPeriod": 0.0,
				"pendingContractActualsPeriod": 0.0,
				"requestedAmount": 0.0,
				"pendingRetention": 0.0,
				"approvedRetention": 0.0,
				"pendingRetentionReleased": 0.0,
				"approvedRetentionReleased": 0.0,
				"pendingNetAmount": 0.0,
				"approvedNetAmount": 0.0,
				"varianceAmount": 0.0,
				"allCommitmentsThatShouldDrawDownETC": 0.0,
				"allContractActuals": 0.0,
				"allContractActualsCurrentPeriod": 0.0,
				"allContractActualsPreviousPeriods": 0.0,
				"remainingToSpend": 1517902.00000003,
				"forecastRemainingToSpend": 1517902.00000003,
				"percentInvoiced": 0.0,
				"allRetention": 0.0,
				"allRetentionReleased": 0.0,
				"outstandingRetention": 0.0
			},
			"initialPayItemCode": null
		},
		{
			"id": 8431,
			"orgId": 671093575,
			"participantAconexId": 671155229,
			"enterpriseId": 13,
			"participantId": 1577,
			"partnerName": null,
			"participantName": "API UVT",
			"enterpriseName": "United Nations High Commissioner for Refugees",
			"partnerEnterpriseId": null,
			"partnerParticipantId": null,
			"partnerOrgId": null,
			"partnerParticipantAconexId": null,
			"partnerEnterpriseName": "INTERNAT. ORG. FOR MIGRATION - CHE",
			"partnerParticipantName": null,
			"partnerEnterpriseAddress": null,
			"partnerEnterprisePhone": null,
			"partnerEnterpriseCompanyNumber": null,
			"projectId": 73361,
			"lastUpdated": "2023-10-24T23:02:51.326878+04:00",
			"description": null,
			"defaultControlAccount": {
				"enterpriseId": 13,
				"id": 140954,
				"parentId": 140972,
				"order": 0,
				"obsId": null,
				"name": "108-Access to primary health care services together with vaccination services is in place, including inter alia through services offered by national systems - JOR-XXX-XXX-LCN-01",
				"description": null,
				"children": [],
				"projectId": 73361,
				"code": "32061Y23M500098/OA10/108/XXX-XXX-LCN-01",
				"percentCompleteMethod": "ROC",
				"budgetMethod": "AB1",
				"currentPercentComplete": 0.0,
				"distributionCurves": {
					"baselineBudgetCurveId": 61,
					"approvedBudgetCurveId": 61,
					"estimateToCompleteCurveId": 61,
					"controlBudgetCurveId": 61
				},
				"forecastSettings": {
					"forecastMethod": "ETC_1",
					"efficiencyFactorMethod": "ONE",
					"manualEfficiencyFactor": 0.0
				},
				"contractChangeEventDetails": {
					"potentialChangeEvents": 0.0,
					"approvedChangeEvents": 0.0
				},
				"upstreamContractChangeEventDetails": {
					"approvedChangeEvents": 0.0,
					"potentialChangeEvents": 0.0
				},
				"upstreamContractDetails": {
					"approvedContracts": 0.0,
					"approvedContractChanges": 0.0,
					"proceedContracts": 0.0,
					"proceedContractChanges": 0.0,
					"pendingContracts": 0.0,
					"pendingContractChanges": 0.0,
					"potentialContractChanges": 0.0,
					"originalContract": 0.0,
					"currentContract": 0.0,
					"pendingContractActuals": 0.0,
					"approvedContractActuals": 0.0,
					"allContractActualsPreviousPeriods": 0.0,
					"allContractActualsCurrentPeriod": 0.0,
					"allContractActualsToDate": 0.0,
					"remainingToReceive": 0.0,
					"percentReceived": 0.0,
					"percentInvoiced": 0.0
				},
				"pendingBudget": 0.0,
				"tags": null,
				"calculatedFields": {},
				"manualFields": {},
				"workPackage": false,
				"progressPackage": false,
				"lastUpdated": "2023-10-24T23:02:51.331825+04:00",
				"schedule": {
					"baselineEarlyStart": null,
					"baselineEarlyFinish": null,
					"baselineLateStart": null,
					"baselineLateFinish": null,
					"approvedEarlyStart": null,
					"approvedEarlyFinish": null,
					"approvedLateStart": null,
					"approvedLateFinish": null,
					"controlEarlyStart": null,
					"controlEarlyFinish": null,
					"controlLateStart": null,
					"controlLateFinish": null,
					"currentEarlyStart": null,
					"currentEarlyFinish": null,
					"currentLateStart": null,
					"currentLateFinish": null
				},
				"previousPercentComplete": 0.0,
				"useActivitiesForSchedule": false,
				"cost": {
					"baselineBudget": 0.0,
					"approvedBudget": 0.0,
					"controlBudget": 0.0,
					"estimateToComplete": 0.0,
					"previousEstimateAtCompletion": 0.0,
					"eacVariance": -431.28969525,
					"approvedBudgetChanges": 0.0,
					"approvedBudgetTransfers": 0.0,
					"controlBudgetChanges": 0.0,
					"atCompletionVariance": -431.28969525,
					"estimateAtCompletion": 431.28969525,
					"earnedValuePeriod": 0.0,
					"earnedValueToDate": 0.0,
					"efficiencyFactor": 0.0,
					"allActualsToDate": 0.0,
					"allActualsPeriod": 0.0,
					"allActualsPreviousPeriods": 0.0,
					"directActualsPreviousPeriods": 0.0,
					"remainingToSpend": 431.28969525,
					"percentSpent": 0.0,
					"directActualsPeriod": 0.0,
					"directActualsToDate": 0.0,
					"accruedPeriod": 0.0,
					"accruedToDate": 0.0,
					"incurredPeriod": 0.0,
					"incurredToDate": 0.0,
					"potentialBudgetChanges": 0.0,
					"potentialBudget": 0.0,
					"potentialControlBudgetChanges": 0.0,
					"potentialControlBudget": 0.0,
					"potentialEtcChanges": 0.0,
					"potentialEac": 431.28969525,
					"potentialBudgetTransfers": 0.0
				},
				"hours": {
					"baselineBudget": 0.0,
					"approvedBudget": 0.0,
					"controlBudget": 0.0,
					"estimateToComplete": 0.0,
					"previousEstimateAtCompletion": 0.0,
					"eacVariance": 0.0,
					"approvedBudgetChanges": 0.0,
					"approvedBudgetTransfers": 0.0,
					"controlBudgetChanges": 0.0,
					"atCompletionVariance": 0.0,
					"estimateAtCompletion": 0.0,
					"earnedValuePeriod": 0.0,
					"earnedValueToDate": 0.0,
					"efficiencyFactor": 0.0,
					"allActualsToDate": 0.0,
					"allActualsPeriod": 0.0,
					"allActualsPreviousPeriods": 0.0,
					"directActualsPreviousPeriods": 0.0,
					"remainingToSpend": 0.0,
					"percentSpent": 0.0,
					"directActualsPeriod": 0.0,
					"directActualsToDate": 0.0,
					"accruedPeriod": 0.0,
					"accruedToDate": 0.0,
					"incurredPeriod": 0.0,
					"incurredToDate": 0.0,
					"potentialBudgetChanges": 0.0,
					"potentialBudget": 0.0,
					"potentialControlBudgetChanges": 0.0,
					"potentialControlBudget": 0.0,
					"potentialEtcChanges": 0.0,
					"potentialEac": 0.0,
					"potentialBudgetTransfers": 0.0
				},
				"contractDetails": {
					"sharedValue": 0.0,
					"originalAmount": 431.28969525,
					"approvedAmount": 431.28969525,
					"currentAmount": 431.28969525,
					"pendingAmount": 0.0,
					"proceedAmount": 0.0,
					"forecastAmount": 431.28969525,
					"approvedChanges": 0.0,
					"proceedChanges": 0.0,
					"pendingChanges": 0.0,
					"potentialChanges": 0.0,
					"currentCommitments": 431.28969525,
					"pendingCommitments": 0.0,
					"allCommitments": 431.28969525,
					"approvedContractActuals": 0.0,
					"pendingContractActuals": 0.0,
					"approvedContractActualsPeriod": 0.0,
					"pendingContractActualsPeriod": 0.0,
					"requestedAmount": 0.0,
					"pendingRetention": 0.0,
					"approvedRetention": 0.0,
					"pendingRetentionReleased": 0.0,
					"approvedRetentionReleased": 0.0,
					"pendingNetAmount": 0.0,
					"approvedNetAmount": 0.0,
					"outstandingRetention": 0.0,
					"allContractActuals": 0.0,
					"remainingToSpend": 431.28969525,
					"varianceAmount": 0.0,
					"allCommitmentsThatShouldDrawDownETC": 431.28969525,
					"allContractActualsCurrentPeriod": 0.0,
					"allContractActualsPreviousPeriods": 0.0,
					"forecastRemainingToSpend": 431.28969525,
					"percentInvoiced": 0.0,
					"allRetention": 0.0,
					"allRetentionReleased": 0.0
				},
				"hasControlElements": false,
				"hasActivities": false,
				"hasRulesOfCredit": false,
				"costApprovedBudgetToDate": 0.0,
				"costApprovedBudgetPeriod": 0.0,
				"hoursApprovedBudgetToDate": 0.0,
				"hoursApprovedBudgetPeriod": 0.0,
				"costPerformanceIndexPeriod": 0.0,
				"costPerformanceIndexToDate": 0.0,
				"costToCompletePerformanceIndexBac": 0.0,
				"costToCompletePerformanceIndexEac": 0.0,
				"costSchedulePerformanceIndexPeriod": 0.0,
				"costSchedulePerformanceIndexToDate": 0.0,
				"hoursPerformanceIndexPeriod": 0.0,
				"hoursPerformanceIndexToDate": 0.0,
				"hoursToCompletePerformanceIndexBac": 0.0,
				"hoursToCompletePerformanceIndexEac": 0.0,
				"hoursSchedulePerformanceIndexPeriod": 0.0,
				"hoursSchedulePerformanceIndexToDate": 0.0,
				"_type": "controlAccount"
			},
			"defaultControlElementCategory": {
				"id": 1993,
				"enterpriseId": 13,
				"name": "611120 Partner – Project – IS",
				"unitOfMeasure": null,
				"type": "COST"
			},
			"tags": [],
			"shared": {
				"id": 4979,
				"aconexProjectId": 671089868,
				"code": "JOR ABC-32061Y23M500098",
				"name": "32061Y23M500098-INTERNAT. ORG. FOR MIGRATION - CHE",
				"description": null,
				"currency": "USD",
				"status": "APPROVED",
				"retentionRule": {
					"retentionMethod": "MANUAL",
					"retentionRate": 0.0,
					"dualRetentionRate": 0.0,
					"dualRetentionProgressPercent": 100.0,
					"dualRetentionProgressAmount": 0.0,
					"dualRetentionUnitOfProgress": "PROGRESS_PERCENT",
					"payItemExemptionAllowed": false
				},
				"value": 0.0,
				"currencyFormats": {
					"decimalPlaces": 2,
					"thousandsSeparator": ",",
					"decimalsSeparator": ".",
					"currencySymbol": "$",
					"currencyCode": "USD",
					"locale": null,
					"prefix": "US$ ",
					"suffix": "",
					"prefixCurrencySymbol": true
				},
				"contractActualsValidationDisabled": false
			},
			"contractTerms": null,
			"contractChangeTerms": null,
			"attachmentType": "CONTRACT",
			"currencyExchangeRate": {
				"id": 1410,
				"enterpriseId": 13,
				"projectId": 73361,
				"currencyCode": "USD",
				"baseCurrencyCode": "USD",
				"baseCurrency": true,
				"budgetExchangeRate": "1.0",
				"actualsExchangeRate": "1.0",
				"forecastExchangeRate": "1.0"
			},
			"calculatedFields": {
				"Current_Budget": 1878.24000001,
				"Original_Budget": 1878.24000001
			},
			"manualFields": {},
			"organizationRole": "UPSTREAM",
			"code": null,
			"upstream": true,
			"canEdit": false,
			"canShare": true,
			"isActive": true,
			"isSharedWithPartner": false,
			"isConnected": false,
			"contractDetails": {
				"sharedValue": 0.0,
				"originalAmount": 1878.24000001,
				"approvedAmount": 1878.24000001,
				"currentAmount": 1878.24000001,
				"pendingAmount": 0.0,
				"proceedAmount": 0.0,
				"forecastAmount": 1878.24000001,
				"approvedChanges": 0.0,
				"proceedChanges": 0.0,
				"pendingChanges": 0.0,
				"potentialChanges": 0.0,
				"currentCommitments": 0.0,
				"pendingCommitments": 0.0,
				"allCommitments": 0.0,
				"approvedContractActuals": 0.0,
				"pendingContractActuals": 0.0,
				"approvedContractActualsPeriod": 0.0,
				"pendingContractActualsPeriod": 0.0,
				"requestedAmount": 0.0,
				"pendingRetention": 0.0,
				"approvedRetention": 0.0,
				"pendingRetentionReleased": 0.0,
				"approvedRetentionReleased": 0.0,
				"pendingNetAmount": 0.0,
				"approvedNetAmount": 0.0,
				"varianceAmount": 0.0,
				"allCommitmentsThatShouldDrawDownETC": 0.0,
				"allContractActuals": 0.0,
				"allContractActualsCurrentPeriod": 0.0,
				"allContractActualsPreviousPeriods": 0.0,
				"remainingToSpend": 1878.24000001,
				"forecastRemainingToSpend": 1878.24000001,
				"percentInvoiced": 0.0,
				"allRetention": 0.0,
				"allRetentionReleased": 0.0,
				"outstandingRetention": 0.0
			},
			"projectCurrencyContractDetails": {
				"sharedValue": 0.0,
				"originalAmount": 1878.24000001,
				"approvedAmount": 1878.24000001,
				"currentAmount": 1878.24000001,
				"pendingAmount": 0.0,
				"proceedAmount": 0.0,
				"forecastAmount": 1878.24000001,
				"approvedChanges": 0.0,
				"proceedChanges": 0.0,
				"pendingChanges": 0.0,
				"potentialChanges": 0.0,
				"currentCommitments": 0.0,
				"pendingCommitments": 0.0,
				"allCommitments": 0.0,
				"approvedContractActuals": 0.0,
				"pendingContractActuals": 0.0,
				"approvedContractActualsPeriod": 0.0,
				"pendingContractActualsPeriod": 0.0,
				"requestedAmount": 0.0,
				"pendingRetention": 0.0,
				"approvedRetention": 0.0,
				"pendingRetentionReleased": 0.0,
				"approvedRetentionReleased": 0.0,
				"pendingNetAmount": 0.0,
				"approvedNetAmount": 0.0,
				"varianceAmount": 0.0,
				"allCommitmentsThatShouldDrawDownETC": 0.0,
				"allContractActuals": 0.0,
				"allContractActualsCurrentPeriod": 0.0,
				"allContractActualsPreviousPeriods": 0.0,
				"remainingToSpend": 1878.24000001,
				"forecastRemainingToSpend": 1878.24000001,
				"percentInvoiced": 0.0,
				"allRetention": 0.0,
				"allRetentionReleased": 0.0,
				"outstandingRetention": 0.0
			},
			"initialPayItemCode": null
		},
		{
			"id": 8425,
			"orgId": 671093575,
			"participantAconexId": 671155229,
			"enterpriseId": 13,
			"participantId": 1577,
			"partnerName": null,
			"participantName": "API UVT",
			"enterpriseName": "United Nations High Commissioner for Refugees",
			"partnerEnterpriseId": null,
			"partnerParticipantId": null,
			"partnerOrgId": null,
			"partnerParticipantAconexId": null,
			"partnerEnterpriseName": "JOHUD - UNHCR",
			"partnerParticipantName": null,
			"partnerEnterpriseAddress": null,
			"partnerEnterprisePhone": null,
			"partnerEnterpriseCompanyNumber": null,
			"projectId": 73361,
			"lastUpdated": "2023-10-25T23:01:53.31151+04:00",
			"description": null,
			"defaultControlAccount": {
				"enterpriseId": 13,
				"id": 141006,
				"parentId": 141005,
				"order": 0,
				"obsId": null,
				"name": "102-Quality case management and support services for children with Child Protection concerns and those at risks are in place with referral to appropriate services, including services offered by national s - JOR-XXX-XXX-LCN-01",
				"description": null,
				"children": [],
				"projectId": 73361,
				"code": "32061Y23M114897/OA5/102/XXX-XXX-LCN-01",
				"percentCompleteMethod": "ROC",
				"budgetMethod": "AB1",
				"currentPercentComplete": 0.0,
				"distributionCurves": {
					"baselineBudgetCurveId": 61,
					"approvedBudgetCurveId": 61,
					"estimateToCompleteCurveId": 61,
					"controlBudgetCurveId": 61
				},
				"forecastSettings": {
					"forecastMethod": "ETC_1",
					"efficiencyFactorMethod": "ONE",
					"manualEfficiencyFactor": 0.0
				},
				"contractChangeEventDetails": {
					"potentialChangeEvents": 0.0,
					"approvedChangeEvents": 0.0
				},
				"upstreamContractChangeEventDetails": {
					"approvedChangeEvents": 0.0,
					"potentialChangeEvents": 0.0
				},
				"upstreamContractDetails": {
					"approvedContracts": 0.0,
					"approvedContractChanges": 0.0,
					"proceedContracts": 0.0,
					"proceedContractChanges": 0.0,
					"pendingContracts": 0.0,
					"pendingContractChanges": 0.0,
					"potentialContractChanges": 0.0,
					"originalContract": 0.0,
					"currentContract": 0.0,
					"pendingContractActuals": 0.0,
					"approvedContractActuals": 0.0,
					"allContractActualsPreviousPeriods": 0.0,
					"allContractActualsCurrentPeriod": 0.0,
					"allContractActualsToDate": 0.0,
					"remainingToReceive": 0.0,
					"percentReceived": 0.0,
					"percentInvoiced": 0.0
				},
				"pendingBudget": 0.0,
				"tags": null,
				"calculatedFields": {},
				"manualFields": {},
				"workPackage": false,
				"progressPackage": false,
				"lastUpdated": "2023-10-25T23:01:53.314304+04:00",
				"schedule": {
					"baselineEarlyStart": null,
					"baselineEarlyFinish": null,
					"baselineLateStart": null,
					"baselineLateFinish": null,
					"approvedEarlyStart": null,
					"approvedEarlyFinish": null,
					"approvedLateStart": null,
					"approvedLateFinish": null,
					"controlEarlyStart": null,
					"controlEarlyFinish": null,
					"controlLateStart": null,
					"controlLateFinish": null,
					"currentEarlyStart": null,
					"currentEarlyFinish": null,
					"currentLateStart": null,
					"currentLateFinish": null
				},
				"previousPercentComplete": 0.0,
				"useActivitiesForSchedule": false,
				"cost": {
					"baselineBudget": 0.0,
					"approvedBudget": 0.0,
					"controlBudget": 0.0,
					"estimateToComplete": 0.0,
					"previousEstimateAtCompletion": 0.0,
					"eacVariance": -203151.08357684999,
					"approvedBudgetChanges": 0.0,
					"approvedBudgetTransfers": 0.0,
					"controlBudgetChanges": 0.0,
					"atCompletionVariance": -203151.08357684999,
					"estimateAtCompletion": 203151.08357684999,
					"earnedValuePeriod": 0.0,
					"earnedValueToDate": 0.0,
					"efficiencyFactor": 0.0,
					"allActualsToDate": 0.0,
					"allActualsPeriod": 0.0,
					"allActualsPreviousPeriods": 0.0,
					"directActualsPreviousPeriods": 0.0,
					"remainingToSpend": 203151.08357684999,
					"percentSpent": 0.0,
					"directActualsPeriod": 0.0,
					"directActualsToDate": 0.0,
					"accruedPeriod": 0.0,
					"accruedToDate": 0.0,
					"incurredPeriod": 0.0,
					"incurredToDate": 0.0,
					"potentialBudgetChanges": 0.0,
					"potentialBudget": 0.0,
					"potentialControlBudgetChanges": 0.0,
					"potentialControlBudget": 0.0,
					"potentialEtcChanges": 0.0,
					"potentialEac": 203151.08357684999,
					"potentialBudgetTransfers": 0.0
				},
				"hours": {
					"baselineBudget": 0.0,
					"approvedBudget": 0.0,
					"controlBudget": 0.0,
					"estimateToComplete": 0.0,
					"previousEstimateAtCompletion": 0.0,
					"eacVariance": 0.0,
					"approvedBudgetChanges": 0.0,
					"approvedBudgetTransfers": 0.0,
					"controlBudgetChanges": 0.0,
					"atCompletionVariance": 0.0,
					"estimateAtCompletion": 0.0,
					"earnedValuePeriod": 0.0,
					"earnedValueToDate": 0.0,
					"efficiencyFactor": 0.0,
					"allActualsToDate": 0.0,
					"allActualsPeriod": 0.0,
					"allActualsPreviousPeriods": 0.0,
					"directActualsPreviousPeriods": 0.0,
					"remainingToSpend": 0.0,
					"percentSpent": 0.0,
					"directActualsPeriod": 0.0,
					"directActualsToDate": 0.0,
					"accruedPeriod": 0.0,
					"accruedToDate": 0.0,
					"incurredPeriod": 0.0,
					"incurredToDate": 0.0,
					"potentialBudgetChanges": 0.0,
					"potentialBudget": 0.0,
					"potentialControlBudgetChanges": 0.0,
					"potentialControlBudget": 0.0,
					"potentialEtcChanges": 0.0,
					"potentialEac": 0.0,
					"potentialBudgetTransfers": 0.0
				},
				"contractDetails": {
					"sharedValue": 0.0,
					"originalAmount": 203151.08357684999,
					"approvedAmount": 203151.08357684999,
					"currentAmount": 203151.08357684999,
					"pendingAmount": 0.0,
					"proceedAmount": 0.0,
					"forecastAmount": 203151.08357684999,
					"approvedChanges": 0.0,
					"proceedChanges": 0.0,
					"pendingChanges": 0.0,
					"potentialChanges": 0.0,
					"currentCommitments": 203151.08357684999,
					"pendingCommitments": 0.0,
					"allCommitments": 203151.08357684999,
					"approvedContractActuals": 0.0,
					"pendingContractActuals": 0.0,
					"approvedContractActualsPeriod": 0.0,
					"pendingContractActualsPeriod": 0.0,
					"requestedAmount": 0.0,
					"pendingRetention": 0.0,
					"approvedRetention": 0.0,
					"pendingRetentionReleased": 0.0,
					"approvedRetentionReleased": 0.0,
					"pendingNetAmount": 0.0,
					"approvedNetAmount": 0.0,
					"outstandingRetention": 0.0,
					"allContractActuals": 0.0,
					"remainingToSpend": 203151.08357684999,
					"varianceAmount": 0.0,
					"allCommitmentsThatShouldDrawDownETC": 203151.08357684999,
					"allContractActualsCurrentPeriod": 0.0,
					"allContractActualsPreviousPeriods": 0.0,
					"forecastRemainingToSpend": 203151.08357684999,
					"percentInvoiced": 0.0,
					"allRetention": 0.0,
					"allRetentionReleased": 0.0
				},
				"hasControlElements": false,
				"hasActivities": false,
				"hasRulesOfCredit": false,
				"costApprovedBudgetToDate": 0.0,
				"costApprovedBudgetPeriod": 0.0,
				"hoursApprovedBudgetToDate": 0.0,
				"hoursApprovedBudgetPeriod": 0.0,
				"costPerformanceIndexPeriod": 0.0,
				"costPerformanceIndexToDate": 0.0,
				"costToCompletePerformanceIndexBac": 0.0,
				"costToCompletePerformanceIndexEac": 0.0,
				"costSchedulePerformanceIndexPeriod": 0.0,
				"costSchedulePerformanceIndexToDate": 0.0,
				"hoursPerformanceIndexPeriod": 0.0,
				"hoursPerformanceIndexToDate": 0.0,
				"hoursToCompletePerformanceIndexBac": 0.0,
				"hoursToCompletePerformanceIndexEac": 0.0,
				"hoursSchedulePerformanceIndexPeriod": 0.0,
				"hoursSchedulePerformanceIndexToDate": 0.0,
				"_type": "controlAccount"
			},
			"defaultControlElementCategory": {
				"id": 1993,
				"enterpriseId": 13,
				"name": "611120 Partner – Project – IS",
				"unitOfMeasure": null,
				"type": "COST"
			},
			"tags": [],
			"shared": {
				"id": 5028,
				"aconexProjectId": 671089868,
				"code": "JOR ABC-32061Y23M114897",
				"name": "32061Y23M114897-JOHUD - UNHCR",
				"description": null,
				"currency": "JOD",
				"status": "APPROVED",
				"retentionRule": {
					"retentionMethod": "MANUAL",
					"retentionRate": 0.0,
					"dualRetentionRate": 0.0,
					"dualRetentionProgressPercent": 100.0,
					"dualRetentionProgressAmount": 0.0,
					"dualRetentionUnitOfProgress": "PROGRESS_PERCENT",
					"payItemExemptionAllowed": false
				},
				"value": 0.0,
				"currencyFormats": {
					"decimalPlaces": 3,
					"thousandsSeparator": ",",
					"decimalsSeparator": ".",
					"currencySymbol": "د.أ.‏",
					"currencyCode": "JOD",
					"locale": null,
					"prefix": "JOD ",
					"suffix": "",
					"prefixCurrencySymbol": true
				},
				"contractActualsValidationDisabled": false
			},
			"contractTerms": null,
			"contractChangeTerms": null,
			"attachmentType": "CONTRACT",
			"currencyExchangeRate": {
				"id": 2373,
				"enterpriseId": 13,
				"projectId": 73361,
				"currencyCode": "JOD",
				"baseCurrencyCode": "USD",
				"baseCurrency": false,
				"budgetExchangeRate": "1.0",
				"actualsExchangeRate": "1.0",
				"forecastExchangeRate": "1.0"
			},
			"calculatedFields": {
				"Current_Budget": 1225639.9999999798,
				"Original_Budget": 1225639.9999999798
			},
			"manualFields": {},
			"organizationRole": "UPSTREAM",
			"code": null,
			"upstream": true,
			"canEdit": false,
			"canShare": true,
			"isActive": true,
			"isSharedWithPartner": false,
			"isConnected": false,
			"contractDetails": {
				"sharedValue": 0.0,
				"originalAmount": 1225639.9999999798,
				"approvedAmount": 1225639.9999999798,
				"currentAmount": 1225639.9999999798,
				"pendingAmount": 0.0,
				"proceedAmount": 0.0,
				"forecastAmount": 1225639.9999999798,
				"approvedChanges": 0.0,
				"proceedChanges": 0.0,
				"pendingChanges": 0.0,
				"potentialChanges": 0.0,
				"currentCommitments": 0.0,
				"pendingCommitments": 0.0,
				"allCommitments": 0.0,
				"approvedContractActuals": 0.0,
				"pendingContractActuals": 0.0,
				"approvedContractActualsPeriod": 0.0,
				"pendingContractActualsPeriod": 0.0,
				"requestedAmount": 0.0,
				"pendingRetention": 0.0,
				"approvedRetention": 0.0,
				"pendingRetentionReleased": 0.0,
				"approvedRetentionReleased": 0.0,
				"pendingNetAmount": 0.0,
				"approvedNetAmount": 0.0,
				"varianceAmount": 0.0,
				"allCommitmentsThatShouldDrawDownETC": 0.0,
				"allContractActuals": 0.0,
				"allContractActualsCurrentPeriod": 0.0,
				"allContractActualsPreviousPeriods": 0.0,
				"remainingToSpend": 1225639.9999999798,
				"forecastRemainingToSpend": 1225639.9999999798,
				"percentInvoiced": 0.0,
				"allRetention": 0.0,
				"allRetentionReleased": 0.0,
				"outstandingRetention": 0.0
			},
			"projectCurrencyContractDetails": {
				"sharedValue": 0.0,
				"originalAmount": 1225639.9999999798,
				"approvedAmount": 1225639.9999999798,
				"currentAmount": 1225639.9999999798,
				"pendingAmount": 0.0,
				"proceedAmount": 0.0,
				"forecastAmount": 1225639.9999999798,
				"approvedChanges": 0.0,
				"proceedChanges": 0.0,
				"pendingChanges": 0.0,
				"potentialChanges": 0.0,
				"currentCommitments": 0.0,
				"pendingCommitments": 0.0,
				"allCommitments": 0.0,
				"approvedContractActuals": 0.0,
				"pendingContractActuals": 0.0,
				"approvedContractActualsPeriod": 0.0,
				"pendingContractActualsPeriod": 0.0,
				"requestedAmount": 0.0,
				"pendingRetention": 0.0,
				"approvedRetention": 0.0,
				"pendingRetentionReleased": 0.0,
				"approvedRetentionReleased": 0.0,
				"pendingNetAmount": 0.0,
				"approvedNetAmount": 0.0,
				"varianceAmount": 0.0,
				"allCommitmentsThatShouldDrawDownETC": 0.0,
				"allContractActuals": 0.0,
				"allContractActualsCurrentPeriod": 0.0,
				"allContractActualsPreviousPeriods": 0.0,
				"remainingToSpend": 1225639.9999999798,
				"forecastRemainingToSpend": 1225639.9999999798,
				"percentInvoiced": 0.0,
				"allRetention": 0.0,
				"allRetentionReleased": 0.0,
				"outstandingRetention": 0.0
			},
			"initialPayItemCode": null
		}
	],
	"error": null
}