project_id,id,Shared_code,Shared_currency,Contract_Status,Financial Plan,Amendments/Reallocations,Current Financial Plan,Actuals YTD,Remaining to Spend,Percent Invoiced,partnerEnterpriseName,Agreement Name
73361,6889,JOR ABC-32061Y23P062017,USD,APPROVED,32100000.0,-50000.0,32050000.0,4023199.99,28026800.009999998,12.55288608424337,JORDAN RIVER FOUNDATION,32061Y23P062017-JORDAN RIVER FOUNDATION
73361,6967,JOR ABC-32063Y23P184048,USD,APPROVED,62124200.0,0.0,62124200.0,0.0,62124200.0,0.0,ARABIAN MEDICAL RELIEF SOCIETY,32063Y23P184048-ARABIAN MEDICAL RELIEF SOCIETY
73361,8177,JOR ABC-32061Y23M500496,JOD,APPROVED,60000.0,100.0,60100.0,18000.0,42100.0,29.950083194675543,IMMAP FRANCE - JOR,32061Y23M500496-IMMAP FRANCE - JOR
73361,8197,JOR ABC-32061Y23M133367,USD,APPROVED,90000.0,100.0,90100.0,25000.0,65100.0,27.746947835738066,UNDP SubRegional Development Coordinator,32061Y23M133367-UNDP SubRegional Development Coordinator
73361,8201,JOR ABC-32063Y23M010609,JOD,APPROVED,3500000.0,0.0,3500000.0,0.0,3500000.0,0.0,GREEK COUNCIL FOR REFUGEES,32063Y23M010609-GREEK COUNCIL FOR REFUGEES
73361,8415,JOR ABC-32061Y23M029911,JOD,APPROVED,1517902.00000003,0.0,1517902.00000003,0.0,1517902.00000003,0.0,MINISTRY OF PLANNING AND INTER. CO,32061Y23M029911-MINISTRY OF PLANNING AND INTER. CO
73361,8431,JOR ABC-32061Y23M500098,USD,APPROVED,1878.24000001,0.0,1878.24000001,0.0,1878.24000001,0.0,INTERNAT. ORG. FOR MIGRATION - CHE,32061Y23M500098-INTERNAT. ORG. FOR MIGRATION - CHE
73361,8425,JOR ABC-32061Y23M114897,JOD,APPROVED,1225639.9999999797,0.0,1225639.9999999797,0.0,1225639.9999999797,0.0,JOHUD - UNHCR,32061Y23M114897-JOHUD - UNHCR
