Partner Agreement / Contract,Outcome,project_id,id,Code,Output,Financial Plan,Expenditure Location,Amendments / Reallocations,Amendments,Reallocations,Current Financial Plan,Actuals YTD,Remaining to Spend,Approved Changes,Approved Amount,child_id
32061Y23P062017,Instalments,73361,94907,32061Y23P062017/PA,,,,,,,,,,,,
32061Y23P062017,OA8: Well-being,73361,94908,32061Y23P062017/OA8/105/AJL-XXX-LAM-01,"105-VAF surveys, home visits, quarterly panel study and other assessments to track the change in vulnerabilities which inform evidence-based programming and policies. - JOR-AJL-XXX-LAM-01",10700000.0,UVT01-AJL-XXX-LAM-01,0.0,,,10700000.0,887733.3300000001,9812266.67,0.0,10700000.0,94886
32061Y23P062017,OA14: Return,73361,94887,32061Y23P062017/OA14/10M/AJL-XXX-LAM-01,10M-People of Concern receive counselling and information related to returns - JOR-AJL-XXX-LAM-01,10700000.0,UVT01-AJL-XXX-LAM-01,-20000.0,,,10680000.0,1167733.33,9512266.67,-20000.0,10700000.0,94909
32061Y23P062017,OA1: Access/Doc,73361,94910,32061Y23P062017/OA1/100/AJL-XXX-LAM-01,100-Registration and documentation of all People of Concern carried out and supported - JOR-AJL-XXX-LAM-01,10700000.0,UVT01-AJL-XXX-LAM-01,-30000.0,,,10670000.0,1967733.33,8702266.67,-30000.0,10700000.0,94888
32063Y23P184048,Instalments,73361,102002,32063Y23P184048/PA,,,,,,,,,,,,
32063Y23P184048,EA20: External,73361,102003,32063Y23P184048/EA20/10Q/ALB-XXX-LAM-01,"10Q-Highlight stories of refugees and asylum seekers in Jordan, as well as impact of donor contributions, through media and donor briefings, field missions, UNHCR social media and other platforms - JOR-ALB-XXX-LAM-01",55640000.0,UVT01-ALB-XXX-LAM-01,0.0,,,55640000.0,0.0,55640000.0,0.0,55640000.0,102004
32063Y23P184048,OA9: Housing,73361,102005,32063Y23P184048/OA9/106/ALB-XXX-LAM-01,106-Implementation of shelter and Infrastructure (care/maintenance) participatory and Inclusive - JOR-ALB-XXX-LAM-01,599200.0,UVT01-ALB-XXX-LAM-01,0.0,,,599200.0,0.0,599200.0,0.0,599200.0,102006
32063Y23P184048,OA2: Status,73361,102007,32063Y23P184048/OA2/10A/ALB-XXX-LAM-01,"10A-All People of concern who require Refugee Status Determination (RSD) are diligently identified, processed and prioritized according to needs - JOR-ALB-XXX-LAM-01",5885000.0,UVT01-ALB-XXX-LAM-01,0.0,,,5885000.0,0.0,5885000.0,0.0,5885000.0,102008
