First Name,id,Surname,Project,Security Profile,securityProfileId,aconexId
Barzin,3957,AAL- ALJALABI,,,850,671161739
Khalid,3958,ABBAAS,,,850,671161856
Tural,1846,Abbasov,,,1789,671156500
Youssouf,3361,ABDELATIF ABDOULAYE,,,850,671161858
Asim,1992,Abdelras,,,1789,671157288
Halimo,3504,ABDILLAH FARAH,,,850,671165998
Wais,3506,ABDILLAHI RAYALEH,,,850,671166000
Mohammed,3584,Abdirahman,,,850,671164919
Ilkin,3210,ABDIYEV,,,850,671164522
IBRAHIM,2956,ABDOULAYE,,,850,671165866
Selwa,2182,Abdulkadir,,,850,671159800
Abdul,4626,Abdul Majid,,,850,671167575
Emad,3959,ABDUL RAHMAN,,,850,671163526
Mohammed,1963,Abdulmajeed,,,1789,671157304
Efratan,1871,Gizaw Abebe,,,1789,671156525
Kibrom Aberra,3585,MEBRAHTU,,,850,671161859
Bethelhem Alemtsehay,3574,ABERRA,,,850,671161860
Suzane,4111,ABI KHALIL,,,850,671161740
Micah Gyabi Abiuda,3874,MBARI,,,850,671161861
Francois,1969,Abiyingoma,,,1789,671157207
Mavis,4239,ABO,,,850,671161862
Antony Akumu,4160,ABOGI,,,850,671161863
May,4102,ABOUSLEIMAN,,,850,671161864
Marika,3477,Abramova,,,850,671164276
Cinthia,3514,Abreu,,,850,671157424
Mohamed Abdisamad,3803,ABSHIR,,,850,671161865
Morhaf,4198,ABSSI,,,850,671161742
Mamoun,3119,ABUARQUB,,,850,671161867
Salaheldin Mohamed A,3942,ABU ELGASIM,,,850,671161868
Issam,3960,ABUH,,,850,671161869
Ali Taleb Ali,4077,ABU-HANISH,,,850,671161743
Mohamed,1894,Abukhris,,,1789,671156544
Jamal,3898,ABU MUSA,,,850,671161870
Yazan,4199,ABUL-SAMEED,,,850,671161871
Sheima,3961,ABUZINID,,,850,671161872
GREGORY,4240,ACAR,,,850,671161873
Ivan Jesus,3379,ACENDRA VASQUEZ,,,850,671161874
Claudia,3476,ACEVES,,,850,671164177
Jacqueline,2007,Achieng,,,1789,671157324
CLARIS,2947,NEH ACHU,,,850,671165897
Berthe,2991,ADA,,,850,671166339
Lesley,2616,ADAIKALAM,,,1789,671161875
Abdoul-Azize,3305,ADAMOU NADERE,,,850,671161876
Zaid,4078,ADELBY,,,850,671161877
Nastaran,3899,Adelian,,,850,671165778
Akolade Hazan,4386,ADERIBIGBE,,,850,671161878
Irfan,1782,Adil,,,1789,671156606
Soufiane,3772,ADJALI,,,850,671161879
ABDOU,2959,ADO LOUCHE,,,850,671165899
Martha,4404,Adong,,,850,671166025
Koffi Dodzi,3393,ADOSSI,,,850,671161880
Retno,2378,Adriani,,,1789,671160372
Vallari,4689,Agarwal,,,850,671168009
Sumit,4677,Aggarwal,,,850,671168025
Genevieve,4143,AGGOR,,,850,671161881
Hamed,1727,Aghdam,,,850,671156597
Michalis,2708,Agorastakis,,,850,671164029
Noe,4596,AGREDA,,,850,671166844
Ana,4619,AGUILAR,,,850,671166800
Magali,3826,Aguilar,,,850,671157449
Roxana Guadalupe,4296,AGUILAR OROZCO,,,850,671161882
Vincentius,2875,AGUSTA,,,850,671164516
Federico,3515,AGUSTI,,,850,671161883
Juliet,3079,AHANONU,,,850,671166475
Robert,4597,AHEBWA,,,850,671166845
Egor,3499,Agievcev,,,850,671164279
Merita,2741,AHMA,,,1789,671161884
Dost Ahmad,3120,AHMADI,,,850,671161885
Ishfaq,1791,Ahmad,,,1789,671156577
Gayrat,3452,AHMADSHOEV,,,850,671161886
Ahmed,1993,Ahmed,,,1789,671157302
Abdilkadir,4144,AHMED DERIE,,,850,671161887
Hosameldin,3962,AHMED,,,850,671161888
Suleiman,3581,AHMEDIN,,,850,671161889
Nazar Hassan Adam,3943,AHMED,,,850,671161890
Walid,3980,ALMANASSRA,,,850,671161891
Dossou Patrice,3362,AHOUANSOU,,,850,671161892
Florence Efua,3847,AIKINS,,,850,671161893
George,3439,Ailiotis,,,850,671164291
Joseph Okony Ajang,4387,ALLAN,,,850,671161894
Mehreen,4053,AJAZ,,,850,671161895
Lara,2869,AJJAWI,,,850,671164083
Michael,3739,AJWANG,,,850,671161896
Stella,3876,ARIKO AKABWAI,,,850,671161897
Janet,3850,AKALA,,,850,671164892
Levine,4388,AKAMPA,,,850,671161898
Aeko Mary Goretti,4405,AKAREUT,,,850,671161899
Safari,3500,Akariza,,,850,671164298
Yoko,3218,AKASAKA,,,850,671165764
Ahmad Suhail,4480,AKBARI,,,1789,671161900
Ozan,4313,AKDEDE,,,850,671164117
Gulnara,4662,AKHMETOVA,,,850,671167931
Eileen,2999,Akintemi,,,850,671166231
Harun,4327,AKKOZ,,,850,671161902
Andreas Tambe,3025,AKOMBI,,,850,671161903
Akoua Banty Josiane,3397,TANO,,,850,671161904
Sabine,1740,Akpa,,,1789,671156070
Didier,3438,AKPA,,,850,671161905
Doudou Marie,3316,AKPESS,,,850,671161906
Marina,4054,AKSAKALOVA,,,850,671161907
Nafisha,3219,AKTER,,,850,671161908
Waleed Khalid Oraibi,4318,AL-ABRASHI,,,850,671161909
Omar,4465,AL-ABSI,,,850,671161910
Taher Mohammed,4481,ALAIDAROOS,,,850,671161911
Rocio,3016,ALAMILLOS Rocio,,,850,671166346
Fahmi,3963,GUBOURY,,,850,671161912
Muna,4457,FAISAL,,,850,671165827
Ali,3981,AL-ARAJI,,,850,671161913
Musa,4548,AL-ASAD,,,850,671166849
Mazin,4466,ALASNAG,,,850,671161914
Baha,4079,AL-AWADAT,,,850,671161915
Amal Khalid,4122,AL-BEEDH,,,850,671161916
Nivene,4262,ALBERT,,,850,671161917
Silvia,2901,ALBERTINI,,,108,671161918
Thomas,4154,ALBRECHT,,,850,671161919
kylie,2760,AlcobaWright,,,850,671164175
Eiman,4107,ALEINAWI,,,850,671161920
Birhanu,1814,Alemayehu,,,1789,671156582
Yenny Viviana,3369,ALFONSO PASTRANA,,,850,671161922
Ana Silvia,2904,ALFONZO,,,850,671166291
Wasim,3453,ALHAMMUD,,,850,671161923
Saleem,4482,ALHASHEDI,,,850,671161924
MOUSSA,2961,ALHASSANE,,,850,671165878
Adam,4315,ALI,,,850,671164088
John Opolot,2617,ALIBOSIT,,,1789,671161926
Eric,1735,Ali,,,1789,671156151
Salamat,2563,ALIEVA,,,1789,671161927
Fawaz Moawia Khalil,3944,ALI,,,850,671161928
Refik,3158,ALIKO,,,850,671164531
AnneRose,4389,ALIMO,,,850,671161929
Nadir,2013,Ali,,,1789,671157499
Raafat Nabeel Saleh,4467,ALI,,,850,671161930
Rashad,3519,ALIYEV,,,850,671164176
Hazem,4180,AL-JABER ABO FAKHER,,,850,671161933
Mohammad,4055,ALJEDI,,,850,671161934
Muhammed,4328,ALKADDAH,,,850,671164084
Mai,4080,AL-KARKATLI,,,850,671161935
Maha,3544,ELKASRY,,,850,671161936
Alia,3984,AL-KHATAR-WILLIAMS,,,850,671161937
Farah,4125,EL KHEIR,,,850,671161938
Remi,4200,ALKHOURI,,,850,671161939
Abdulrahman,4468,AL-KUBATI,,,850,671161940
Kouadio Jules,3178,ALLA,,,850,671161941
Kevin James,3501,ALLEN,,,850,671161942
Eddie,3465,ALMILLATEGUI CASTILLO,,,850,671161944
Laura,3563,ALMIRALL DE GISPERT,,,850,671161945
Nizar Ali,4469,AL-MUHYEDIN,,,1789,671161946
Ruba,4181,AL-NAHAWI,,,850,671161947
Suzan Nouradin Ahmad,4470,AL-NAJAR,,,850,671161948
Ossama,4201,ALSABAH,,,850,671161949
Mary,4182,ALSHAHAZEH,,,850,671161950
Abdullah,3503,Al-shaibani,,,850,671164265
Majedah,4056,ALSHOUBAKI,,,850,671161951
Sohrab,2034,Altaf,,,1789,671157512
Kawther,4145,ALTHANI,,,1789,671161952
Kemal,4329,ALTUG,,,850,671161953
Nguuma,2975,Aluka,,,850,671166221
Aluma,4390,YAHAYA,,,850,671161954
Inti,4698,ALVARADO,,,850,671168080
Ana Gabriela,3817,ALVAREZ LUNA,,,850,671161955
Mohammed Feras,3982,ALWATTAR,,,850,671161956
Mohammed,3998,AL-ZERKANI,,,850,671161957
Astrid,2895,AMALIA,,,108,671164515
Menique Louise H.,3302,AMARASINGHE,,,850,671161958
Sediqullah,3121,AMARKHAIL,,,850,671161959
Zohra,3122,AMEEN,,,850,671165009
Maya F.,4471,AMERATUNGA,,,1789,671161960
Love,1885,Amey,,,1789,671156532
Ampurire Aryampa,3852,AMIAS,,,850,671164891
Abdul,3220,AMIN,,,850,671161961
Sayed,4331,AMINI,,,850,671164085
Umed,4217,AMINOV,,,1789,671161962
Amir Jan,3123,AMIRI,,,850,671165010
Feza,3078,AMISI,,,850,671166441
Osee,3363,AMNE,,,850,671161963
Mohammed Mohsen Mohammed,4472,ALI,,,850,671161964
Amu Dauda Samuel,3853,LITA,,,850,671161965
Veronica,2799,ANDRES,,,850,671161966
Horace,4391,ANGUZU,,,850,671161967
Tatyana,1916,Anisimova,,,1789,671156549
Anjum,3269,Zulqarnain,,,1789,671156584
Marine,4702,Marine,,,850,671164696
Sidra,3740,ANWAR,,,850,671161968
Andrew,4392,ANYWAR,,,850,671161969
Patrick Thompson,2914,AOVARE,,,850,671161970
Michele,4644,APALA DONFACK,,,850,671167678
Sebastien,4587,APATITA,,,850,671166751
API,2114,PROD,,,107,671155230
API,1577,UVT,,,107,671155229
Elizabeth Maureen,3877,APIO,,,850,671161971
Mihai,3704,Apostol,,,850,671164217
Alicia,4301,AQUING,,,850,671164934
Abdilahi,3610,ARAB,,,850,671161972
Shigeru,3886,Arai,,,850,671165777
Francesca,4041,ARANCIO,,,850,671161973
Deny Lorena,3380,ARANGO HORTUA,,,850,671161974
Adelina,2817,ARAPAN,,,850,671164357
Farhad,4621,ARBAB,,,850,671167417
Joanna,3520,ARCIUCH,,,850,671164210
Erol,2897,ARDUC,,,1789,671161975
Tarik,3505,ARGAZ,,,850,671164200
Rene,4300,Arguellez,,,850,671164758
Falmata,1794,Ari,,,850,671156609
Mahammad Rizwan,2021,Arif,,,1789,671157509
Maged Ahmed Abdelkader,3879,ARISHA,,,850,671161976
Alexis Antonio,2570,ARIZA ALTAHONA,,,1789,671161977
Andrei,3632,ARJUPIN,,,1789,671161978
Armento,2913,Marika,,,850,671166290
Juan Carlos,3930,ARNAIZ GUIJAS,,,850,671161979
Yurii,2811,ARNAUTOV,,,850,671164358
Charles Michael,3855,AROPMOI,,,850,671161980
Luz,3516,ARPI LANDAZURI,,,850,671161981
Ximena,4297,Arroyo,,,850,671164781
Gokalp,3521,Arslan,,,850,671164283
Kristin,2969,ARTHUR,,,850,671165849
Paolo,3792,ARTINI,,,850,671161982
Nami,4066,Asaka,,,850,671165745
Abbrey,2894,ASAMOAH-DUODU,,,108,671161983
Vanja,3443,ASHKAPOVA,,,850,671164161
Clare,156,Askew,,,1789,671136049
Civan,4332,ASLANDAS,,,850,671164134
Salwa,4095,ASMAT,,,850,671161984
MOUKARAMOU ADECHOLA,2967,ASSANI,,,850,671165862
Carla,4042,ASSISANI,,,850,671161986
Isabelle,3409,ASSOUAN,,,850,671161987
Marat,4601,ATAMURADOV,,,850,671166117
Lina,2586,DEIRATANY,,,1789,671161988
Karim,3711,ATASSI,,,850,671161989
Pierre,3410,ATCHOM,,,850,671161990
Said Wahid,3124,ATEF,,,850,671161991
Margaret Ann,3613,ATIENO,,,850,671161992
Lindsey,3496,ATIENZA,,,1789,671166093
Dorottya,2316,ATOL,,,850,671160380
kiri,4718,Atri,,,850,671164699
Henri Serge,3255,ATSOMAUTSY ENOUMECK,,,850,671161993
Mehmet,2889,ATTAROGLU,,,850,671164122
Domkpo Fafa Olivier,3022,ATTIDZAH,,,850,671161994
Moureen,4393,ATUGONZA,,,850,671161995
Anna,4123,AUDERE,,,850,671164539
Lu Lu,3257,AUNG,,,850,671161996
Mya Nandar,3964,AUNG,,,850,671161997
Victoria,3839,Avalos,,,850,671157425
Christine,2017,Awanga,,,1789,671157504
Jacquelyn Awino,4339,OGWAN G,,,850,671161998
Yin,1342,Aye,,,1789,671152267
Godfrey,4406,Ayebale,,,850,671166026
Rachael,1997,Aye,,,1789,671157319
Jamila,4423,AYOBI,,,1789,671161999
Elie,3442,AYOUB,,,850,671162000
Joelle,1351,Ayoub,,,1789,671152253
Mohammad,4202,AYOUB,,,850,671162002
Zeynep,4333,AYRANCI,,,850,671164106
Elif,4334,AY,,,850,671164076
Nasir,3454,AZAM,,,850,671162003
Kahina,4336,AZDAOU,,,850,671164087
Kaiwan,4008,AZIZ,,,850,671162004
Maurice,3310,AZONNANKPO,,,850,671162005
Md.,1764,Alam,,,850,671156610
Kung,1781,Anamarn,,,850,671156598
Jean-Mathurin,2990,BABA,,,850,671166337
Mahamat,3013,BABA,,,850,671166338
Biljana,3232,BABIC,,,850,671164472
Oksana,4424,Babich,,,1789,671163864
Abdulelah,4341,BABIKIR,,,850,671164125
Irene,2983,Babu,,,850,671166223
Michael,1998,Babu,,,1789,671157526
Monica,3880,Baburey,,,850,671164893
John,3029,BACIYOLE,,,850,671165807
Abdifatah,1962,Badi,,,1789,671157301
Baron,3058,Badibanga,,,850,671156640
Marion,2390,Badot,,,1789,671160577
George,3646,BADURASHVILI,,,850,671162007
Ali Hussein Mohammed Ali,4011,BAGHDADI,,,850,671162008
Elmar,4358,BAGIROV,,,850,671165121
John Majaliwa,4592,BAGUMA,,,850,671166213
Fatoumata,1818,Bah,,,850,671156651
Algassimou,2916,BAH,,,850,671165889
Mamadou Cellou,3364,BAH,,,850,671162009
Ayikouele Josette,3764,BAHUN-WILSON,,,850,671162010
Mensur,3233,BAJRAMSPAHIC,,,850,671164475
Mustafa,3965,BAKHIT,,,850,671162011
Aicha,3311,BAKOUAN GUIRO,,,850,671162012
Susheela,4164,BALASUNDARAM,,,850,671162013
Mamadou Dian,4096,BALDE,,,850,671162014
Roger,3856,Balyamuj,,,850,671164898
Boubacar,3731,BAMBA,,,850,671162015
Philippe,3045,BAMBARA,,,850,671165812
Niouma,4271,Bâ,,,850,671162016
Bansadja,2921,Banafai,,,850,671166145
Keshani,3936,bandara,,,1789,671156628
Ivan,3773,Banjalic,,,850,671163116
Roland,3799,Bank,,,850,671165820
Leon,2009,Banks,,,1789,671157320
Saira,3435,BANO,,,850,671162017
Anes,4473,BA RAGAA,,,850,671162019
Zana,2666,BARAKOVAC,,,850,671163973
Robert,3882,BARASA,,,850,671164894
Ruben,3765,BARBADO SANCHEZ DE MOLINA,,,850,671162020
Zarlasht,4044,BAREK,,,850,671162022
Mohammad Hamed,2606,BAREKZAI,,,850,671162023
Hans George,4006,BARITT,,,850,671162024
Joselin,4304,Barja,,,850,671164790
Reem,4203,BARJOUD,,,850,671162025
Maria Eliana,1353,Barona,,,1789,671152257
Ahmed,1988,Barre,,,1789,671157238
Jose,3827,Barrena,,,850,671158456
Belen,2815,Barrera,,,850,671164756
Carlo,170,Barrientos,,,1789,671136284
Abassi,3507,BARRY,,,850,671165994
Alpha Oumar,3306,BARRY,,,850,671162026
Kristine,3207,BARSEGHYAN,,,850,671162027
Dominik,4081,BARTSCH,,,850,671162028
POUSHALI,3221,BARUA,,,850,671164863
Phiona,4407,BARUNGI,,,850,671162029
Egor,2670,BASALYGA,,,1789,671164000
Elssy,4183,BASHAYANI,,,850,671162030
Ibrahim,3945,IBRAHIM,,,850,671162031
Bashokwire Deo,1742,Bisimwa,,,1789,671156129
Augustin,4272,NTWALI BASHWIRA,,,850,671162032
Georgette,3766,BASSENE-MENDY,,,850,671162033
Giovanni,4433,BASSU,,,850,671162034
Elizabeth,3517,Bastidas,,,850,671157416
Rasha,3534,Batarseh,,,850,671165083
Mwemezi Paul,4222,BATUNGI,,,850,671162035
Marco,4538,BAUMGARTNER,,,850,671166802
Mauricio,4638,BAUTISTA,,,850,671167426
Milanka,2743,BAZDAR,,,850,671164067
Danielle,2751,Beasley,,,850,671164195
MICHELLE,2398,BEATO RODRIGUEZ,,,850,671160558
Christophe,4445,Beau,,,850,671163862
Ani,4013,BEDROSIAN,,,850,671162036
Olivier Guillaume E.,2997,BEER,,,850,671162037
James,2974,Beetseh,,,850,671166219
Helena,3866,BEHR,,,850,671160377
Samuel,4684,Bekayo,,,850,671168017
Kavita,3185,BELANI,,,850,671162039
Madhav Raj,3436,BELBASE,,,850,671162040
Emile,3837,BELEM,,,850,671162041
Anna,2166,Belica,,,850,671159789
Diana,1354,Beltran,,,1789,671152258
Karim Anisse,2745,BENAMAR,,,850,671162042
Wahid,3038,BEN AMOR,,,850,671162043
Mira,3179,BENCHABANE,,,850,671162044
Cyprien,2320,BENDERA,,,850,671160384
Anastasia,2718,Benekou,,,850,671164025
Kristina,1862,Benic Belavic,,,1789,671156511
Cristian Camilo,3381,BENITEZ PALACIO,,,850,671162045
Souliman,2640,BEN LAMINE,,,1789,671162046
Patrick,1714,Benneh,,,850,671156141
Catty Birgit,4007,BENNET SATTLER,,,850,671162047
Mauro,3489,Bensimon,,,850,671163658
Aondoapine,3328,BER,,,850,671162048
Teuta,2572,BERBERI,,,1789,671162049
Robert,1377,Berenyi,,,72,671153455
MARIA,2384,BERES,,,850,671160547
Laura Juliana,3370,BERNAL ALJURE,,,850,671162051
Samantha,2374,BERNASOVSKA,,,850,671160412
Tatiana,3724,BERSHACHEVSKAYA,,,850,671164480
Serge,3756,BERTHOMIEU,,,850,671162052
Michael Hope,4408,BETAHOKI,,,850,671162053
Jean-Nicolas Marc F.,4014,BEUZE,,,850,671162054
Chandu,1759,Bhandari,,,1789,671156600
Amandeep,1771,Bhatia,,,1789,671156627
Pankaja,2569,BHATTARAI,,,1789,671162055
Md. Arafat Iqbal,3193,BHUYAN,,,850,671162056
Anita,4344,BIANCHIA,,,850,671164141
MUSONGECHI,4283,BIENFAIT,,,850,671162057
Bihangire Mugo Didan,3614,AKIIKI,,,850,671162058
Celine,3732,BIJEJE,,,1789,671162059
Irina,1793,Bilyalova,,,1789,671156626
Aisha,4082,Bino,,,1789,671139824
Paolo,3509,Biondi,,,850,671164239
Iurie,2832,BIRSAN,,,850,671164359
Axel,3966,BISSCHOP,,,850,671162060
Hugues,2663,BISSOT,,,1789,671162061
Anne,4612,BITNER,,,850,671166797
Glauco,1829,Bittencourt,,,1789,671156333
Jimmy,3623,TUMUSIIME,,,850,671162062
Anne-Lyse,3741,BIZINDAVYI,,,850,671162063
Lada,1874,Blagaic,,,1789,671156512
Blaise,3035,KIBONGE,,,850,671166435
Bertrand,2834,BLANC,,,850,671164362
Elena,1914,Blanuta,,,1789,671156547
Paulo,3510,Blawat,,,850,671164251
Viktoriia,3522,Blikhovska,,,850,671164247
Farrukh,4238,Boev,,,1789,671156625
Dereje,3616,BOGALE DABA,,,850,671162064
Martina,2818,BOGDEVA,,,850,671164360
John,3032,BOGEME,,,850,671166431
Marie Angelique,3347,BOISSY,,,850,671162065
Izabella,1632,Boka,,,850,671154210
Ousmane,1817,Bokoum,,,850,671156650
Blaise,3757,BOKUNDI,,,850,671162066
Serge Armand,3082,BOLAM,,,850,671166549
Lydia Maria,2701,Bolani,,,850,671164031
Pappy,3006,BOLOKO,,,850,671166329
Francesca,2819,BONELLI,,,850,671162067
Victor,4628,BONOGO,,,1789,671167702
Vanessa,2833,BORDIN,,,850,671164361
Lauren,4146,Borg,,,850,671167230
Martina,2658,Bosak,,,850,671163989
Medesse,3062,BOSSEDE,,,850,671162068
Asma,4319,BOUAZIZ,,,1789,671162069
Jean Yves,3239,BOUCHARDY,,,850,671162070
Philippe,3321,BOUDA,,,850,671162071
Susana,3508,BOUDON,,,850,671162072
Leeon,4039,BOUJO,,,850,671162073
Mahdjoub,3170,BOULANOUAR,,,850,671162074
Alistair Alan,3171,BOULTON,,,850,671162075
Ekin,2872,BOZKURT,,,850,671162076
Kalman,3867,BOZZAY,,,850,671162077
Ivo,4643,BRANDAU,,,850,671167677
Jorunn,2746,Brandvoll,,,850,671164070
Ljubinka,3444,BRASHNARSKA,,,850,671164144
Dorra,2863,BRIKI KILICASLAN,,,850,671162078
Matthew Harris,3371,BROOK,,,850,671162079
Elisabetta,3985,BRUMAT,,,850,671162080
Adriana,3372,BUCHELLI,,,850,671162081
tala,4599,BUDZISZEWSKI,,,850,671166779
Laura,3023,BUFFONI,,,850,671162082
Marcelle,1880,Bugre Zanya,,,1789,671156524
Julian,3493,Butiron,,,1789,671157432
Abdulrahman,2979,BUKAR,,,850,671165852
Elfe,4364,BULUC,,,850,671164127
Stephen,4009,Bunce,,,850,671164704
Tatjana,3425,BUNDALESKA,,,850,671162083
Cristina,3445,BUNEA,,,850,671164133
FANNI,2381,BUNEVACZ,,,850,671160542
Nancy,1878,Buob,,,1789,671156344
Carmen,3382,BURBANO VALLEJO,,,850,671162084
Mihaita,3705,Burghelea,,,850,671164225
Lamees Anwar,4474,BURHAN,,,850,671162085
Tetiana,2577,BURKAT,,,1789,671162086
Filippo,3511,BUSCONI RICCI ODDI,,,850,671164193
Nasser Naxos,3037,BWENGE,,,850,671162087
Immaculate,4394,Byaruhanga,,,850,671166014
Felicia,3524,Byrne,,,850,671164264
Diogo,3526,SALEMA DA COSTA CABRAL,,,850,671164191
Jorge Luis,2813,CABRERA MEJIA,,,850,671162089
Christian Camilo,3383,Cagua,,,850,671162090
Pedro,3268,CALDEIRA DO COUTO E SILVA,,,850,671162091
Sofia Cristina,2555,CALDERON TORRES,,,1789,671162092
Pierre,4609,CALLENS,,,850,671166791
Aminatou,3030,CAMARA,,,850,671165809
Pierre,3675,CAMARA,,,850,671162093
Carlos,3828,Canales,,,850,671157445
Emilio,4437,CANDIA,,,850,671162094
Monica,3565,TSE CANDIDO,,,850,671162095
Tayyar Sukru,4010,CANSIZOGLU,,,850,671162097
Carlos,3466,Capunay,,,850,671157410
Viola,144,Caracciolo,,,1789,671135778
Chiara,2689,CARDOLETTI,,,850,671162098
Sofia,4306,Cardona,,,850,671164778
Lilly,3742,Carlisle,,,850,671165423
Wellington,3725,CARNEIRO,,,850,671164477
Monica Patricia,3373,CARRERO TELLEZ,,,850,671162099
Christian Xavier,3472,CARRILLO BUSTAMANTE,,,850,671162100
Ann-Marie,171,Carroll,,,850,671136283
Daniel,3830,Castanheira,,,850,671163422
Bernadette Raymonde,4012,CASTEL,,,850,671162101
Astrid,3547,castelein,,,850,671164243
Diana,4324,Castillo,,,850,671164759
Jonathan Alfonso,4310,CASTILLO MARTINEZ,,,850,671162102
Armando,1378,Castro Figueredo,,,72,671149354
Siriana,3374,Castro,,,850,671157433
Andrei,2820,CAZACU,,,850,671164363
Sabina,2677,CEJOVIC,,,850,671163967
Andres Eduardo,3843,CELIS NEIRA,,,850,671162103
Rebeca,3356,CENALMOR-REJAS,,,850,671162104
Karen,3474,CEPEDA,,,850,671166096
Rosalina,3467,Cermeño,,,850,671164933
Gaiane,3794,CHAKHARIAN,,,850,671162107
Samuel Armstrong,3270,CHAKWERA,,,850,671162108
Janeth,4493,CHAMBO,,,850,671166075
Ivan,3211,CHARNETSKI,,,850,671164518
Tui,4263,Chatwanichkul,,,850,671156615
Blessing,1789,Chaumba,,,1789,671156572
Jad,4126,CHEHWAN,,,850,671162109
Frankie,1392,Chen,,,1789,671153444
Zahra,3172,CHENNI,,,850,671162111
Tsedenya,3617,Cherinet,,,850,671158367
Iuliia,2040,Cheromukhina,,,850,671158348
Agnes,1823,Cherono,,,1789,671156849
Felix,1732,Chick Tah,,,1789,671156148
Emmanuel,3066,CHIDENDE NYAKASANE,,,850,671166552
Pride,1757,Chifodya,,,1789,671156594
Yolanda,4494,CHILIMANZI,,,850,671166080
Kennedy,3807,CHIMSORO,,,850,671162113
Jorge,3416,CHINCHILLA BENAVIDES,,,850,671162114
Andrew,4223,CHINGOLE,,,850,671166057
Justin,1744,Chiragane,,,1789,671156132
Jaison,4500,CHIRESHE,,,850,671162115
Akubar,4409,CHIRIGA,,,850,671162116
Cecilia,1892,Chirila,,,1789,671156529
Tinashe,4501,CHITATE,,,850,671166079
Trivies,4495,CHITIGA,,,850,671166088
Malgorzata,3559,Chmielnik,,,850,671164259
Barbara,3550,Chmielowska,,,850,671164249
Jisun,4100,Choi,,,850,671165784
Woochang,4120,Choi,,,850,671165838
Zofia,3551,Chromicka,,,850,671164304
Michal,3562,Chrzastek,,,850,671164252
Jennifer,1986,Chuwa,,,1789,671157230
Daniela Carmela,4345,CICCHELLA,,,850,671162118
Igor,3859,CIOBANU,,,850,671162119
Bouyagui,4284,CISSOKO,,,850,671162120
Diana,2603,CIUBOTARU,,,1789,671162121
Mauro,4303,CLERICI,,,850,671162122
Irene,3552,COELLO COLLADA,,,850,671164202
Faye Donna,3223,COGGINS,,,850,671162123
Francesca,4016,COLONI,,,850,671162124
Cecilia,2005,Coly,,,1789,671157327
Edu,4562,COMPTE,,,850,671166808
BABA,2952,CONDE FODE,,,850,671165874
Jose Alvin,2578,GONZAGA,,,1789,671162290
Michelle,4690,Cooney,,,850,671168014
Arianna,3203,COPPERI,,,850,671162125
Donna,2668,CORCORAN,,,850,671163998
Relson,3869,Cordero,,,850,671153438
Jeanne,1726,Coreke,,,1789,671156147
Steven,4017,CORLISS,,,850,671162126
Gabriela,4696,CORTINA,,,850,671168081
Tanita,2747,Cotarcea,,,850,671164168
Anita Gabrielle Ahlimba,3294,COUAOZOTTI,,,850,671162127
Comlan Messan Oloufade,3173,COUDORO,,,850,671162128
Julia,2903,Cox,,,850,671166155
Mary,1849,Germaine Cranfield,,,1789,671156503
Xavier,3779,CREACH,,,850,671162129
Matthew,4395,CRENTSIL,,,850,671162130
Mathilde,3718,CREPIN,,,1789,671162131
Nubia,4700,CRISOSTOMO,,,850,671168078
Rodica,1912,Cristea,,,1789,671156543
Marlene,3553,Escobar,,,850,671159520
Arhil Paulette,4325,CRUZ HINOJOSA,,,850,671162132
Maurilio Roberto,3542,CRUZ NUNEZ,,,850,671162133
Neven,4525,CRVENKOVIC,,,850,671166782
Lisa,4346,CUDJOE,,,850,671164142
Margaretha Hubertine,2908,CUIJPERS,,,850,671162134
Andrea Gabriela,2821,CUISANA PERALTA,,,850,671164364
Nelia,3251,Cumbe,,,850,671156780
Elise,3987,CURRIE-ROBERTS,,,850,671162135
Oana,2356,CURTISS,,,850,671160426
Alexandra,2851,CUZNETOVA,,,850,671164468
Milica,1866,Cvetkovic,,,1789,671156519
Raphael,1796,Chimenya,,,850,671156565
Sie,3322,DA,,,850,671162136
SAMAH,4083,AL DABBAS,,,850,671162137
Marcin,3564,Dabrowski,,,850,671164270
Georgios,3802,DAFNIS,,,850,671162138
C. Georges,3027,DAGBELOU,,,850,671162139
Kpehi Guy Rene,3028,DAGBO,,,850,671162140
Marta,2732,Dagosto,,,850,671164043
Adan,1729,Dakane,,,1789,671156601
Beste,4347,DALMIS,,,850,671164098
Gianluca,1869,D'amelio,,,1789,671156522
Hamida,3174,DAOUDI,,,1789,671162141
Rami,3566,Daqaq,,,850,671164290
Jonathan,2976,Darko,,,850,671166224
Karam,4326,Darwish,,,850,671164765
Rubel,3224,DAS,,,850,671162142
Mohammed Sharafeldin,3946,DAW ELBIET,,,850,671162143
Daniel,4613,DÍAZ,,,850,671166798
Benjamin,4701,DE BARROS,,,850,671168076
Andrea,2695,Debonis,,,850,671164033
Rima,4584,DEBSI,,,850,671166119
Indira,2665,DEDIC,,,850,671163971
Mesfin,4162,DEGEFU,,,850,671162144
Brice,3365,DEGLA,,,850,671162145
Marlene,3468,De Gomez,,,850,671157421
Brenda,4314,De Hoyos,,,850,671157084
Kwabena Offei,3126,DEI,,,850,671162146
Rodrigo,3858,DE LA BARRA QUINTANA,,,850,671162147
Vic,1770,Cruz,,,1789,671156623
Inge,3883,DE LANGHE,,,850,671162148
Caroline,3245,DELCROIX,,,850,671162149
Alejandro,2930,DE LEON,,,850,671166285
Patricia,3901,DELIS-GOMEZ,,,850,671162152
Michael J.,4057,DELL' AMICO,,,850,671162153
Roberto,3931,Dellanza,,,1789,671140466
Nemadjilem Doumgoto,4669,Dembaye,,,850,671168019
Martin,3175,DE OLIVEIRA SANTOS,,,850,671162154
Achille,3348,DEOUNOUDJI,,,850,671162155
Frederic,1970,Derikoye,,,850,671157208
Shant,4316,Dermegerditchian,,,850,671164760
Suenanica Anne,2835,DE ROZARIO,,,850,671164365
Giuseppe,4251,DE VINCENTIIS,,,850,671162157
Geraud,4264,DEVRED,,,850,671162158
Hugo,2859,DE VRIES,,,850,671164466
Sivanka,4185,DHANAPALA,,,850,671162159
Jean-Mick Mwisamba,3043,DHEMBU,,,850,671162160
Mvuama,4694,Diakabana,,,850,671168038
Marieme,3265,DIAKHATE,,,850,671162161
El Hassen,4285,DIALLO,,,850,671162162
Mamadou,1716,Diall0,,,850,671156152
Nene Taibou Cherif,2942,DIALLO,,,850,671165890
Ibrahima,3390,DIANE,,,850,671162163
Dedousis,2716,Diaourtas,,,850,671164018
Abdoulaye,3118,DIARRA,,,850,671156898
Fatoumata,3743,DIAWARA,,,850,671162164
Rebeca,3395,Calderon,,,850,671157419
Guillermo,4330,Diaz Ordaz,,,850,671164782
Ndeye Aissatou Masseck,3758,NDIAYE,,,850,671162165
Christian,3494,DIESTRA BULNES,,,850,671162166
Angele Marie P.,3411,DIKONGUE-ATANGANA,,,850,671162167
Dillah,3366,KOULA-HODOUM,,,850,671162168
MOHAMMAD,4127,DIMASSI,,,850,671162169
Gjorgji,3426,DIMESKI,,,1789,671162170
Petar,3446,DIMITROV,,,850,671164160
Anica,1889,Dimovska,,,1789,671156537
Patrice Ngor,2598,DIOH,,,1789,671162171
Awa,3778,DIOP,,,850,671162172
Mouhamed,3638,DIOUM,,,850,671162173
NDJEE DIPANDA,2966,ALPHONSE,,,850,671165863
Aleksandar,1896,Disovic,,,1789,671156550
Yolande Clementine,3721,DITEWIG,,,1789,671162174
Deepa,3303,DIXIT,,,850,671162175
Djarlaouna Germain,3307,DJALDI TABDI,,,850,671162176
Djam- mohay,3061,FASSIRI,,,850,671162179
Elena,3427,DJARTOVSKA CARANOVIKJ,,,850,671164158
Amadou,3308,DJIBO,,,850,671162180
Djimadoum,4683,Tanel Sylvain,,,850,671168016
Angele,3860,DJOHOSSOU,,,850,671162181
Gozde,2873,DOGAN,,,850,671162182
Ajit,4687,Dogra,,,850,671168006
Anne,4510,DOLAN,,,850,671166783
Elif,4368,DONMEZ,,,850,671164124
Rinzin,3455,DORJEE,,,850,671162183
Komi Mawuli,4299,DOSSOU-DJIGAH,,,850,671162184
Simona,2329,DOSTALOVA,,,850,671160414
Mouayad,4186,DOUM,,,850,671162185
Christian,2924,DOUNG ZANG,,,850,671165802
Salif,2958,DOURHAMANE,,,1789,671165893
Amine,3246,DRISSI-SLIMANI,,,850,671162186
Kateryna,4446,DROBOTINA,,,1789,671162187
Elena,1915,Drozdova,,,1789,671156548
Vildan,3428,DRPLJANIN,,,850,671164164
Ali Omar,2860,DUALE,,,850,671162188
Bua Titus Saverio,3885,DUKU,,,850,671162189
Lovemore,4496,DUMBA,,,850,671166087
Katherine,4224,DUNN,,,850,671166055
Juoi Teat,3857,DOUTH,,,850,671164884
Brou Rose Delima,3780,DUTERTRE,,,850,671162190
Mathias,3988,Dutour,,,1789,671153433
Rama,4691,Dwivedi,,,850,671168020
Kofi Ohenenana,4488,DWOMO,,,850,671162191
Dagem,3611,ASSEFA,,,850,671161985
Mohammad,3127,EAMAL,,,850,671162192
Patrick Michael,3989,EBA,,,850,671162193
Mariana,4317,Echandi,,,850,671164792
Mario,2515,Echeverria,,,1789,671160681
Edet,3329,EDET,,,850,671162194
Adrian,3187,EDWARDS,,,850,671162195
Richard,2985,EFFIONG,,,850,671166229
Zarin,3902,EIZADYAR,,,850,671162196
William,4602,WILLIAM,,,850,671166756
Apollo,1347,Ekelot,,,1789,671152533
Fufor Monique,3862,EKOKO,,,850,671162197
Achille,4273,EKOUE,,,850,671162198
Marie-Claire,2613,EKUTSHU,,,1789,671162199
Gloria,3864,EKUYOA,,,850,671162200
Musa Hilal Elbadauy,3967,ABDALLA,,,850,671162201
Tarik,4286,EL FAOUZ,,,850,671162202
Mohamed,3567,Elgadhafi,,,850,671164254
YOUSRA,2960,EL GHORAYEB,,,850,671165900
Souleymane,3295,ELHADJI AMADOU,,,850,671162203
Malak,4128,EL HASSAN,,,850,671162204
Intisar,4019,ELIAS,,,850,671162205
Alexander,2702,Eliopoulos,,,850,671164022
Elisha Cornel,3624,JUMA,,,850,671162206
Agnetche,3554,Ellingsen,,,850,671164284
Robin R.,4020,ELLIS,,,850,671162207
Ann Monica,4022,ENCONTRE,,,850,671162209
Brigitte,3333,MUKANGA-ENO,,,850,671162210
Hala,4187,ENTABI,,,850,671162211
Martin,1763,Epua,,,1789,671156608
Merve,2865,ERGENC,,,850,671164132
Adrian,2749,Ermurache,,,850,671164185
Nikola,3456,ERRINGTON,,,850,671162212
Zehra Gizem,4369,ERTURK,,,850,671162213
Tugce,2891,ERUYDAS,,,850,671164136
Saida,4188,ESPIL,,,850,671162214
Claudia,3861,Espinosa,,,850,671157451
Maria Fernanda,3932,ESPUGA MENDEZ,,,850,671162215
Venus,3375,ESTRADA RESTREPO,,,850,671162216
Edith Catania,4338,ESTRADA,,,850,671162217
Nancy,4340,Estrada,,,850,671164775
Nadia,3545,ETMAN,,,850,671162218
Hovig,4583,ETYEMEZIAN,,,850,671166838
Richard,4447,Evans,,,1789,671163863
Caroline Elizabeth,4274,EYSTER,,,850,671162219
Caroline Joy,3990,EZEBUNWO,,,850,671162220
Eranpeni,4688,Ezung,,,850,671168007
Rafa,4129,EZZEDDEIN,,,850,671162221
Karolina,3555,FABIRKIEWICZ,,,850,671164212
Ahmed Baba,4497,FALL,,,850,671162222
Mohamed,2939,Fall,,,850,671166299
Amy,4580,FALLON,,,850,671166834
Abdirashid,1995,Farah,,,1789,671157306
Mohamed Abdullahi,3819,FARAH,,,850,671162223
Alejandra,2798,Farfán,,,850,671156350
Reka Zsuzsanna,2565,FARKAS,,,1789,671162224
Ahmed Farouk,3176,BABIKER,,,1789,671162225
Nahil,4130,FARRAN,,,850,671162226
Aziz,4320,FATHALLAH,,,1789,671162227
Tatiana,4015,FEDORCHENKO,,,850,671162228
Gerardo,2906,FELIX ESCALANTE,,,850,671162229
Olga,2680,FEMIC,,,850,671163969
Lino,1813,Ferrao,,,1789,671156581
CAROLINA,2370,FERRARI,,,850,671160548
Monica,2866,FERRARI,,,850,671162230
Sherif Gehad,2560,FETOUH,,,1789,671162231
Ak Fikir,3625,Mihretu,,,850,671164923
Casilda,2615,GIL DE SANTIVANES FINAT,,,1789,671162232
Alemtsehay,3583,FISSEHA,,,850,671162233
Enma,4558,FLORES,,,850,671166803
Daniela,3568,Flores,,,850,671159519
Giulia,2726,Foghin,,,850,671164050
Ylva Kristina,3160,FOLKELIUS,,,850,671162234
Michelle Jia-Eyin,4166,FONG,,,850,671162235
Camille,3342,FONGNI,,,850,671162236
Susan,3249,MACHADO FONTES ADORNO,,,850,671162237
Jockshan,4489,FORYOH,,,850,671162238
Federico,2709,Fossi,,,850,671164039
Nuria,2579,FOUZ PEREZ,,,1789,671162239
Yousuf Fadul Faragallah,3947,HAMDI,,,850,671162240
Gyula,2339,FRANCIA,,,850,671160392
Ylenia,3706,Franco,,,850,671164233
Johan Christoffer,3795,FRANTZ,,,850,671162241
Ivo,4131,FREIJSEN,,,850,671162242
Kwadwo Oware,3639,Frempong,,,850,671164920
Mariasilvia,4335,Froio,,,850,671164762
Tomoko,4505,FUKUMURA,,,1789,671166777
Maria,3570,Funes,,,850,671157428
Kemlin Elizabeth,3796,FURLEY,,,850,671162244
Ahmad,4172,Furmolly,,,850,671167234
Atsuko,4252,FURUKAWA,,,850,671162246
Urara,4545,FURUKAWA,,,850,671166821
Margherita,2734,Gabriele,,,850,671164053
Lucie,2660,GAGNE,,,850,671162247
Innocent,3759,GAHUNGA NIYONSENGA,,,850,671162248
Sergiu,4678,Gaina,,,850,671167927
Taha,4475,GAIRAMAN,,,850,671162249
Milan,2377,GAL,,,850,671160407
Barbara,4614,GALA,,,850,671166799
Gamaliel,2989,GALADIMA,,,850,671166334
Charalampos,2186,Galanopoulos,,,850,671159804
Andrew,4543,GALEA,,,850,671166817
Marija,1893,Galevska,,,1789,671156536
Aneta,3447,GALIC,,,850,671164129
Ana Lorena,4337,Galindo,,,850,671164748
Gregory,4461,GALLARDO,,,850,671162250
Joel,1890,Gallardo,,,850,671156540
Juliette Marie,4241,GALLOU,,,850,671162251
Melissa,4699,GAMARRA,,,850,671168079
Elisabeth Marguerite Andree,3020,GAMBERT,,,850,671166351
Martha Lucia,3376,GAMEZ ABRIL,,,850,671162252
Anwar,4476,GARAD,,,850,671162253
Maria,1340,Garaki,,,1789,671152264
Anne-Kirsten,3733,GARBE-MORLANG,,,850,671162254
Daniel,4342,GarcIa,,,850,671164768
Ornella Carolina,4462,GARCIA CARPIO,,,850,671162255
Miguel,3469,GARCIA DE PAREDES SOTO,,,850,671162256
Monserrat,4359,Garcia,,,850,671164784
Gonzalo Emmanuel,3823,GARCIA STEEMAN,,,850,671162257
Justine,4343,Garcia,,,850,671164777
Garcia,2938,Avishad,,,850,671166295
Luz Adriana,3557,GARCIA SALAZAR,,,850,671162258
MARINA,2395,GARCIA,,,850,671160554
Natalia,4360,García Rodríguez,,,850,671164749
Maria del Carmen,2373,GARCIA DE ARANA,,,850,671160413
Rosa Elizabeth,4361,Garcia,,,850,671164779
Jean-Marie,4024,GARELLI,,,850,671162260
Gamuchirai,3275,Garicai,,,1789,671157296
Chiara,2727,Garri,,,850,671164051
gent,2755,GASHI,,,850,671164072
Angelot,3744,GASHUMBA,,,850,671162261
Chantal,1350,Gatama,,,1789,671152251
Julie,3569,Gaunt,,,850,671164295
Anna,4103,GAUNT,,,850,671162262
Cheikh,4275,GAYE,,,850,671162263
Assouan,1805,Gbesso,,,1789,671156638
Haile,3626,Gebrehiwet,,,850,671165032
Samson,3986,GEBREHIWOT,,,850,671162264
Gizachew Yirtaw,3627,GEBREWUBET,,,850,671162265
Ayehubizu,3640,GEDEFAW MENGESHA,,,850,671162266
Berhanu,3628,GENETI,,,850,671162267
Robert,142,Genninges,,,72,671133941
Mitre,2674,GEORGIEV,,,850,671163985
Athanasia,4287,GEORGOPOULOU,,,850,671162268
Nolwenn,2684,GERNIGON,,,850,671163977
Michael,1393,Gerrard,,,1789,671153447
Mohammed,4027,Ghafour,,,850,671164702
Faisal,4189,GHAIAH,,,850,671162269
Zouaouia,3180,GHALIOUI,,,850,671162270
Wala M.W.A.,2620,ABUGHARBIEH,,,850,671162272
Saeed,4190,GHATA,,,850,671162273
Alexandru,2836,GHERCIU,,,1789,671162274
Alexandra-Maria,2750,Ghioc,,,850,671164187
Ziad,4112,GHNEIM,,,850,671162275
Stefani,3423,GIEVSKA,,,1789,671162277
Emmanuel,3296,GIGNAC,,,850,671162278
Syed Saad Zia,3808,GILANI,,,850,671162279
Carlo,1917,Giordano,,,1789,671156553
Mireille,3377,GIRARD,,,850,671162280
Abiy Girma,3128,BABU,,,850,671162281
Seble,3641,Girma,,,850,671158368
Annet,3252,Giryang,,,1789,671157295
Geraldine,1396,Gittons,,,1789,671149328
Erleta,2744,GJEJLANI KARAXHIU,,,850,671164071
Eirini,2358,GKATSI,,,850,671160420
Inna,3903,GLADKOVA,,,850,671162283
Sophia,3129,GLAZUNOVA,,,850,671162284
PEPIN,2953,GLELE,,,850,671165872
Adela,2837,GLODEANU,,,850,671164366
Massimo,2728,Gnone,,,850,671164052
Oukpane Abdouraouf,3781,GNON-KONDE,,,850,671162285
Brenda,3712,GODDARD ATLI,,,850,671162286
Sylwia,3571,Godlewska,,,850,671164267
Elif,4372,GOGUS,,,850,671164093
Muhammad Sohail,4477,GOHAR,,,850,671162287
Avery,2036,Gois,,,1789,671157514
Beaute Adelaide,3359,GOMA NIANGUI,,,850,671162288
Marco,4565,GONCALVES,,,850,671166813
Olivier,3367,GONODJI,,,850,671162289
Tansu,4373,GONUL,,,850,671164123
Olga Viviana,3398,GONZALEZ PULIDO,,,850,671162291
Aeriel,3399,GONZALES,,,850,671166099
Luis Miguel,3400,GONZALEZ GUERRA,,,850,671162292
Sonia,4518,GONZALEZ,,,850,671166092
Octave Rene,2559,GOODMAN,,,1789,671162293
Phoebe,1385,Goodwin,,,1789,671143589
Ceyda,4321,GORAL MORLET,,,1789,671162294
yuliya,3556,Gorbatova,,,850,671164248
Drita,1870,Gorcaj-Mumxjiu,,,1789,671156523
Igor,2822,GORGAN,,,850,671164368
Julia,3573,GOUYOU BEAUCHAMPS,,,850,671164201
Christine,3582,GOYER,,,850,671162296
Peter,4253,GRADY,,,850,671162297
Douglas,4028,GREENE,,,850,671162298
Elizabeth,4606,GREGORY,,,850,671166788
Yelizaveta,4663,GRENTS,,,850,671167932
Stephan Ulrich,4029,GRIEB,,,850,671162299
Susanna,4703,GRIGORYAN,,,850,671162300
Andrea,2748,Groves,,,850,671164182
Ana,3694,Grozea,,,850,671164214
Jean,3529,GRUNAUER CALLE,,,850,671162301
Oskar,3586,Grzegorczyk,,,850,671164282
Kasahun,3587,GEBERETSADIK,,,850,671164203
Luca,3530,GUANZIROLI,,,850,671162302
OUEUHI EDWIGE JACQUELINE,2955,GUE,,,850,671165867
Mourad,2011,Guelleh,,,850,671157664
Leonardo,1852,Guerrero,,,1789,671156337
Min,1730,Gui,,,1789,671156604
Enrico,2724,Guida,,,850,671164045
Adele Man Ho,1352,Guidita,,,1789,671152254
Magatte,3809,GUISSE,,,850,671162303
Cansu,4375,GULERGUN,,,850,671164131
Alberic,3059,GULI,,,850,671163528
Guz,4376,GULTAN,,,850,671164101
Ronald,3745,GUMISIRIZA,,,850,671162304
Tunc,4354,GUNDUZ,,,850,671164139
Elbi,4377,GUNES,,,850,671164135
Irmak,1341,Gungor,,,1789,671152266
Shailendra,3948,GUPTA,,,850,671162305
Selin,4355,GURBOGA YAZICI,,,850,671162306
Ayse Ilke,2871,GURBUZER AKGUN,,,850,671162307
Yigit Anil,2823,GURER,,,850,671164369
Bapu,3693,Guruaj,,,850,671165825
Jessica,1947,Gut,,,1789,671157199
Raul,4564,GUTIERREZ,,,850,671166811
Robinson Askari,3695,GWADOYA,,,850,671165014
Rita,1798,Gwarada,,,1789,671156571
Rumbidzai,4502,GWETE,,,850,671166082
Frank,4084,GYASI-DENTEH,,,850,671162308
Luisa,1802,Ginepro,,,850,671156578
Gregory,4448,HAAMBOTE,,,1789,671162313
Jean-Paul,3368,HABAMUNGU SAMVURA,,,850,671162314
Farzaneh,3887,Habibi,,,850,671165771
Ridwana,1787,Habibi,,,1789,671156568
Deogratias,1380,Habimana,,,1789,671136894
Munazza,4085,Hadi,,,850,671139829
Farah,4018,ALSAMARRAIE,,,850,671162316
Nadjia,3760,HAFSA,,,850,671162317
Leonard,3338,HAGAZINTEBE,,,850,671162318
Nina,2334,HAGER,,,850,671160379
Fairuz Negga Hagoes,4434,MERAG,,,850,671162319
MHD Hasan,4191,HAIDAR,,,850,671162320
Cheriffou,3099,Haidara,,,850,671165048
Birhane,3642,HAILAY,,,850,671162321
Richelle,3761,HAINES,,,850,671162322
Maja,2653,HAJDAR,,,850,671163964
Anthony,4113,HAJJ,,,850,671162323
Sonia,4322,HAJJI,,,850,671162325
Mary,3824,Halliday,,,850,671157439
Mariko,4679,Hall,,,850,671167933
Kristin,2905,HALVORSEN,,,850,671162326
Kristine Marceline M,4097,HAMBROUCK,,,850,671162328
Hanan Malek,3535,HAMDAN,,,850,671162329
Fahim,3103,HAMDARD,,,850,671162330
Catherine,3992,HAMON SHARPE,,,850,671162331
Hamtouin,3349,YANKOM,,,850,671162332
Yunesti,1901,Handayani,,,1789,671156559
Tarek,4163,HANISH,,,1789,671162333
Dina Puspita,3746,HAPSARI,,,850,671162335
Anamul,3226,HAQUE,,,850,671162336
Jennifer,3194,Harrison,,,850,671164867
Arpine,3208,Harutyunyan,,,850,671164695
Azza,4192,HASAN,,,850,671162337
Samer,4193,HASAN AGHA,,,850,671162338
Aram,4524,FAHIM-HASHAMIE,,,850,671166774
Miya,4593,HASHIMOTO,,,850,671166843
Sami,2014,Hashmi,,,1789,671157500
Ali,4114,HASSAN,,,850,671162339
Awad Medikhir Saleh,3968,HASSAN,,,850,671162340
Kashinde,3588,HASSANI,,,850,671164204
Ali,2020,Hassnain,,,1789,671157508
Hasina,3130,Hayat,,,850,671165415
Rosetta,1803,Hazeley,,,1789,671156579
Hazou,4086,Hazou,,,850,671139830
Khosro,4615,HEDAYATK,,,850,671167418
Sonja,3904,Heikkinen,,,850,671165738
Judith,4305,HEIMBACH,,,850,671162341
Sylwia,2167,Hejno,,,850,671159805
Nicole,4032,HENDERSON,,,850,671162343
Jason,4396,HEPPS,,,850,671162344
Nina,4573,HERMUS,,,850,671166825
Hector,4560,HERNANDEZ,,,850,671166806
Jose,3589,Hernandez,,,850,671164287
Juan Carlos,4362,Hernández,,,850,671162345
Maria Alejandra,2797,HERNANDEZ MARENTES,,,850,671162346
Katarina,4681,Herneryd Yahya,,,850,671167975
ANTONIO,2369,HERRANZ,,,850,671160544
Heydari,2910,Nicole,,,850,671166283
Abera Mergia,4194,HEYE,,,850,671162349
Lilia,2838,HINCU,,,1789,671162350
Amir,3747,HIRWA,,,850,671162351
Ota,2372,HLINOMAZ,,,850,671160415
Jon,4435,HOISAETER,,,850,671162352
Gnepa Roger,2917,HOLLO,,,850,671165891
Ahmad Waheed,4021,HOMAN,,,850,671162353
Yuhei,4519,HONDA,,,850,671166081
Jonathan,4155,HOSKINS,,,850,671162354
Armin,3900,HOSO,,,850,671164895
Md. Maksud,4410,HOSSAIN,,,850,671162355
Abdallah,3343,HOUSSEN,,,850,671162356
Kristof,1923,Horvath,,,1789,671156562
Elen,1861,Hovhannisyan,,,1789,671156498
Lorna,2766,HOXHA,,,1789,671162357
Lejla,4572,HRASNICA,,,850,671166823
Patricia,2376,HRAZDILKOVA,,,850,671160409
Lejla,2682,HRNJICIC,,,850,671163972
Maung Ye,3283,HTUT,,,850,671162358
Zaw Zaw,3284,HTWE,,,850,671162359
Robert,168,Hurt,,,1789,671136281
Sandra,2612,HU,,,1789,671162360
Syed Shabbir,2315,HUSSAIN,,,850,671160378
Ashafaq,2019,Hussain,,,1789,671157507
Sayed,1838,Hussaini,,,1789,671156365
Ibrahim Hussein,3991,RASHID,,,850,671162361
Mohammed Mamoun,2595,HUSSEIN,,,1789,671162362
Danya,3969,HUSSEIN,,,850,671162363
Nabeel,1758,Hussein,,,1789,671156596
Hyewon,3298,HWANG,,,850,671162364
Dominique Isabelle,4033,HYDE,,,850,671162365
Ewa,2184,Hynek,,,850,671159806
Ridwana,1903,Habib,,,850,671156641
Naman,1795,Haddad,,,850,671156612
Elsa,3056,IBENGE,,,850,671166427
Abdou,4397,Ibrahima,,,850,671166016
Aida,2332,IBRAHIM-MEHDI,,,850,671160393
Yahia Abaker Mohammed,3970,IBRAHIM,,,850,671162366
Mariana,4115,IBRAHIM,,,850,671162367
Ibrahim,3100,IDRISSA,,,850,671162369
Patrick,2982,Igbana,,,850,671166220
Teohana,2379,Ignatova,,,850,671160373
Owoche,2972,IGWUE,,,850,671165853
Michel,1811,Ikonge,,,850,671156649
Olga,4449,ILCHENKO,,,1789,671162370
Safi,3044,ILUNGA,,,850,671162371
Eraj,4483,IMOMBERDIEV,,,1789,671162372
Olouwadara,3782,INANDJO,,,850,671162373
Elithe Redempta,3748,INARA,,,850,671162374
Secil,1899,Inceisci,,,1789,671156554
Ika,1766,Indrawati,,,1789,671156613
Aurelie,4363,Innaurato,,,850,671164764
Abdoulaye,3008,IN-TESSAR,,,850,671166331
Irene,3003,INYANG,,,850,671166236
George,1875,Iordanou,,,1789,671156513
Sahira,4068,Iqbal,,,850,671165744
Susan,4411,IRAKO,,,850,671162375
Ixchel,4541,ISIDRO,,,850,671166812
Lorena,3590,RODRIGUEZ,,,850,671164192
Md Tahminul,3227,ISLAM,,,850,671162376
Irina,3575,ISOMOVA,,,850,671164190
Mitchelle,4132,ISSA,,,850,671162377
Don Pochel,3334,ITANGITEKA,,,850,671162378
Ayaki,4071,ITO,,,850,671162379
Yumi,4225,ITO,,,850,671162380
Daniel Olmedo,3812,IZA IZA,,,850,671162381
Rami,4204,JABALI,,,850,671162382
Kinyera David Jada,3891,STEPHEN,,,850,671162383
Shahrad,4622,JAFARI,,,850,671167419
Katarzyna,3576,Jakubowska,,,850,671164246
Hassan,4023,JALALALDIN,,,850,671162384
Sebghatullah,4594,JALALI,,,850,671166793
Abubakarr,3971,JALLOH,,,850,671162385
Tabasum,4034,JAMAL,,,850,671164896
Mukhtar Abdi,3810,JAMA,,,850,671162386
Mohamed Said,3811,JAMA,,,850,671162387
Zamzam,3643,JAMA,,,850,671162388
Khurram,1888,Jamil,,,850,671156535
Rema,2556,JAMOUS IMSEIS,,,1789,671162389
Jae,1762,Jang,,,1789,671156607
Christopher,4618,JARDINE,,,850,671166847
Douglas,4571,JENNINGS,,,850,671166822
Nana,2364,JGERENAIA,,,850,671160399
Carolina,3933,Jimenez,,,850,671152237
Erika,3531,JIRON ALVERCA,,,850,671162391
Tamar Suzanne,3993,JOANIAN,,,850,671162392
Keith Graham,3391,JORDAN,,,850,671162396
TOM ODHIAMB,2397,JOSEPH-CHRISTENSEN,,,850,671160557
Anita,3304,JOSHI,,,850,671162397
Maria,3339,JOSHUA,,,850,671162398
Gabriela,3448,JOVANOSKA,,,850,671165759
Ivana,3429,DONCHEVA,,,850,671164143
Ana,3449,JOVANOVSKA,,,850,671164162
Bianca,3528,Jovine,,,850,671157434
ROMAN,2393,JUMANOV,,,1789,671160552
Hai Kyung,4121,JUN,,,1789,671162399
Muriel,3247,JURAMIE,,,850,671162400
Andreea,3696,Jurca,,,850,671164232
Francoise,1728,Jabreily,,,850,671156599
Joy,3949,KABA,,,850,671162401
Martin,3749,KABERUKA,,,850,671162402
Marie-Louise M.,3344,KABRE BARRETO,,,850,671162403
Nicolas,4603,KABURABURYO,,,850,671166757
Mohamad Tahar,3177,Kachebi,,,850,671165743
Tomasz,3577,Kaczmarzyk,,,850,671164281
Anania Damas,4226,KAGOROBA,,,850,671166053
Sho,1800,Kajitani,,,1789,671156575
Laeticia,3011,KAKOU,,,850,671166335
Charlemagne,3026,KPAKPO,,,850,671165804
Malgorzata,3598,Kalan,,,850,671164268
Nasim,3905,SALAR KALANTARI,,,850,671162404
Buti S.N.,3644,KALE,,,850,671162405
Gizem,4356,KALELI,,,850,671164111
Obadiah,3015,KALIBBALA Obadiah,,,850,671166345
Francis,3972,KALUKA,,,850,671162407
Illy Izyan,4156,KAMALUDIN,,,850,671162408
Antonius,1799,Kamerika,,,1789,671156574
Daniel Jan Maria,3994,KAMPHUIS,,,850,671162409
Speciose,3591,KAMPIRE,,,850,671164199
Wasim,4205,KANDALAFT,,,850,671162412
LANDINE,2954,KANDIKANDI,,,850,671165868
Berthold,3599,Kandora,,,850,671164269
Carelle,3892,KANEZA,,,850,671162413
Simon Peche,4227,KANGA,,,850,671166056
Alfred,3645,KANU,,,850,671162414
Robinah,1788,Kapawa,,,1789,671156569
Chansa Ruth,3330,KAPAYA,,,850,671162415
Daphne,2696,Kapetanaki,,,850,671164013
Jan,2673,Kapic,,,850,671163981
Aikaterini,2715,Karamatsiou,,,850,671164017
Peter Nganga,3950,KARANJA,,,850,671162417
Panagiotis,1865,Karantzounis,,,1789,671156518
Elif,4378,KARAOZ,,,850,671164121
Ani,4719,KARAPETYAN,,,850,671162418
Martyna,3600,Karasek,,,850,671164280
Petya Kostadinova,3254,KARAYANEVA,,,850,671162419
Hanifa,4661,KARIMI,,,850,671167928
Zeeba,3104,KARIMI,,,850,671162420
Gulzina,4425,KARIMOVA,,,1789,671162421
Guy,4195,KARMEL BEKOUTOU,,,850,671162422
Miklos,2839,KAROLY,,,850,671164370
Rei,4052,KASAI,,,850,671162423
Adel,1612,Kasenova,,,72,671154209
Marjan,2022,Kasi,,,1789,671157510
Chipo,1835,Kasoma,,,1789,671156656
Bashir,4206,KATCHE,,,850,671162424
Gabriel,4025,Katende,,,850,671160654
Evelyn,3002,KATONO,,,850,671166230
Dania,3762,KATTAN,,,850,671162425
Albert,3360,KATUMBA,,,850,671165806
Kahilo Jose,3297,KATUNDA,,,850,671162426
Rehema Peter,4242,KATYEGA,,,850,671162427
Anshdeep,4693,Kaur,,,850,671168024
Paul Daniel,4412,KAWANGUZI,,,850,671162428
Fuji,4074,KAWATA,,,850,671162429
Toshitsuki,3163,KAWAUCHI,,,850,671162430
Grzegorz,3601,Kazmirowicz,,,850,671164271
Frehiwot,3629,KEBEDE,,,850,671162432
Henok,3647,KEBEDE MOLLA,,,850,671162435
Oscar,4035,Keeble,,,850,671140465
Jackie,4036,KEEGAN,,,850,671162436
Bokar,1723,Keita,,,1789,671156143
Emmi,4037,KEMPPAINEN,,,850,671164897
Ghislain,1959,Kemzang,,,1789,671157239
Yollande,3350,KENNE MAFFO,,,850,671162437
Bardha,2738,KEQA,,,850,671162438
Julia Alida,3312,SAWADOGO KERE,,,850,671162439
Francois,3592,Kernin,,,850,671164244
Ajten,3164,KERTALLI,,,850,671164534
Kefelegn,3648,KETYBELU,,,850,671162440
Gbaaondu,2978,KEVER,,,850,671162441
May Thu,4549,KHAING,,,850,671166850
Hamzah,3593,Khair,,,850,671164277
Lina,4196,KHALIFA,,,850,671162445
Khaled,4431,KHALIFA,,,850,671162446
Ola,3195,KHALIL,,,850,671162447
Yassir,3951,KHALIL,,,850,671162448
Noon,3952,KHALIL,,,850,671162449
Yalda,1756,Khaliqyar,,,1789,671156593
Gulam,3457,KHAMIDOV,,,850,671162450
Khamis Ussi,4228,KHAMIS,,,850,671166051
Abdul Ahad,3437,KHAN,,,850,671162451
Ajab,3132,KHAN,,,850,671162452
Foolad,1822,Khan,,,1789,671156662
Jalal,2015,Khan Kakar,,,1789,671157502
Marzina,4197,KHAN,,,850,671162453
-,3105,MIRWAIS KHAN,,,850,671162454
Nasir,3953,KHAN,,,850,671162455
Olga,1920,Khan,,,1789,671156558
Sajida,1989,Khan,,,1789,671157240
Nana,3594,Kharbedia,,,850,671164275
Fadi,4133,KHARSA,,,1789,671162457
Genimar Zoraya,4478,KHASSALE LEAL,,,850,671162458
Melana,4087,KHATIB,,,850,671162459
Rana,4088,KHATIB,,,850,671162460
KHATTA,3630,-,,,850,671167124
Farah,4134,KHAWAJA YASSINE,,,1789,671162461
Dinara,3212,KHAYRULINA,,,850,671164523
Mya Yadanar,3285,KHINE,,,1789,671162462
Mar Lar Hnin,3286,KHINE,,,850,671162463
Badis Fateh,3198,KHIREDDINE,,,1789,671162464
Anastasiya,1921,Khmilovska,,,1789,671156560
Marzieh,4623,KHODADAD,,,850,671167421
Waleed,4026,KUDHAIR AL-ZUBAIDI,,,850,671162465
Mohammad Naim,3106,KHURAM,,,850,671162466
Robina Simon,3134,KIBISA,,,850,671162467
Lazare,3323,KIENTEGA,,,850,671162468
Alexandra,3996,Kiil-Nielsen,,,850,671164709
Ewa,3602,KIJEWSKA,,,850,671164216
Nese,4379,KILINCOGLU,,,850,671164082
Judith Chebet,4104,KIMAIYO,,,850,671162469
JO EUN,3228,KIM,,,850,671162470
Kah-Ul,4106,KIM,,,850,671162471
Yein,4604,Kim,,,850,671165837
Mutiko Martin,3135,KIMU,,,850,671162472
Sebastiaan,2758,Kinderen,,,850,671164170
Flor,3357,KINGLOW CAMARENA,,,850,671162474
Boniface Macharia,4243,KINYANJUI,,,850,671162475
Grace Mwihaki,3331,KINYANJUI-KIPRONOH,,,850,671162476
Barbara,1348,Kinyanjui,,,1789,671152249
Simplice,1724,Kinzanzala,,,1789,671156144
Moses,3997,Kipronoh,,,1789,671153205
Esther Wairimu,3818,KIRAGU,,,850,671162477
Andreas,3595,KIRCHHOF,,,850,671164189
Esther Kanyua,4060,KIRIMI,,,850,671162478
Grace,2977,Kironcho,,,850,671166226
Mark Patrick,2557,KIRYA,,,1789,671162479
Eszter,1383,Kiss,,,850,671153462
Christopher,4413,Kizito,,,850,671166018
Henry,4232,Kizza,,,850,671166021
Valerie,4575,KLEIN,,,850,671167395
Susanne,4061,Klink,,,850,671164703
Anja,4062,KLUG,,,850,671162480
Mikolaj,3603,KNIAZ,,,850,671164222
Valeriya,3713,KOGAY,,,850,671164478
Blaze,2576,KOJCEVSKI,,,1789,671162481
Hideaki,2824,KOJIMA,,,850,671164371
Felicite,3046,KOKO BOTI,,,850,671162482
Ljiljana,2661,KOKOTOVIC,,,1789,671162483
Derya,4357,KOKSAL,,,850,671164086
Kolenga,3136,Theodore,,,850,671165047
Lucia,2355,KOLPAKOVA,,,850,671160429
Wladyslawa,3596,Komar,,,850,671164303
Brian,1948,Kombo,,,1789,671157201
Olga,3440,KOMITI,,,1789,671162484
Joseph Thomas Yassin,3908,KONO,,,850,671162485
Eleftherios,2706,KONSTANTOPOULOS,,,850,671162486
Vita,4148,KONTVAINE,,,850,671164543
Ganna,4547,KOPTSIUKH,,,850,671166848
Aleksandra,3597,korab,,,850,671164255
Ana,3222,KORAC,,,1789,671164470
Stylianos,2351,KOSTAS,,,850,671160419
Andreana,4269,KOSTOPOULOU,,,850,671162487
Rafal,3618,KOSTRZYNSKI,,,850,671164209
Eric,3846,Kouakou,,,1789,671158394
Cyr Modeste,4151,KOUAME,,,850,671162488
Aida,2840,KOUIDRAT,,,850,671164372
Apostolia-Christina,2880,KOUKOULOMMATI,,,850,671162489
Sofia,2584,KOUTSOU,,,1789,671162490
Aleksandra,3430,KOVACHEVA,,,850,671164163
Olena,2825,KOVAL,,,850,671164373
Tetiana,3604,Kovrihina-podolinn,,,850,671164240
Yukiko,4168,KOYAMA,,,850,671162491
Marius,2996,KOYANGBANDA GOMASSILI,,,850,671166350
Richard,2362,KOYS,,,850,671160403
Lea Lilian,3277,KRAITEM,,,850,671162492
Natalia,2842,KROPIVKA,,,850,671164374
Maria,3619,KRYMARYS,,,850,671164218
Heqian,3893,KUANG,,,850,671164899
Agnieszka,3605,Kubiak,,,850,671164257
Washington,2006,Kubini,,,1789,671157325
Martha,3606,Kubiniec,,,850,671164293
Lukasz,3620,Kucharski,,,850,671164272
George Masbay,4229,KUCHIO,,,850,671162493
Nino,1877,Kuchukhidze,,,1789,671156516
Edith,1715,Kudjie,,,850,671156140
Renata,4149,KULES,,,850,671164541
Baseme,4105,KULIMUSHI,,,850,671162494
Ainur,1859,Kulzhanova,,,850,671156343
Ramcho,1733,Kundevski,,,1789,671156149
Katarzyna,3607,KURIATA,,,850,671164213
Danuta,3005,Kurnickaja,,,850,671166309
Kateryna,1919,Kurytsina,,,1789,671156557
Makola Alain,3047,KUSAKININA,,,850,671162496
Salome,2686,Kusikashvili,,,850,671164006
Alaa,4218,KUTAISH,,,850,671162497
Elena,2367,KUZHEVA,,,850,671160374
Seda,3278,KUZUCU,,,850,671162498
Vanda,3888,KVAGINIDZE,,,850,671162499
Nino,2694,Kvirkvelia,,,850,671164009
Ketevan,1863,Kvlividze,,,1789,671156515
Thuzar,3299,KYAW,,,1789,671162500
Maria,2679,Kyriacou,,,850,671163990
Evangelia,2881,KYRIAZI,,,850,671162501
Sofia,4552,KYRIAZI,,,850,671166830
Vitalina,3608,Kyrylovska,,,850,671164238
Ismail,2414,Kharufa,,,850,671160680
Maud,2667,LACOUR,,,850,671163978
Teodora,3225,LADJIC,,,850,671164476
Michael Kimbo,3894,Lado,,,850,671164901
Maria,228,Lagourou,,,1789,671141780
Carole,4288,LALEVE,,,850,671162502
Carolina,3394,VERGARA LAMARRE,,,850,671162503
Nai Jit,2575,LAM,,,1789,671162504
Katherine Elizabeth,2828,LAMPE,,,850,671164375
Mohan,3229,LAMSAL,,,850,671165765
Susan,1394,Landgraf,,,1789,671153454
Anne,3609,Landouzy-Sanders,,,1789,671160657
Erisa,4171,Zadeh,,,850,671158298
JEAN,2962,LANOUE,,,850,671165871
Mobin Lashkari,4616,LASHKARI,,,850,671167422
Lorenzo,2388,La Spada,,,1789,671160563
JOSEPHINE ADRIANA,2964,LA SPINA,,,850,671165865
Preeta,4490,LAW,,,850,671162505
Gabriela,4365,Leal,,,850,671164751
Avni,3450,LECAJ,,,850,671162506
Junghoon,3196,Lee,,,850,671164869
Anna Leer,2690,JORGENSEN,,,1789,671162508
ALEXANDRA,2396,LEHUEDE,,,850,671160555
Anna Maria,3458,LEICHTFRIED,,,850,671162509
Cynthia,3532,LEIVA TAPIA,,,850,671162510
Messay Legesse,3633,LEMENGO,,,850,671162511
Anthony,3909,LEMI,,,850,671162512
Etsegenet,4294,Lemma,,,850,671167142
Tamba Kissi,3067,LENO,,,850,671166555
Andrea,4553,LEORO,,,850,671166846
Giovanni,4348,LEPRI,,,850,671162513
Jean,4064,Leroy,,,1789,671157291
Mathijs R,4063,LE RUTTE,,,850,671162514
Oleksandr,4426,LESNYKOV,,,850,671162515
Diana,3825,Letona,,,850,671157437
Petra,2343,LEVRINCOVA,,,850,671160416
Arkadiy,3478,LEYBOVSKIY,,,850,671162516
Nouman,2023,Liaqat,,,1789,671157515
Besnik,3166,LIGACI,,,850,671164528
Jia Ying,4257,LIM,,,850,671162519
Sharon,4418,LINDA,,,850,671162520
Karolina,4450,LINDHOLM BILLING,,,850,671162521
Zayar,3287,LINN,,,850,671162522
Sebastian,2927,CRUCES ANGELES,,,850,671162523
Dumitru,4092,LIPCANU,,,850,671162524
Beata,2169,Lipinska,,,1789,671159801
Betsy,4043,LIPPMAN,,,850,671162525
Angela,4045,LI ROSI,,,850,671162526
Marek,2330,LISY,,,850,671160421
Louis,3479,LITHUR,,,850,671162527
Iryna,2685,LITVINIUK,,,850,671164004
Yuxin,3973,LIU,,,850,671162528
Lizeth Jazmin,4349,CRAVIOTO CORREA,,,850,671162529
Mladen,2678,LJUBEJ,,,850,671163991
Laura,3351,LO CASTRO,,,850,671162530
Giuseppe,2712,Lococo,,,850,671164027
Simone,1731,Loh,,,1789,671156614
Kathryn,3538,Lo,,,850,671158090
Levi Mathew Lokiko,3910,LOKI,,,850,671162531
Basie,1326,Lombard,,,72,671141955
Jacqueline,3250,Lopes,,,850,671157426
Marcelo,1337,Rodrigues Lopes,,,1789,671152256
Cindy,3814,Lopez,,,850,671157453
Hubert,4550,LORIAUX,,,850,671166824
Stefan,2763,Lorint,,,850,671164197
Konstantina,2762,Loupeido,,,850,671164194
Maria Margarida,3490,CARDOSO LOUREIRO NUNES,,,850,671162532
Ann,3941,LOWRENSU HEWAGE,,,850,671162533
Josef,4089,Lozej,,,1789,671139823
Andre,1883,Lukovics,,,1789,671156530
Magdalena,1887,Lukowska-Sumila,,,1789,671156534
Beevans,2941,LUKUSA MPOY,,,850,671162534
Stephen,2998,Lullo,,,850,671166228
Bik,3190,LUM,,,850,671162535
Friderike Katharina,2582,LUMPP,,,1789,671162536
Petru,2843,LUPU,,,850,671164376
Doreen Leonce,4230,LYIMO,,,850,671162537
Noha,3763,MAAROUF,,,850,671165826
Kgothatso,3868,Mabena,,,1789,671158393
Tichaona,4503,MABONGA,,,850,671166077
marcin,3612,Macenowicz,,,850,671164241
Beston Capula,3182,MACHAU,,,850,671162538
Bernadett,1851,Macskasy,,,1789,671156505
Aseer T.E.,4147,AL-MADAIEN,,,850,671162539
Liela,4207,MADDONA,,,850,671162540
Yuko,4595,MEANO,,,850,671166794
Majaliwa,4244,MAGONO,,,850,671166060
Maurice,4414,MAHADI,,,850,671162541
BOUBACAR,2968,MAHAMADOU HASSANE,,,850,671165860
Mahaman Salissou,3309,MAMAN MAHAMAN,,,850,671162542
Ali,3767,MAHAMAT,,,850,671162543
Baiwong,3523,MAHAMAT,,,850,671165991
Sangeetha,3137,MAHINTHAN,,,850,671162544
ALIOU SALIHOU,2965,MAIGA,,,850,671165864
Nouhou,3048,MAIGA,,,850,671162545
Rosemary,4245,MAINAR,,,850,671166052
Muwindwa,1821,Mainga,,,1789,671156661
Oleksandr,2841,MAINOV,,,850,671164447
Carine,4116,MAITA,,,850,671162546
Zofia,3622,Maka,,,850,671164300
Viola,3911,MAKAME,,,850,671164887
Mahammed,4484,MAKEEN,,,850,671165817
Inonge,1820,Makomani,,,1789,671156660
Saad,4585,MAKTABI,,,850,671166118
Sajjad Masood,4046,MALIK,,,850,671162547
Kassim,4276,MALLE,,,850,671162548
Alejandra,2796,MALLOL,,,850,671162551
Leila,4546,Mamadashvili,,,850,671157427
BALKISSA,3318,MAMANE LAWELSADIO,,,850,671162552
Ibrahima,3319,MAMAN OUMAROU,,,850,671162553
Emmanuel,1734,Mambo,,,1789,671156150
Afef,3697,Mamlouk,,,850,671164229
Aygun,3191,MAMMADOVA,,,850,671162556
Solomon,3634,MAMO HAILE,,,850,671162557
Abdul,2016,Manaf,,,1789,671157503
Done,3431,MANCHEV,,,850,671164157
Maneng,3345,PENTSHI-A,,,850,671162558
Nitin,3878,MANGHANI,,,850,671162559
Ancillah,1779,Manning,,,1789,671156591
Nazia,4675,Manzoor,,,850,671168013
Fabius,2567,FATAKI,,,1789,671162562
Brian,4504,MAPENZAUSWA,,,850,671166091
Teresa,2795,MARADIAGA,,,1789,671162563
Eva,4567,MARCANDALLI,,,850,671166816
Dmytro,1922,Marchenko,,,1789,671156561
Michela,4050,MARCHESE,,,850,671162565
Julijana,2681,MARIC,,,850,671162566
Elvedina,3424,PERCHUKLIEVSKA,,,1789,671162567
Caroline Poni Marko,3912,LAKO,,,850,671162568
Tatjana,3236,Markovic-Mitic,,,850,671160656
Ilia,3615,MARKOWSKI,,,850,671164220
Artur,3154,MARKU,,,850,671164527
Isabel,3491,MARQUEZ DANIEL,,,850,671162569
Przemyslaw,3650,Marszal,,,850,671164292
Glenda,3572,Martinez,,,850,671157412
Llanos,2600,Martinez-Trenado,,,1789,671163374
Eugenio,2844,Martin Del Campo,,,850,671164780
Ivoone,4350,Martinez,,,850,671164763
Karla,4366,Martinez,,,850,671164776
Lina Marcela,3384,MARTINEZ GUTIERREZ,,,850,671162570
Maria Clara,3804,MARTIN,,,850,671162571
Martha Raquel,4367,MARTINEZ HERNANDEZ,,,850,671162572
Tayna,4582,MORAIS,,,850,671166837
Chiaki,2292,Maruyama,,,1789,671153202
Zeru,4451,MARU,,,1789,671162573
Amadeusz,3652,MARZEC,,,850,671164211
Ringo Star,3954,Masakwa,,,850,671162574
Lena,4415,MASILA,,,850,671162575
Andrea,2566,MASINI,,,1789,671162576
Barbora,4590,MASINOVA,,,850,671162577
Muller,3009,MASRABEYE Muller,,,850,671166332
Helena,1738,Massaquo,,,850,671156153
Theophile,3049,MASSEMBELE,,,850,671162578
Maya,4117,EID,,,850,671162579
Petros,3805,MASTAKAS,,,850,671162580
Sevinj,3213,MASTIYEVA,,,850,671164521
Yasir,4608,MASUD,,,850,671166790
Thomas,1999,Matemane,,,850,671157665
Carolina,2980,MATEOS ORELLANA,,,1789,671162581
Burcin,4398,MATER,,,850,671164091
Kila Jean-Marc,3036,MATESO,,,850,671162582
Guifayi Georgette,3352,MATESO,,,850,671162583
Selin,3854,MATHEWS,,,850,671162584
Marsiiana,3913,Materimova,,,850,671164903
Tracey,4135,MAULFAIR,,,850,671162585
Maung Khin,3300,MAUNG,,,850,671162586
Aye,3635,MAUNGU,,,850,671164888
Willy,3033,MAURIDI,,,850,671162589
John,1990,Mayian,,,1789,671157286
Ann,3884,MAYMANN,,,850,671162591
Melissa,4351,May,,,850,671164793
Maria Jose,3271,MAZARIEGOS DIAZ,,,850,671162592
Irtiqa Ali Mazhar,3895,SYED,,,850,671164883
Jelena,4138,MAZIC,,,850,671162593
Samar,4282,MAZLOUM,,,850,671162594
Andrii,3637,MAZURENKO,,,850,671164198
Lucas John,3914,MBAGO,,,850,671164902
Aline,3353,MBAILAO DESSOULA,,,850,671162595
Innocent,2993,MBAITOUBAM,,,850,671166342
Kevin,3014,MBAYA KOMBAME,,,850,671166340
Jimmy Godfrey,4246,MBAZI,,,850,671162596
Yannick Georges,3412,MBENGUE DIWOUTA,,,850,671162597
Diarra,1336,Mbodji Lo,,,1789,671152255
Ignace Edgar,3313,MBOM,,,850,671162598
Aimery,3034,Mbounkap,,,850,671160893
Awa,3783,MBOUP SOW,,,850,671162599
Jovana,3896,MBUYO,,,850,671162600
Laura,4047,McKiernan,,,1789,671153434
Helen,1737,Mebrahtu,,,1789,671156083
Amos Nanmwinbor,3324,MEDA,,,850,671162601
Skander,4323,MEDAISSI,,,850,671162602
Magda J.,3539,MEDINA,,,850,671162603
Maria,2882,MEGA,,,850,671162604
Dagmara,4352,Mejia,,,850,671164755
Shiferaw,2573,DIFABACHEW,,,1789,671162605
Elcar,1355,Melendez,,,1789,671152259
Edad,2664,MEMIC,,,850,671163970
Angela,4551,MENDEZ,,,850,671166829
Mariana,4697,MENDIOLA,,,850,671168077
Ruvendrini,4436,MENIKDIWELA,,,850,671162607
Gwendoline,4576,MENSAH,,,850,671167396
Georges-Patrick,3101,MENZE,,,850,671162608
Rachele,2691,Meo,,,850,671164020
Alice,2604,MERCANTI,,,1789,671163395
Mostafa,4139,MERHIE,,,850,671162609
Ricards,4124,MERKIS,,,850,671164540
Jozef,4611,MERKX,,,850,671166795
Jerome,3068,Merlin,,,850,671165746
Mesay,3636,FEYISA,,,850,671162610
Rahwa,3649,MESOUD,,,850,671162611
Joseph,4136,MEZHER,,,850,671162612
Chafik,3199,Meziani,,,850,671165742
Yousra,3181,MEZIANI,,,850,671162613
Michael,3848,Mgonja,,,850,671153431
John Mnaku,4247,MHOZYA,,,850,671166048
Fareeda,3480,MIAH,,,850,671162614
Mianbet,4668,Mbainguinam,,,850,671168018
Satchithananda Valan,4685,Michael,,,850,671168003
Miguel-Quicho,4254,MARIA CORINNA,,,850,671164517
Josephine Ghislaine,3050,MIMBOE ESSAMA,,,850,671162615
Roza,3797,MINASYAN,,,850,671162616
Naila,3214,MIRALIYEVA,,,850,671164525
Johanna,4569,MIRANDA,,,850,671166820
Aidah,2037,Mirembe,,,1789,671157516
Seyedeh Sanam,3906,MIRMOTAHARI,,,850,671162617
Iakheiidin,2687,Mirzashev,,,850,671164007
Karine,1776,Mirzoyan,,,1789,671156602
Murat,4380,MISE,,,850,671164113
Jasmine,2733,Mittendorff,,,850,671164049
Hiroshi,3138,MIYAUCHI,,,850,671165766
Satoru,2588,MIYAZAWA,,,1789,671162618
Mirela,3788,MLADENOV,,,850,671162619
Maureen,176,Duque,,,108,671135532
Mirriam,4555,CHITULU,,,850,671166835
Christian,2992,MOBEANG,,,850,671166341
Clement Taban,3897,MODI,,,850,671162620
Eliane,3413,MOGUEM FONKOUA,,,850,671162621
Alinoor Aden,3813,MOHAMED,,,850,671162622
Nilab,3140,MOHABAT,,,850,671165012
Mohamed,1958,Ali,,,1789,671157237
Amani,3974,MOHAMED,,,850,671162624
Emam,3975,MOHAMED,,,850,671162625
Fasila,4692,Mohamed Hanif,,,850,671168022
Mohamed Iman,3838,MOHAMED,,,850,671162626
Hassan Abdulkadir,3840,MOHAMED,,,850,671162627
Fatima,3955,MOHAMMED,,,850,671162628
Osamah,4030,MOHAMMED,,,850,671162629
Wasseem,1944,Mohanna,,,1789,671157307
Behnam,2602,MOHARREK,,,850,671162630
Mohammad,4208,MOHAMMAD ALHASAN,,,850,671162631
Ahmed Lotfy,3754,MOHSEN,,,850,671162632
Tin Wun Andrew,3288,MOK,,,850,671162633
Gabriel,3051,MOKATE ASHU-ARREY,,,850,671162634
Dragos,3707,Moldovan,,,850,671164228
Maurizio,2698,Molina,,,850,671164034
Ivanna,4561,MOLINA,,,850,671166807
Barbara,2722,Molinario,,,850,671164042
Daniel,2361,MOLNARI,,,850,671160404
Muhammad Ferdaus,2340,MOMAND,,,850,671160395
Giovanni,1886,Monge,,,1789,671156533
Pauline Beatrice,2619,MONI NKAM,,,1789,671162637
Paola,4370,Monroy,,,850,671164772
Roberta,4607,MONTEVECCHI,,,850,671166789
Rosa Maria,3578,MONTOYA DE AMAYA,,,850,671162638
Angela,4048,Moore,,,850,671164701
Kerly,1841,Mora,,,1789,671156334
Diego,2568,Morales,,,1789,671157452
Morales,2937,Yared,,,850,671166294
Natalia,2929,MORALES,,,850,671166288
Diego Armando,4479,MORALES VIVAS,,,850,671162654
Pascale,4049,MOREAU,,,850,671162655
Mariana,3417,MOREIRA,,,850,671162656
Victoria,3719,Moren,,,850,671164226
Milton,3396,MORENO,,,850,671162658
Rebeca,4557,JIMENEZ,,,850,671166840
Takashi,4110,MORI,,,850,671164538
Sana,4307,MORJENE,,,850,671162659
Gimbi,3651,Moroda,,,850,671164905
Matin,3907,MORTAZAVI,,,850,671162660
Sam,4051,Mosallai,,,850,671164707
Horacio,3518,MOSCHETTO,,,850,671162661
Nancy,4219,MOSES,,,850,671162662
Diana Carolina,3385,MOSQUERA GOMEZ,,,850,671162663
Kefayetul,4031,MOSTAFA,,,850,671162664
Osama,4209,MOUADAMANI,,,850,671162665
Mike,4137,MOUCHAHAM,,,850,671162666
Mohamed Ouis,2554,MOUFFOK,,,1789,671162667
Bassam,4485,Mousa,,,850,671165816
Maurice,3021,MOUSSOURAVI,,,850,671166353
Asma,3525,MOUSTAPHA ALWAN,,,850,671166004
Jennifer,4520,MSIMBO,,,850,671166090
Marjorie,3841,MUA,,,850,671162668
Kasonga,1755,Muanza,,,1789,671156082
Nida,2035,Muaz,,,1789,671157513
Rudo,1837,Mufema,,,1789,671156364
Yvette,3784,MUHIMPUNDU,,,850,671162669
Njoki,1736,Muiga,,,1789,671156081
Laila,2024,Mukaram,,,1789,671157521
Mariacristina,3200,MULAS,,,850,671162670
Sophie,2973,MULLER,,,1789,671162671
Meshack Mugizi,4248,MULOKOZI,,,850,671162672
Hudson,1836,Mundea,,,1789,671156658
Fatali,3215,Muradov,,,850,671162673
Juliette,3918,MUREKEYISONI,,,850,671162674
Eliza,3714,MURTAZAEVA,,,850,671164482
Anna Jacob,3976,MUSHI,,,850,671162676
Arthur,1790,Musindo,,,1789,671156573
Mohammed Fadl Abdullah,4498,MUSLEH,,,850,671162677
Khalid,3977,MUSTAFA,,,850,671162679
Gilbert,3332,MUTAI,,,850,671162680
Aurthur,4161,MUTAMBIKWA,,,850,671162681
Sibo,4416,MUTANGUHA,,,850,671162682
Bernadette Mutakale,3340,MUTESHI,,,850,671162683
Aylin,2862,MUTLU,,,850,671164104
Millicent,3785,MUTULI,,,850,671162684
Bryceson Samson,4231,MWAKILINDI,,,850,671162685
Job,4417,MWESIGWA,,,850,671162687
Mwenya,3125,CHIKWANDA,,,850,671162112
Ahmad Ali,3141,NABAVI,,,850,671162688
Ritsu,4076,MORINO NACKEN,,,850,671162689
Sreelakshmi,1739,Nagarajan,,,72,671156782
Zsuzsa,4554,NAGY-SANDOR,,,850,671166831
Najera,2911,Mónica,,,850,671166286
SABINE,2963,NANA,,,850,671165869
Jennisa,4302,Nandoo,,,850,671156892
Styliani,2688,Nanou,,,850,671164010
Olfa,4308,NANOUS EP KACEM,,,850,671162690
Sollo Ngandere,3419,NANTADJIM,,,850,671162691
Joanita,4438,Nanyonjo,,,850,671166022
Mohammad Azim,3142,NAQIBULLAH,,,850,671162692
Diego,2826,NEPOMUCENO NARDI,,,850,671164448
Angela Maria,3401,NARVAEZ MUNOZ,,,850,671162693
Yagana,3188,NASEER,,,850,671162694
Haroon,3143,Naseri,,,850,671165414
Marina,2883,NASIKA,,,850,671162695
Ahmed,3536,NASSEF,,,850,671162696
ChiaraMaria,2729,Natta,,,850,671164055
Alessandro,3915,NAVA,,,850,671165004
Maria Daniela,3533,NAVAS PERRONE,,,850,671162697
Elissavet,2884,NAZLI,,,850,671162698
Jean Claude,2995,NDANGA Jean Claude,,,850,671166344
Elvira,3512,NDANGA,,,850,671165995
Herve Gautier,3012,NDANOUS,,,850,671166336
Yann,1964,Ndaye,,,1789,671157360
Marie,3346,NDAYISHIMIYE,,,850,671162699
Ndjinyo Fouda,3768,NDIKINTUM,,,850,671162700
Guelnoudji,3041,NDJEKOUNKOSSE,,,850,671165799
Papa,3414,NDOYE,,,850,671162701
Protogene,4682,Ndwaniye,,,850,671164870
Patience,3999,NDYANABANGI,,,850,671162702
Felicitas Dojillo,3734,NEBRIL,,,850,671162703
Ahmet,2868,NEDIMOGLU,,,850,671162704
Adriana,3658,Negry Leite do egito,,,850,671164253
Yehenew,3653,NEGUSSIE,,,850,671162705
Augustin,1777,Neouze,,,1789,671156595
Reuel Christopher,4000,NETTEY,,,850,671162707
Ransome Nii Nettey,3481,NETTEY,,,850,671162708
Patrick,1760,Newton,,,1789,671156603
Prisca,3017,NGAFOGARA Prisca,,,850,671166347
Ngando,2926,SAMA,,,850,671165857
Kenny Muli,3661,NG ANG A,,,850,671162709
Herve,3018,NGHOMA GHOMEZ,,,850,671166348
Benson,2599,NGIELA,,,1789,671162710
Carelle Bertille,3052,NGOUFO KITIO,,,850,671162711
Stelio,3280,NHATUVE,,,850,671162712
Ass,4290,Niang,,,850,671165595
Tihomir,3432,NIKOLOVSKI,,,850,671164130
Lertluk,4507,NIRA,,,850,671166780
Camelia,3708,Nitu-Fritila,,,850,671164171
Murod,2347,NIYAZOV,,,1789,671160433
Joel,3042,NIYONZIMA,,,850,671165808
Acheatia,3231,NJIKA,,,850,671162713
Wamutshilani,3919,NKALA,,,850,671165005
Christine,3920,NKIROTE,,,850,671164909
Precious,4152,NKOKA,,,850,671162714
Peter,4439,NKOOLA,,,850,671162715
Magloire,3786,NKOUANNESSI,,,850,671162716
Leonidas,3420,NKURUNZIZA,,,850,671162717
Clementine Awu,4523,NKWETA-SALAMI,,,850,671162718
Christine,2984,NKWIKOREZE,,,850,671166225
Alessandro,1338,Nobile,,,1789,671152262
Beatriz,3272,NOBILE AYRES DE SOUZA,,,850,671162719
Emi,1761,Noguchi,,,1789,671156605
Daniel,2827,NOGUEIRA DE MORAES,,,850,671164449
Junko,1356,Nomura,,,1789,671152260
Yama,3144,NOORI,,,850,671162720
Nyamal Kur Yay,3921,NOP,,,850,671162721
Monica,4309,NORO,,,850,671162722
Marco,3806,NOTARBARTOLO DI SCIARA,,,850,671162723
Ali,3755,NOUEIHED,,,850,671162724
Herve,1965,Nana,,,850,671157361
Vanno,3378,NOUPECH,,,850,671162725
Jean Baptiste,1876,Nourian,,,1789,671156514
Marie-Rose,3354,NSHIMIRIMANA,,,850,671162729
Malumba,3069,NTAMBWE,,,850,671166561
Dewi,2874,NURSANTI,,,108,671162731
Clement,3341,NWOSU,,,850,671162732
Pamella,4210,NYAIDHO,,,850,671162733
Robert,3664,NYAMBAKA,,,850,671162734
Ben Matiku,4233,NYITAMBE,,,850,671162735
Jimmy Henry,3355,NYINGCHO,,,850,671162736
Irene Wanjiku,3916,NYOIKE,,,850,671164881
Timothy,3001,NZADON,,,850,671166218
Elisha Samwel,4234,NZIKO,,,850,671162737
Jean-Nepomuscene,3336,NZIRUBUSA,,,850,671162738
Kazutoshi,1783,Nagasaka,,,850,671156619
Siyeofori,3065,Oba,,,1789,671156902
Besem Nkechinyere,3815,OBENSON,,,850,671162739
David,4211,OBOTA,,,850,671162740
Orone,4440,Ocaage,,,850,671166024
Ernest,2981,Ochang,,,850,671166217
Hilda,3922,OCHUONYO,,,850,671164882
Patrick Akera,3923,ODANO,,,850,671164890
Godwin,2986,ODENE,,,850,671162741
Cham Ochan,3666,Odol,,,850,671164916
Takako,3289,HASHIMOTO,,,850,671162743
Vahidin,2657,OGRESEVIC,,,850,671163968
Leonard Ojom,4441,OGWAL,,,850,671162744
Otema,3667,OHENE-ASARE,,,850,671162745
Solji,4578,OH,,,850,671166832
Konstantina,3422,Oikonomidou,,,850,671165213
Sally,3000,OKPAJE,,,850,671166222
Hope,3064,OKUGA,,,850,671162746
Moses,1902,Okumu,,,1789,671156563
Najat,4158,OLABI,,,850,671162747
Marcin,3654,Olendrzynski,,,850,671164305
Justyna,3659,Olesinska,,,850,671164236
Damien Frederic,1725,Omamana,,,1789,671156146
Olson,2933,Julie,,,850,671166284
Diana,4065,Olvera,,,850,671164700
Sophie-Lin,3070,OMADJANG AMANG,,,850,671166562
Kate,3189,O MALLEY,,,850,671162748
Amir,2683,OMANOVIC,,,850,671163976
Sanaa Abdalla,3829,OMER,,,850,671162749
OKOTH JAMES,2948,OMOLO,,,850,671165898
Irene,2971,OMONDI,,,850,671165851
Adenike,3004,ONI,,,850,671166237
Ana,3720,Onofrei,,,850,671164219
Christian,1786,Onyenagubom,,,1789,671156567
Peter,4235,OPIO,,,850,671162752
Aba,2970,MENSAH,,,850,671165850
Geoffrey,4001,OPON,,,850,671162753
Benon Odora,4249,ORACH,,,850,671162754
Veton,4399,ORANA,,,850,671164077
Esmeralda,4542,ORELLANA,,,850,671166815
Cynthia,4371,Orna,,,850,671157444
Lucy Lucky,4002,OROMA,,,850,671166061
Analilia,4353,Ortega,,,850,671164774
Luis Alberto,2912,ORTIZ LOPEZ,,,850,671162755
Kennedy Onkundi,3670,OSINDE,,,850,671162756
Narmin,1847,Osmanli,,,1789,671156501
Gulaiym,4600,OSMONOVA,,,850,671167398
Edelqueen Atieno,3459,OTHIGO,,,850,671162758
Patricia Aloo Olesi Otiato,3337,ZANG OWONO,,,850,671162760
Emmanuel Lokoya Lawrence,2829,OTIKA,,,850,671164450
Oya,2870,OTMAN,,,850,671162761
Moustapha,1751,Ouattara,,,850,671156076
Hajra,2621,AOUDI,,,1789,671162762
Andre,3924,Nabil Ouedraogo,,,850,671165007
Innocent,3325,Ouedraogo,,,850,671160754
Pingdewende Desire,3314,OUEDRAOGO,,,850,671162763
Leya Amonde,4491,OUKO-OUAMBO,,,850,671162764
Joseph,3197,OUMA,,,850,671162765
MAMAN SALISSOU,2950,OUSMANE,,,850,671165903
Felicia Mandy,4442,OWUSU,,,850,671162766
Godfrey Mchunguzi,4236,OYEMA,,,850,671166054
Mohamed Anmar,4212,OYON AL-SOOD,,,850,671162767
Katarzyna,3655,OYRZANOWSKA,,,850,671164205
Ceren,1900,Ozden,,,1789,671156555
Ezgi,4381,OZEN,,,850,671164112
Arif,4400,OZKAN,,,850,671164119
Mustafa,4382,OZTURK,,,850,671164128
Raffaella,3040,PASCARELLA,,,850,671165797
Brice,3053,PADANG OMANG,,,850,671162768
Peter,3925,PADIET,,,850,671164889
Jorge Isaac,4374,PADILLA PINA,,,850,671162769
Dominika,3656,Padjasek,,,850,671164294
Karnga,4610,PAEGAR,,,850,671166792
Emilie Sandra,4067,PAGE,,,850,671162770
Jacob,3335,PAHAR,,,850,671162771
Robert Andrew,2830,PAINTER,,,850,671164451
Tomasz,3660,Pajda,,,850,671164256
Palacios,2935,Eloy,,,850,671166292
Meriam,3497,PALMA,,,850,671166098
Maria,3662,PAMULA,,,850,671162773
Oksana,2564,PANASENKO,,,1789,671162774
Yodtad,1773,Panswad,,,1789,671156624
Yagyan,1991,Panta,,,1789,671157287
Binod,3145,PANT,,,850,671162775
Roger,3010,PANZE,,,850,671166333
spyridoula,2662,papadioti,,,850,671163994
Anastasia,2697,Papanastasiou,,,850,671164014
Juan Sebastian,3402,PARDO PEÑUELA,,,850,671162776
Laura,2654,Caitlin,,,850,671163980
Elizabeth,3238,PARR,,,850,671162777
Mahoua,4237,BAMBA PARUMS,,,850,671162778
Parmod,163,Verma,,,107,671134005
alin,3709,Pascaru,,,850,671164223
Faika,2692,Pasha,,,850,671163997
Senada,2656,PASOVIC,,,850,671163965
Ram,4443,PAUDEL,,,850,671164511
Samuel,3917,Paul,,,850,671164900
Mario,2773,PAVLOVIC,,,850,671164526
Maria Paz,4544,CASTILLO,,,850,671166819
Andrea,2705,Pecoraro,,,850,671164038
Line Kristel,4069,ASTROM,,,850,671162779
Ibrahim,1834,Peghouma,,,1789,671156655
Milica,3258,RADONJIC,,,850,671162780
Melek,2864,PEKBAS,,,850,671164118
Bulent,2348,PEKER,,,850,671160431
Chiara,2723,Pelaia,,,850,671164044
Anna Maria,4265,PELOSI,,,850,671162781
Marcia,1801,Penicela,,,1789,671156576
Elizabeth,3473,Peralta,,,1789,671156352
Haydee,3863,Pereyda,,,850,671157447
Erika,4581,IGLESIAS,,,850,671166836
Francisco,2652,Perez,,,1789,671158113
Jesus,4539,PEREZ,,,850,671166805
Dimitrije,2574,Pesic,,,1789,671157420
Zusana,1335,Petovska,,,1789,671152252
Zuzana,2596,PETOVSKA,,,1789,671163394
Violetta,1856,Petridou,,,1789,671156340
Kalliopi,2885,PETROPOULOU,,,850,671162782
Maria,1845,Petrosyan,,,1789,671156499
Katya,2669,PETUSHOK,,,850,671163999
Olga,2360,PIETRUCHOVA,,,850,671160406
Jakub,3663,Pilch,,,850,671164273
Pineda,2936,Shaila,,,850,671166293
Waleska,4540,PINEDA,,,850,671166809
Miroslava,2357,PINKOVA,,,1789,671160422
Christoph,3209,PINTER,,,1789,671162783
Sorina,2831,PINZARU,,,850,671164452
Andi,3155,PIPERO,,,850,671164530
Viviane,3482,TABLEROS PLATA,,,850,671162784
kate,4508,POCHAPSKY,,,850,671166781
Reka,1379,Polgar,,,72,671153456
Thaila,2730,Poli,,,850,671164057
Erwin,2923,Policar,,,850,671166216
Yana,3657,Polish,,,850,671164278
Arnold,2363,PONESZ,,,850,671160401
Andreea,2517,Popescu,,,1789,671163355
Eugeniu,2845,POPESCU,,,850,671164453
Gordana,2607,POPOVIC,,,1789,671162785
Danijela,2354,POPOVIC-EFENDIC,,,850,671160434
Dancho,3433,POPOVSKI,,,850,671164165
Natalia,2846,POSTARU,,,850,671164454
Cornelia,2847,POVAR,,,850,671164455
Irem,3498,POYOS,,,850,671166094
Pradeep,4695,Pradhan,,,850,671168067
Bujar,2742,PREBREZA,,,850,671164066
Lucia,3665,PRIETO RUIZ,,,850,671162787
Marco,3678,Procaccini,,,850,671164263
Daria,4452,Pryshedko,,,1789,671163866
Praveen,165,Surepalli,,,107,671134986
Serhii,4453,PTUKHA,,,1789,671162788
Nucamendi,2909,Manuel,,,850,671166281
Ruchitha,2552,Puram,,,72,671163370
Zeeshan Ahmad,2707,Qamar,,,850,671164028
Constanze Alexandra Claudia,4458,QUOSH,,,850,671162789
Ali,3537,RAAD,,,850,671162790
Ildiko,2321,RACZ,,,850,671160387
Kamal,3679,Raczynski,,,850,671164266
Noemi,2317,RADNAI,,,1789,671160381
Malak,4140,Rahal,,,850,671165667
Md. Atiqur,3234,RAHMAN,,,850,671162791
Md Saifur,3240,RAHMAN,,,850,671164864
Rajuina,3235,RAHMAN,,,850,671162792
Daniela,1946,Raiman,,,1789,671157198
Meiram,4664,RAKHIMBEKOV,,,850,671167940
Natalia,2185,Ram,,,850,671159802
Mirfat Farid Ibrahim,4486,RAMADHAN,,,850,671162794
Vidjea Barathy,3735,RAMAMURTHY,,,1789,671162795
Nathalie,4556,RAMI,,,850,671166839
Mario,2932,RAMIREZL,,,850,671166280
Ines,3680,Ramlau,,,850,671164296
Rajkumarie,2852,RAMNATH,,,850,671164456
Valentina,2725,Ranaldi,,,850,671164047
Muge,3668,RANDA,,,850,671164181
Abeda,3237,Ranesa,,,850,671164865
Slobodan,3241,RASCANIN,,,850,671162796
Sarah,2533,ALRASHDAN,,,850,671162797
Ritta,4141,RASHED,,,850,671162806
Mohammad Omid,3889,RASHIDFAROKHI,,,850,671162807
Waleed Rashwan Mahran,3926,RASHWAN,,,850,671162808
Margarita,3940,DE LA RASILLA DEL MORAL,,,850,671162809
Maybritt,2581,RASMUSSEN CRESPO,,,1789,671162810
Ana,3262,RASOVIC,,,850,671164473
Ravindra,3937,RATHNAYAKE,,,850,671162811
Indrika,4255,RATWATTE,,,850,671162812
Anne-Elisabeth,3408,RAVETTO,,,850,671162813
Christopher,3842,RAYMOND,,,850,671162814
Edyta,3669,RECZKOWSKA,,,850,671164206
Allan Reginald Taniel,4258,TEMBA,,,850,671162815
Maria Isabel,3131,Remolina,,,850,671164786
Pierre Marc,2907,RENE,,,850,671166287
Christian,3722,Renson,,,850,671164221
Francois,3267,REYBET-DEGAT,,,1789,671162817
Carolina,3107,Reyes,,,850,671164785
Matthew,4459,REYNOLDS,,,850,671162818
Ridha,2943,REZGUI,,,850,671165892
Soo-Jin,3259,RHEE,,,850,671162819
Muhammad,3460,RIAZ,,,850,671162820
Italo,3273,RIBEIRO ALVES,,,850,671162821
Joao,4627,Ribeiro Rodrigues,,,850,671167576
Giulia,2756,RICCIARELLI RANAWAT,,,850,671162822
Anna,2672,RICH,,,1789,671162823
Betul,4401,RIFAIOGLU,,,850,671164115
Claudia Loana,3470,RINCON PALACIOS,,,850,671162825
Kleva,4427,Riza,,,1789,671163860
Christine,3546,RIZKALLAH,,,850,671162826
Sumbul,4070,RIZVI,,,850,671165763
Kimberley,3502,ROBERSON,,,850,671162827
Samira,3870,ROBERTS,,,850,671162828
Luiz,3256,Rocha,,,1789,671157293
Rafael,3133,Rodovalho,,,1789,671157440
Claudia Isabel,3206,RODRIGUEZ SIRTORI,,,850,671162829
Nicolas,1873,Rodriguez Serna,,,1789,671156507
Naseer Ahmad,3146,RODWAL,,,850,671162830
Dalia,4072,ROGEMOND,,,850,671162831
Oleg,2326,ROGOZA,,,1789,671160405
Teodora,3710,Rogozea-weatherlake,,,850,671164227
Jose Alejandro,3403,ROJAS,,,850,671162832
Johanna,3109,ROLDAN,,,850,671162833
Alessandra,2902,Romano,,,850,671166100
Marta,3548,ROMERO,,,850,671162834
Ana Maria,3404,Romero,,,850,671157409
Segunda,3631,RONALDO,,,850,671167126
Siti,1767,Rosfa,,,1789,671156616
Flavia,3875,Donovan,,,850,671153432
Marcello,2736,Rossoni,,,850,671164058
Ana,2892,ROTARI,,,1789,671162835
Zahra,3890,ROUDASHTI,,,850,671162836
Erasmia,2714,Roumana,,,850,671164015
Babiche,3671,Routledge,,,850,671164286
Sharife Nisreen,4108,RUBIAN,,,850,671162837
Juvenal,2925,RUBAYIZA,,,850,671162838
Habimana,3057,RUKARA,,,850,671162839
Josephine,1812,Runesu,,,1789,671156580
Saida,3216,RUSTAMOVA,,,850,671164519
Shoira,3279,RUZYBAEVA,,,1789,671162840
Veronique,4574,DE RYCKERE,,,850,671166826
Kacper,2168,Rynio,,,850,671159799
Reporting,2764,UVT,,,1434,671164054
Reporting,1546,API,,,1434,671154974
Rajaa Abdullah,4142,SAADOON,,,850,671162842
Regina Maria,2765,SAAVEDRA,,,850,671162843
Aditi,4676,Sabbarwal,,,850,671168023
Aden,3672,ABDILE,,,850,671162844
Muheet,4038,SABUT,,,850,671162845
Victor Ndiwa,3673,SABILA,,,850,671162846
Nadira,3681,SABIROVA,,,850,671164180
Wali,1357,Sadat,,,850,671152261
Somayyeh,1365,Sadermousavi,,,1789,671139828
Sylwia,3682,SADURA,,,850,671164183
Asif,3483,SAEED,,,850,671162847
Olga,2587,SAET,,,1789,671162848
Mahir,3736,SAFARLI,,,1789,671162850
Saffi,3031,AL-HADJ ABDOULAYE,,,850,671162851
Morsal,3147,Safi,,,850,671157179
Sean,2848,SAGER,,,850,671164457
Katja Johanna,3441,SAHA,,,1789,671162852
Ahmed,1765,Sahibzada,,,1789,671156611
Badri,3513,SAID HOUSSSEIN,,,850,671166003
Rano,4093,SAIDUMAROVA,,,850,671162853
Karmen,3184,SAKHR,,,850,671162854
Sakor H.,3527,YOHONDAMKOUL,,,850,671162855
Jeffry,3579,Salas,,,850,671156351
Geraldine J.G.,4073,SALDUCCI PETRUCCELLI,,,850,671162857
Charles,2571,SALEH,,,1789,671162858
Ivan,4666,SALEYEU,,,850,671167944
Dania,3865,Salgado,,,850,671157446
Moussa,3320,SALIFOU,,,850,671162859
Pola,3995,Salih,,,850,671162860
MOUMINOU,2957,SALIOU,,,850,671165859
Ali,1752,Sallah,,,850,671156077
Margarita,1864,Salteri,,,1789,671156517
Cecilia,3111,Samaniego,,,850,671164787
Jose Xavier,3492,SAMANIEGO,,,850,671162861
Seydina Mohamed Bamby,3787,SAMB,,,850,671162862
Catalina Andrea,2816,SILVA SAMPAIO,,,850,671164458
Jollyn Machangu,3831,SAMUEL,,,850,671162863
Ana Laura,3113,Sanchez,,,850,671164754
Jesus,3871,PEREZ SANCHEZ,,,850,671162864
Roger,2801,Sanchez,,,1789,671157344
Oscar Manuel,3274,SANCHEZ PINEIRO,,,850,671162865
Annika Vivi Elene,4005,SANDLUND,,,850,671162866
Monica,3434,SANDRI,,,850,671162867
Sabina,2853,SANDU,,,850,671164459
Moses,3060,SANGO,,,850,671162868
Saowanee,4289,SANGSAWANGSRI,,,1789,671162869
Fabrice,2994,SANGUEBE-NANDJI,,,850,671166343
Altagracia,3159,SANTA ANA  ANGUIANO,,,850,671162870
Julio Enrique,2814,SANTILLAN,,,850,671162871
Azaria,4566,SANTOS,,,850,671166814
Aline,3276,Briseno,,,850,671157441
Larmie,3801,Sanyon,,,850,671156831
Batyr,3683,Sapbiyev,,,850,671164237
Georgios,2703,Saragas,,,850,671164023
Maria Antouaneta,2854,SARANTI,,,1789,671162872
Panagiotis,2704,Sarantopoulos,,,850,671164024
Sena,4671,Sarikoc,,,850,671168002
Hyacinthe Diegane,3769,SARR,,,850,671162873
Mir Mohammad,3148,SARWAR,,,850,671165011
Isiss,4620,SAUCEDA,,,850,671166801
Sarah-Jane,3872,SAVAGE,,,850,671162875
Anastasiia,4428,Savchuk,,,1789,671163747
Germana,2737,Savino,,,850,671164059
Paolo,3684,SAVIO,,,850,671164188
Evanthia,2700,Savvopoulou,,,850,671164019
Haruka,3242,SAWADA,,,850,671162876
Oleg,3685,Sawicki,,,850,671164250
Vatcharin,3686,Sayarath,,,850,671164288
Pamela,3484,SAYEGH,,,850,671162877
Redha,3201,SBAHIYA,,,850,671162878
Nina,3243,SCEPANOVIC,,,850,671164474
Maria,4429,SCHILPEROORD,,,850,671162879
Catherine,4598,SCHNEIDER,,,850,671166841
Hans Friedrich,4101,SCHODDER,,,850,671162880
Katalin,1879,Schranz,,,1789,671156521
Bettina,2946,SCHULTE,,,850,671165896
Carolina,2855,SCLIFOS,,,850,671164460
Ndaizele,4259,SEBABILI,,,850,671162881
Julia,4260,SEEVINCK,,,850,671162884
Daniela,3153,Segovia,,,850,671164789
Gul,2032,Seiar,,,1789,671157505
Johanna,3751,SEIDL,,,850,671162885
Negussie,3715,SEIFU,,,850,671162886
Azamat,4094,SEITKHAMIT,,,850,671162887
Tatiana,2614,Selivanova,,,1789,671163373
James,4003,SEMUYABA,,,850,671162888
Amit,1404,Sen,,,1789,671153625
Claudia,3161,Sepulveda,,,850,671164769
Yacouba,1957,Sere,,,1789,671157236
Sheila,4559,SERON,,,850,671166804
Ana Raquel,3405,SERRANO DIAZ,,,850,671162889
Yasmine,3549,TAWFIK,,,850,671162890
Meskerem,4075,SERTSE GEBRESELASSIE,,,850,671162891
Salim,4419,SESSANGA,,,850,671162892
Thais,2359,SEVERO,,,850,671160417
Gabriela,3540,Sevilla,,,850,671157415
Hassane,3327,SEYDOU LARABOU,,,850,671162893
Aydan,3217,SEYIDOVA,,,850,671164524
Mohanad Hussein Abdul Hadi,3202,SHABANAH,,,850,671162894
Firas,4213,SHABAN,,,850,671162895
Hadir,1361,Shady,,,1789,671145578
Sereen,4090,Shahatit,,,850,671139825
Naila,3192,SHAHBAZOVA,,,850,671164520
Dipendra Bahadur,4150,SHAHI,,,850,671162896
-,3149,TIMOR SHAH,,,850,671162897
Muhammad,157,Shahzad,,,1789,671136048
Hamed,4617,SHAKER,,,850,671167424
Sara,4058,SHAKIB,,,850,671162898
Reyhaneh,3820,SHAKIBAIE,,,850,671162899
Malika,4261,SHAKYAM,,,850,671166059
Muhammad Ahsan,3260,SHAMIM,,,850,671162900
Norain,4278,SHAMSUDIN,,,850,671162901
Divita,4673,Shandilya,,,850,671168008
Sharvari,2553,Lambate,,,72,671163371
Hashim M E Mahmood,3204,SHARIEF,,,850,671162902
Tammi L.,3485,SHARPE,,,850,671162903
Musa Abaker Yousif,4004,SHATA,,,850,671162904
May,2350,AL-SHAWAWREH,,,850,671160424
Anatolii,4667,SHCHERBYNA,,,850,671167947
Dima,4220,SHEHAYED,,,850,671162905
Shaza,4165,Shekfeh,,,850,671163081
Victoria,4383,SHEPARD,,,850,671164116
Sherbano,2004,Sheraly,,,1789,671157328
Salma,3560,SHERIF,,,850,671162907
Shoko,4167,SHIMOZAWA,,,850,671162908
Adan Mawlid,3832,SH ISAHAQ,,,850,671162909
Jael Paris,3486,MARARU,,,850,671162910
Alexandra,3726,SHISHKOVA,,,850,671164483
Arya,3978,SHOAIE,,,850,671162911
Beatrice,2988,SHOMKEGH,,,850,671166235
Arjun,2740,SHRESTHA,,,850,671164064
Sushant,1792,Shrestha,,,1789,671156630
Kritika,4672,Shrivastava,,,850,671168004
Ritu,4169,SHROFF,,,850,671162912
Silviya Markova,3816,SHTILIYANOVA,,,850,671162913
Enkelejda,3168,SHTUFI,,,850,671164529
Viktoriia,4454,SHTURMAN,,,850,671162914
Keane,4266,SHUM,,,850,671162915
Ejona,1360,Shundi,,,1789,671152275
Karyna,2671,SHUT,,,850,671164002
Vira,3687,Shvadchak,,,850,671164258
Daniel,3752,SIBOMANA,,,850,671162916
Khurram,3487,SIDDIQI,,,850,671162917
Abdul Mateen,3150,SIDDIQUI,,,850,671162918
Paulina,3162,Silos,,,850,671164770
Hector,2931,SILVA,,,850,671166282
Yelena,4680,SIM,,,850,671167934
Jestina,3833,Simba,,,850,671164922
Burak,169,Sinanoglu,,,1789,671131772
Pranav,4444,SINGH,,,850,671162920
Vladimiras,3392,SINIOVAS,,,75,671164542
Natalia,3727,SINYUKOVA,,,850,671164481
Rebecca,4586,SISON,,,850,671166097
Marian,3723,Sitar,,,850,671164231
Shobna,4267,SIVARAMAN,,,850,671162921
Tinatin,3798,SKHIRTLADZE,,,850,671162922
Nataliia,4430,Skotska,,,1789,671163868
Frederik,4170,Smets,,,850,671164705
Peter,2631,Smidt,,,850,671128590
Erna,1785,Smith,,,1789,671156566
Oliver,4384,SMITH,,,850,671162923
Anamaria,2759,Soare,,,850,671164174
Ousmane,4292,Sok,,,850,671165598
Maria,3580,Solano,,,850,671159446
Natalia,3674,Solorz,,,850,671164245
Olesya,3716,SOLDASHENKO,,,850,671164479
John,4589,SOLECKI,,,1789,671166754
Timofey,2896,SOLODKOV,,,1789,671162925
Francis,1961,Soma,,,1789,671157242
Inas,3561,Sombol,,,850,671165082
Bangnia Fortunat,3326,SOMDA,,,850,671162926
Jing,3261,SONG,,,850,671162927
Sadaf,3165,Soofi,,,850,671164788
Selam,2558,SOUM,,,1789,671163329
Babacar Gamby,3770,SOW,,,850,671162928
Minkailou Abdoulaye,3102,SOW,,,850,671162929
Seydou Nourou,4588,SOW,,,850,671162930
Bernard,3834,SOY,,,850,671162931
Nicolas,2806,Spagnuolo,,,850,671165034
Carolin,3292,SPANNUTH-VERMA,,,850,671162932
Spyridon,3676,Livas,,,850,671164274
Athanasios,2719,Stamos,,,850,671164026
Catalina,1913,Stan,,,1789,671156546
Magdalena,3621,Stanczyk,,,850,671164297
Aimilia,2886,STATHOULIA,,,850,671162933
Maria,4221,STAVROPOULOU,,,850,671162934
Kalliopi,3821,STEFANAKI,,,850,671162935
Sona,2344,RYSOVA,,,850,671160418
Natalia,2849,STELEA,,,850,671164461
Olesia,4109,STEPANENKO,,,850,671162936
Angeline,4279,Stephen,,,1789,671158299
Katarina,2375,STIGLINCOVA,,,850,671160410
ANDRE,2382,STIVAL,,,850,671160545
Alina Maria,4098,STOBBS,,,850,671162937
Gordana,1850,Stojnic,,,1789,671156504
Paul Olaf,4091,STROMBERG,,,850,671162938
INGE,2951,STURKENBOOM,,,850,671165876
Tatiani Elisavet,2413,Stylianaki,,,850,671160667
Aleksandra,3688,Stys-wattar,,,850,671164260
Jaime Alberto,3406,SUAREZ AGUDELO,,,850,671162939
Joanna,3677,SUBKO,,,850,671164208
Darko,2676,SUCIC,,,850,671162940
Andreea,1891,Teodora Suhariuc,,,1789,671156542
Viktoriia,2583,SUKHANOVA,,,1789,671162941
Khan Mohammad,3151,SULTANI,,,850,671162942
Shahida,3461,SULTAN,,,850,671162943
Saurabh,4674,Suman,,,850,671168012
Dhan Bahadur,3108,SUNUWAR,,,850,671162944
Suranchana,1339,Supiyaphun,,,1789,671152263
Malgorzata,3689,SURAJ,,,850,671164215
Abdourakhmane,3771,SY,,,850,671162945
LUAN,2739,SYLAJ,,,850,671162946
Papa Kysma,3421,SYLLA,,,850,671162947
Aga,3698,SZEWCZYK,,,850,671164178
Somayyeh,1362,Sadremousavi,,,850,671152269
Aditya,1774,Saxena,,,850,671156629
Peter,2403,Smidt,,,850,671160666
Goran,1778,Stojanovski,,,850,671156622
Portia,4521,TACHIWONA,,,850,671166084
Raymond,3488,TAGLE JR,,,850,671162948
Tala,4099,TAHBOUB,,,850,671162949
WARDAK,3927,TAHIR,,,850,671164886
Lubna Raad Taher,4059,TAHER,,,850,671162950
Houda,2888,TAHOUNE,,,850,671164114
Alexandra,2318,TAKACS,,,850,671160382
Noriko,3290,TAKAGI,,,850,671162951
Tae,4173,Takahashi,,,1789,671141954
Yumiko,3110,ISHIKAWA TAKASHIMA,,,850,671162952
Svend,2605,TALMA,,,1789,671162953
John Fitzgerald,4174,TAMALE,,,850,671162954
Yasin,4487,TAMER,,,850,671162955
Shahima Tanzim,3263,TAMIM,,,850,671162956
Elizabeth Ann,4175,TAN,,,850,671162957
Ephraim Wee Thiam,2585,TAN,,,1789,671162958
Sonia,4686,Taneja,,,850,671168005
Valentin,3873,TAPSOBA,,,850,671162959
Nina,3415,TAPSOBA,,,850,671162960
TARALUNGA,2385,ALEXANDRA,,,850,671160556
Akram,3317,TARFAOUI ZIADI,,,850,671162961
Zsofia,2335,TARR,,,850,671160385
Elias,4214,TARZIBACHI,,,850,671162962
Dincer,4499,TASCIKAR,,,850,671162963
Marouane,3024,TASSI,,,850,671165800
Horatiu,4256,Tatar,,,850,671167247
Jean-Robert,3205,Tavasimwa,,,850,671165741
Blanche,4460,TAX,,,850,671162964
Su Yuen,4280,TAY,,,850,671162965
Iris,3475,TAYAG,,,850,671166095
Eri,2033,Tayama,,,1789,671157511
Blaise,3055,Tayeye,,,850,671156639
Serge,1754,Tchelibou,,,1789,671156080
Annick-Laure,4670,Tchuendem,,,850,671168021
Arayaselasie,3728,Techalu,,,850,671164924
Tejan-Cole,3835,MOHAMMED,,,850,671164885
Marre,3186,TEN HOLDER,,,1789,671162968
Victoria Jane,4402,TENNANT,,,850,671162969
Ambar,3541,Teran,,,850,671157430
Mai,1780,Terawaki,,,1789,671156592
Aminata,3738,TERRINE,,,850,671162970
Juan Antonio,1898,Teruel,,,1789,671156552
Anteneh,2597,TESFAYE,,,1789,671162971
Samuel,4420,TESFAYE,,,850,671162972
Nashon Mutiso,3112,THAMBU,,,850,671162973
Pakkaporn,4277,THANAAPIMONTRI,,,850,671162974
Bishnu Bahadur,4421,THAPA,,,850,671162975
Luis,3167,Theran,,,850,671164752
May Kyu,3301,THINN,,,850,671162977
Ruot Gatwech,3774,Thor,,,850,671164915
Katharina,1395,Thote,,,1789,671153463
Isaac,3083,TIANTSE TAKAMGNO,,,850,671166563
Rima,3729,TIBILOVA,,,850,671162978
Igor,2856,TIBULEAC,,,850,671164462
Diana,2761,TIFOR-GRAM,,,850,671162979
Dora,3495,TILLMANN,,,850,671162980
Martin,1784,Tindi,,,1789,671156396
Hinako,4159,TOKI,,,1789,671162981
Branka,2675,TOMIC,,,850,671163966
Lukasz,3690,TOMIK,,,850,671164207
Denise,2349,TONEL,,,850,671160427
Admire,3938,TONGOWONA,,,850,671162982
Alberto,2857,TONON,,,850,671164463
Godfrey,2008,Toolit,,,1789,671157321
Nidia Ines,3407,TORO CHAMORRO,,,850,671162984
Jose Guillermo,2928,Torres,,,1789,671157429
Davide,3253,TORZILLI,,,850,671162985
Anthony,1359,Toulany,,,1789,671152272
Mohamed,4281,TOURE,,,850,671162986
Khalil Koutia,3084,TOURE,,,850,671166564
Mandjouh Ousmane,3054,TOURE,,,850,671162987
Clementine,3358,TOUTCHE,,,850,671166012
Youssef,4311,Touzri,,,850,671164080
Roberline Flore,4153,TOZWEN TEUNKWA,,,850,671162988
Sarah Hadjer,2580,TRABSI,,,1789,671162989
Vito,3183,TRANI,,,850,671162990
Abdoul Karim,2940,TRAORE,,,850,671162991
Valentina,2735,Traverso,,,850,671164056
BI TIZIE,2949,TRE,,,850,671165902
Anne Helene Marie,3281,TRIBOULET,,,850,671162992
Joanna,3691,Tricoli,,,850,671164301
Ivona Iuliana,3849,TRUSCAN,,,850,671162993
Tornike,2693,Tsagareishvili,,,850,671164008
Konstantinos,3692,TSAKALAKIS,,,850,671162994
Emmanouela,2699,Tsapouli,,,850,671164016
Muriel Nadine,2322,TSCHOPP,,,850,671160388
Abiyu Tsegaye,3775,GEBRE,,,850,671162995
Mbavu,3039,TSHILOMBO,,,1789,671162996
Nathan,2915,TSHIMANGA,,,850,671162997
Ioannis,2861,TSIFTELIS,,,850,671162998
Eirini Efthymia,2887,TSINGELIDOU,,,850,671162999
Vasiliki,2717,Tsipoura,,,850,671164021
Sarah,1797,Tsokalida,,,1789,671156570
Theodora,3822,TSOVILI,,,850,671163000
Olga,3717,TSVETOVA,,,850,671164485
Aye Nilar,3291,TUN,,,850,671163001
Eylul,4403,TUNCEL,,,850,671164090
Mansur,3836,TURAEV,,,850,671163002
Olena,4568,TURCHYN,,,850,671166818
Przemyslaw,3699,Turkiewicz,,,850,671164235
Berta Victoria,3471,TURNER BARRAGAN,,,850,671163003
Win,1769,Thida,,,850,671156618
Mehtab,2018,Ud Din,,,1789,671157506
Takayuki,3939,UENO,,,850,671163004
Mehlika,2867,UGRAK,,,850,671163005
Azim,1994,Ullah,,,1789,671157303
Catherine,4522,UM,,,850,671166078
Prosper,1987,Umubyeyi,,,1789,671157231
Marie Claire,3776,Umutoniwase,,,850,671158216
Olesea,1881,Ungureanu,,,1789,671156527
API Dev,1083,User,,,107,671150181
Ivana,4591,UNLUOVA,,,850,671166755
Karol,3700,Urbas,,,850,671164307
Martha Yolima,3386,URIBE LEMOS,,,850,671163006
Hanna,2858,URSOL,,,850,671164464
Vitaliy,3701,Ustinyenkov,,,850,671164262
Vanessa,2772,Vaca Landeta,,,850,671164196
Claire,3248,Vaessen,,,850,671165596
Ekta,2010,Valani,,,850,671157666
Tanya,1872,Valchanova,,,1789,671156506
Lorena,3139,Valdes,,,1789,671157442
Danilo Javier,2713,Valdiviezo Rodriguez,,,850,671164030
Ekaterina,2562,VALISHVILI,,,1789,671163007
Enrique,4463,VALLES RAMOS,,,850,671163008
Maria,3934,VALLES FERRERO,,,850,671163009
Caroline,4118,VAN BUREN,,,850,671163010
Evelien,4291,VANDEVEN,,,850,671163012
Johanna,3928,Jolanda Van Dijk,,,850,671165006
Karthik,2601,VANNIASINGAM,,,1789,671163013
Gonzalo,3266,VARGAS LLOSA,,,850,671163014
Gabriela Maria,3418,VARGAS SELVA,,,850,671163015
Josep N,3114,VARNIE II,,,850,671163016
Vladmir,1772,Vaslievski,,,1789,671156620
Lorena,3156,VASQUEZ VILLARREAL,,,850,671163017
Monica,3230,VAZQUEZ RODRIGUEZ,,,850,671164465
Margriet,3881,VEENMA,,,1789,671163018
Sai Sreenivasulu,4176,Velampalli,,,850,671163019
Angie Paola,3387,VELANDIA ORTIZ,,,850,671163020
Leslie Esther,3789,VELEZ,,,850,671163022
Asli,3956,Velieceoglu Yonca,,,850,671164289
Aliaksandr,1848,Velikarodnau,,,1789,671156502
Biljana,3451,VELJANOVSKA,,,850,671164159
Max,4177,VERDULT,,,850,671163023
Mirjana,2655,Vergas,,,850,671163984
Marie-Helene,3929,VERNEY,,,850,671163024
Jonas,4577,VERNIMMEN,,,850,671166828
Radmila,3264,VESOVIC,,,850,671164469
Tina,4157,Vidmar,,,850,671164712
Francesca,4312,VIGAGNI,,,850,671163025
Marzia,2945,VIGLIARONI,,,850,671165895
Hermann,3388,Villabona,,,850,671157438
Catalina,4563,VILLA,,,850,671166810
Villfañana,2934,Jackline,,,850,671166289
Margarita,1842,Vivas,,,1789,671156335
Fatos,2754,VOKSHI,,,850,671164069
Yuliia,4455,Striuk,,,850,671163867
Karina,2850,VOLOKH,,,850,671164467
Attila,1403,Vondorkovics,,,850,671153443
Ani,2659,Vuletic,,,850,671163993
Sebastiao,1815,Vemba,,,850,671156583
Abdul,1882,Wadood,,,1789,671156528
Ahmad Jawad,3115,WAFA,,,850,671163026
Mohamed,4432,ABDEL WAHAB,,,850,671163027
Thinn,1768,Wai,,,1789,671156617
Fatoumata,4268,WAIGALO,,,850,671163029
Abdul Wajid,3462,KHAN,,,850,671163030
Jeff,4270,Walsh,,,850,671164713
Jane Wanjiru,4178,WAMBUGU,,,850,671163031
Isaac,2561,WAMUHU,,,1789,671163342
Aimee,1806,Wamuramiye,,,850,671156642
Michal,2183,Wangrat,,,850,671159803
Valentina,3851,WANG,,,850,671163032
Carmeline Wanjiru,4119,MWENJA,,,850,671163033
John,4579,WARNES,,,850,671166833
Najma Abdikarim,3844,WARSAME,,,850,671163034
Vijaya,3293,WASTI,,,850,671163035
Aime Nlumbu,3282,WATA,,,850,671163036
Shiori,2757,Watanabe,,,850,671164169
Mildred,2618,WATCHIPA,,,1789,671163037
Louise,1918,Watsford,,,850,671156556
Johann,3157,Weigend,,,850,671164767
Karen,3737,WHITING,,,850,671163038
Frederick,4464,WILKINSON,,,850,671163039
Jane Irene,4040,WILLIAMSON,,,850,671163040
Andreas,3793,WISSNER,,,850,671163041
Stephanie Minette,2336,WOLDENBERG,,,1789,671160386
Joseph,4492,WOMBA,,,850,671163042
Worapanit,4298,Wongsaprom,,,850,671163043
Eno-Obong,2987,WRIGHT,,,850,671166234
Dereje Wubishet,2594,ZEGEYE,,,1789,671163044
Chao,3463,WU,,,850,671163045
Etsegenet,4293,Wudneh,,,850,671156631
Andrea,3800,Wysocki,,,850,671165822
Avdul,1858,Xhani,,,1789,671156497
Girma,3753,YADETA,,,850,671163046
Aydin,2890,YAMAN,,,850,671164089
Inga,3389,YANCES RAMIREZ,,,850,671163047
Symphorien,3007,YANGAKONGBO,,,850,671166330
Yanik,4250,YANKEU YANKEU,,,850,671166047
Rose,3019,YARDENO,,,850,671166349
Moussa,1753,Yarga,,,850,671156079
Mirwais,3116,YARZADA,,,850,671163048
Jose Carlos,2802,YEE QUINTERO,,,850,671163049
Sahakanush,4720,Yeghiazaryan,,,850,671164698
Naomi,3063,YERIMAN,,,850,671166476
Zhanna,4665,YERZHANOVA,,,850,671167943
Henok Yilma,4422,HABTEWOLD,,,850,671163050
Dieudonne Tshipala S,3071,YIWEZA,,,850,671166565
Frida,3790,YOHANNES,,,850,671163051
Ismet,4385,YOLALAN,,,850,671164078
James,3169,Yong,,,850,671164750
Noriko,3464,YOSHIDA,,,850,671163052
Malek,4215,YOUSSEF,,,850,671163053
Maksym,3702,Yuriev,,,850,671164242
Maria,3935,De Zabala Hartwig,,,850,671164694
Sherzod,1343,Zairzhanov,,,1789,671152268
Julia,4295,ZAJKOWSKI,,,850,671163054
Lubov,3730,ZAKHAROVA,,,850,671164484
Raz Muhammad,3117,ZAKI,,,850,671163055
Pablo Andres,2752,ZAPATA OLIVARES,,,850,671163056
Yolanda,3543,Zapata henry,,,850,671164285
Maria Nefeli,1867,Zarampouka Chatzimanou,,,1789,671156520
Bashar,4216,ZARNAJI,,,850,671163059
Keyla,3845,Zavala,,,850,671157418
Getachew,3791,Zemenu,,,850,671158217
Melesse,3777,ZENEBEWORK,,,850,671163060
Barbara,4179,Zeus,,,850,671153437
Elisabetta,2731,Zevola,,,850,671164060
Mulugeta,4570,ZEWDIE,,,850,671163061
Bekzat,1775,Zhakupov,,,1789,671156738
Kateryna,4456,ZHUCHENKO,,,850,671163063
Karolis,3983,ZIBAS,,,850,671164536
Romana,2342,ZIDAR,,,1789,671160402
Ahmad,1960,Zirkli,,,1789,671157241
Narjes,3979,ZIVDAR,,,850,671163064
Alba,3244,ZIVKOVIC,,,850,671164471
Adama,3098,ZONGO,,,850,671163065
Wend La Sida Alfred,3315,ZONGO,,,850,671163066
Charles,2944,ZOUEKE MAKOUAKA,,,850,671165894
Rayang-Ne-Wende Maxime,4605,ZOUNGRANA,,,850,671163068
Leonard,3152,ZULU,,,850,671163069
Lara,3703,ZUNELLI,,,850,671164179
Boban,1884,Zunic,,,1789,671156531
Ragini Trakroo,4506,ZUTSHI,,,850,671166778
Nazan,2753,ZYMBER,,,850,671164068
Emeline,1720,Nkoumou,,,850,671156117
Alan,141,Collins,,,72,671119427
Alan,1364,Collins,,,850,671153016
alexander,2136,thomas,,,850,671152766
Constança,1949,Altirriba,,,850,671157212
Veronica,2800,Andres,,,850,671157417
Arnab,96,Paul,,,72,671121314
Abraham,1718,Assondou,,,850,671156073
Marion,2052,Babot,,,850,671156845
Akoina,1747,Bahague,,,850,671156136
Alireza,1853,Bakhshayesh,,,850,671156338
Daniela,1855,Balseca,,,850,671156339
Ivan,1897,Banjalic,,,1789,671156551
Mauricio,1857,Torres,,,850,671156341
Joselyne,1719,Bazahica,,,850,671156074
Romaric,1721,Bekourou,,,850,671156133
Alejandra,1839,Bereskyj,,,850,671156349
Bhunnoo,2371,Yoske,,,850,671160550
Moussa,1973,Bock,,,850,671157211
Regina,1398,Bonney Andrews,,,850,671130858
Christian,97,Hofmann,,,72,671121988
Marie Therese,4184,CHAKBAZOF,,,850,671162106
Aakarsh,1402,Chaudhary,,,850,671153693
Aakarsh,1405,Chaudhary,,,850,671153636
Andrea,1831,Chavez,,,850,671156336
Maxime,1349,Cianni,,,850,671152250
VIKTORIA,2368,CSOZIK,,,850,671160543
Abdullahi,1956,Dubow W.,,,850,671157235
Zita,1833,Dzebas Matoukou,,,850,671156654
Nicole,2323,EPTING,,,850,671160389
Joccy,1868,Fajardo,,,850,671156345
Francis,1381,Faure,,,850,671153459
Tanzil,1978,Ferdous,,,850,671157220
Abiy,1975,Fikru,,,850,671157217
Assoumia,1808,Foulah,,,850,671156644
Chris,2386,Gamble,,,850,671160561
Peter,2399,Gebauer,,,850,671160559
Gayane,2400,Ghorkhmazyan,,,850,671160560
Fernanda,2365,GONCALVES PEREIRA CARVALHO,,,850,671160397
Marc,1717,Gounongbe,,,850,671156072
Valeria,1408,Grassi,,,850,671131173
Marthinus,95,Greyling,,,72,671128554
Sassa,1750,Guetande,,,850,671156075
Antonia Lisa,2338,HAEGNER,,,850,671160391
Nasra,1983,Hassan,,,850,671157227
Robert,1809,Heyn,,,850,671156645
Seerwan,2412,Ibrahim,,,850,671160576
Chiteta,1816,Isaac,,,850,671156636
Tzvetomir,1407,Ivanov,,,850,671130987
Emmanuel,1807,Kahara,,,850,671156643
Kamba,1746,Ndodangsou,,,850,671156135
Renata,1826,Kawabe,,,850,671156329
Felix,1972,Kayijuka,,,850,671157210
Admassu,1979,Kebede,,,850,671157221
Yasmin,2394,Keith Krelik,,,850,671160553
Muhammad Masud,2389,Khan,,,850,671160564
KHARUFA,2383,ISMAIL,,,1789,671160546
Ajmal,2328,KHYBARI,,,850,671160411
Ruth,1968,Kitonga,,,850,671157206
Sasha,1406,Lalevic,,,850,671153638
Yanda,1749,Leona,,,850,671156138
Peter,1397,Magala,,,850,671153637
Margaret,1984,Maina,,,850,671157228
Jane,1967,Makena,,,850,671157205
Monica,1830,Maldonado,,,850,671156346
Basiru,1741,Manjo,,,850,671156127
Mario,2120,Banovic,,,850,671158802
Martina,2352,MATYSOVA,,,850,671160430
Lalu,1952,Melese,,,850,671157216
Ivana,2331,MILENKOVIČOVÁ,,,850,671160423
Otto,1980,Mokake,,,850,671157222
Margarita,1827,Morales,,,850,671156331
Dennis,1382,Moroni,,,850,671153032
Edward,1954,Mugweru,,,850,671157226
Laetitia,1955,Mukeshimana,,,850,671157233
Serkadis,1951,Mulugeta,,,850,671157215
Gabriel,1977,Munene,,,850,671157219
Elijah,1985,Mwalimo,,,850,671157229
Pascal,1804,Nader,,,850,671156637
Raja,2392,Chandrasekaran Nagarajan,,,850,671160551
Anasztazia,2319,NAGY,,,850,671160383
Rozi,2325,NAGY-NÁDASDI,,,850,671160400
Henry,1996,Ndika,,,850,671157326
NDUWIMANA,1971,Benigne,,,850,671157209
Elisa,1819,Ngambi Gbaguidi,,,850,671156652
George,1982,Ngechu,,,850,671157225
Lydiah,1966,Njuguna,,,850,671157204
Catalina,1840,Noroña,,,850,671156347
Herve,1743,Nan,,,850,671156131
Jean D Amour,3750,NSABIYUMVA,,,850,671162728
Wycliffe,1981,Omwaka,,,850,671157223
Conrad,1976,Oroma,,,850,671157218
Peter,98,Becker,,,72,671121923
Ali,1844,Penalver,,,850,671156342
Andrea,1895,Popescu,,,1789,671156545
Gloria,2391,Pracucci,,,850,671160575
Purnima,164,Nalla,,,107,671134985
Daniela,1334,Raiman,,,1789,671152246
Danilo,1828,Ramos,,,850,671156332
Lubos,2366,RICHTER,,,850,671160394
Ogulbahar,2337,SAPARMYRADOVA,,,850,671160390
Sarah,413,Sayyad,,,107,671143804
Sebastian,2133,Kraus,,,850,671158801
Viktoriya,2345,SHABAN,,,850,671160425
Sameh,3558,Shenouda,,,850,671162906
Shibangika,174,Paul,,,108,671135533
Eduardo,1825,dos Santos,,,850,671156330
Blanka,2353,SIMUNKOVA,,,850,671160432
Sylvio,2132,Mueller,,,850,671158800
Stephen,196,Gibson,,,850,671139364
Emese,2324,SZILAGYI,,,850,671160396
Robert,1950,Taban,,,850,671157213
Sileshi,1974,Tessama,,,850,671157214
Fatoumata,1722,Toure,,,850,671156078
Anna,2341,TURUS,,,850,671160398
Tadeja,2327,URBAS,,,850,671160408
Sasha,2387,Valadzija,,,850,671160562
Dasa,2346,VASILOVA,,,850,671160428
Didier,1748,Vebamba,,,850,671156137
Phyllis,1953,Wetangula,,,850,671157224
Blandine,1810,Yamba,,,850,671156648
Ghyslain,1745,Ngoumba,,,850,671156134
Vladimir,1832,Zoa Liem,,,850,671156653
Agnes,1358,Chino,,,1789,671152265
Jessica,1366,Gut,,,1789,671152247
Brian,1824,Kombo,,,1789,671152248
