<?xml version="1.0" encoding="UTF-8" standalone="yes"?>
<MailSearch TotalResultsOnPage="28" TotalResults="28">
    <SearchResults>
        <Mail MailId="676790431">
            <ToUsers>
                <Recipient>
                    <OrganizationId>671093575</OrganizationId>
                    <OrganizationName>United Nations High Commissioner for Refugees</OrganizationName>
                    <Status>Overdue</Status>
                    <DistributionType>TO</DistributionType>
                    <FirstName>Deogratias</FirstName>
                    <Name>Deogratias Habimana</Name>
                    <UserId>671136894</UserId>
                    <LastName>Habimana</LastName>
                </Recipient>
                <Recipient>
                    <OrganizationId>671094793</OrganizationId>
                    <OrganizationName>Global Humanitarian Solutions</OrganizationName>
                    <Status>Overdue</Status>
                    <DistributionType>TO</DistributionType>
                    <FirstName>Michael</FirstName>
                    <Name>Michael GHS</Name>
                    <UserId>671155881</UserId>
                    <LastName>GHS</LastName>
                </Recipient>
            </ToUsers>
            <FromUserDetails>
                <OrganizationId>671093575</OrganizationId>
                <OrganizationName>United Nations High Commissioner for Refugees</OrganizationName>
                <FirstName>Deogratias</FirstName>
                <Name>Deogratias Habimana</Name>
                <UserId>671136894</UserId>
                <LastName>Habimana</LastName>
            </FromUserDetails>
            <Status>Overdue</Status>
        </Mail>
        <Mail MailId="676790477">
            <ToUsers>
                <Recipient>
                    <OrganizationId>671093575</OrganizationId>
                    <OrganizationName>United Nations High Commissioner for Refugees</OrganizationName>
                    <Status>Overdue</Status>
                    <DistributionType>TO</DistributionType>
                    <FirstName>Viola</FirstName>
                    <Name>Viola Caracciolo</Name>
                    <UserId>671135778</UserId>
                    <LastName>Caracciolo</LastName>
                </Recipient>
            </ToUsers>
            <FromUserDetails>
                <OrganizationId>671093575</OrganizationId>
                <OrganizationName>United Nations High Commissioner for Refugees</OrganizationName>
                <FirstName>Viola</FirstName>
                <Name>Viola Caracciolo</Name>
                <UserId>671135778</UserId>
                <LastName>Caracciolo</LastName>
            </FromUserDetails>
            <Status>Overdue</Status>
        </Mail>
        <Mail MailId="676790494">
            <ToUsers>
                <Recipient>
                    <OrganizationId>671093575</OrganizationId>
                    <OrganizationName>United Nations High Commissioner for Refugees</OrganizationName>
                    <Status>Overdue</Status>
                    <DistributionType>TO</DistributionType>
                    <FirstName>Attila</FirstName>
                    <Name>Mr Attila Vondorkovics</Name>
                    <UserId>671153443</UserId>
                    <LastName>Vondorkovics</LastName>
                </Recipient>
            </ToUsers>
            <FromUserDetails>
                <OrganizationId>671093575</OrganizationId>
                <OrganizationName>United Nations High Commissioner for Refugees</OrganizationName>
                <FirstName>Robert</FirstName>
                <Name>Mr Robert Berenyi</Name>
                <UserId>671153455</UserId>
                <LastName>Berenyi</LastName>
            </FromUserDetails>
            <Status>Overdue</Status>
        </Mail>
        <Mail MailId="676790565">
            <ToUsers>
                <Recipient>
                    <OrganizationId>671093575</OrganizationId>
                    <OrganizationName>United Nations High Commissioner for Refugees</OrganizationName>
                    <Status>Overdue</Status>
                    <DistributionType>TO</DistributionType>
                    <FirstName>Adel</FirstName>
                    <Name>Adel Kasenova</Name>
                    <UserId>671154209</UserId>
                    <LastName>Kasenova</LastName>
                </Recipient>
            </ToUsers>
            <FromUserDetails>
                <OrganizationId>671093575</OrganizationId>
                <OrganizationName>United Nations High Commissioner for Refugees</OrganizationName>
                <FirstName>Adel</FirstName>
                <Name>Adel Kasenova</Name>
                <UserId>671154209</UserId>
                <LastName>Kasenova</LastName>
            </FromUserDetails>
            <Status>Overdue</Status>
        </Mail>
        <Mail MailId="676790570">
            <ToUsers>
                <Recipient>
                    <OrganizationId>671093575</OrganizationId>
                    <OrganizationName>United Nations High Commissioner for Refugees</OrganizationName>
                    <Status>Overdue</Status>
                    <DistributionType>TO</DistributionType>
                    <FirstName>Adel</FirstName>
                    <Name>Adel Kasenova</Name>
                    <UserId>671154209</UserId>
                    <LastName>Kasenova</LastName>
                </Recipient>
            </ToUsers>
            <FromUserDetails>
                <OrganizationId>671093575</OrganizationId>
                <OrganizationName>United Nations High Commissioner for Refugees</OrganizationName>
                <FirstName>Adel</FirstName>
                <Name>Adel Kasenova</Name>
                <UserId>671154209</UserId>
                <LastName>Kasenova</LastName>
            </FromUserDetails>
            <Status>Overdue</Status>
        </Mail>
        <Mail MailId="676790642">
            <ToUsers>
                <Recipient>
                    <OrganizationId>671093575</OrganizationId>
                    <OrganizationName>United Nations High Commissioner for Refugees</OrganizationName>
                    <Status>Overdue</Status>
                    <DistributionType>TO</DistributionType>
                    <FirstName>Robert</FirstName>
                    <Name>Mr Robert Hurt</Name>
                    <UserId>671136281</UserId>
                    <LastName>Hurt</LastName>
                </Recipient>
            </ToUsers>
            <FromUserDetails>
                <OrganizationId>671094793</OrganizationId>
                <OrganizationName>Global Humanitarian Solutions</OrganizationName>
                <FirstName>Katharina</FirstName>
                <Name>Ms Katharina GHS</Name>
                <UserId>671155885</UserId>
                <LastName>GHS</LastName>
            </FromUserDetails>
            <Status>Overdue</Status>
        </Mail>
        <Mail MailId="676790695">
            <ToUsers>
                <Recipient>
                    <OrganizationId>671093575</OrganizationId>
                    <OrganizationName>United Nations High Commissioner for Refugees</OrganizationName>
                    <Status>Overdue</Status>
                    <DistributionType>TO</DistributionType>
                    <FirstName>Robert</FirstName>
                    <Name>Mr Robert Hurt</Name>
                    <UserId>671136281</UserId>
                    <LastName>Hurt</LastName>
                </Recipient>
            </ToUsers>
            <FromUserDetails>
                <OrganizationId>671093575</OrganizationId>
                <OrganizationName>United Nations High Commissioner for Refugees</OrganizationName>
                <FirstName>Robert</FirstName>
                <Name>Mr Robert Berenyi</Name>
                <UserId>671153455</UserId>
                <LastName>Berenyi</LastName>
            </FromUserDetails>
            <Status>Overdue</Status>
        </Mail>
        <Mail MailId="676790705">
            <ToUsers>
                <Recipient>
                    <OrganizationId>671093575</OrganizationId>
                    <OrganizationName>United Nations High Commissioner for Refugees</OrganizationName>
                    <Status>Overdue</Status>
                    <DistributionType>TO</DistributionType>
                    <FirstName>Robert</FirstName>
                    <Name>Mr Robert Hurt</Name>
                    <UserId>671136281</UserId>
                    <LastName>Hurt</LastName>
                </Recipient>
                <Recipient>
                    <OrganizationId>671094793</OrganizationId>
                    <OrganizationName>Global Humanitarian Solutions</OrganizationName>
                    <Status>N/A</Status>
                    <DistributionType>CC</DistributionType>
                    <FirstName>Katharina</FirstName>
                    <Name>Ms Katharina GHS</Name>
                    <UserId>671155885</UserId>
                    <LastName>GHS</LastName>
                </Recipient>
            </ToUsers>
            <FromUserDetails>
                <OrganizationId>671093575</OrganizationId>
                <OrganizationName>United Nations High Commissioner for Refugees</OrganizationName>
                <FirstName>Robert</FirstName>
                <Name>Mr Robert Berenyi</Name>
                <UserId>671153455</UserId>
                <LastName>Berenyi</LastName>
            </FromUserDetails>
            <Status>Overdue</Status>
        </Mail>
        <Mail MailId="676790718">
            <ToUsers>
                <Recipient>
                    <OrganizationId>671093575</OrganizationId>
                    <OrganizationName>United Nations High Commissioner for Refugees</OrganizationName>
                    <Status>Overdue</Status>
                    <DistributionType>TO</DistributionType>
                    <FirstName>Viola</FirstName>
                    <Name>Viola Caracciolo</Name>
                    <UserId>671135778</UserId>
                    <LastName>Caracciolo</LastName>
                </Recipient>
            </ToUsers>
            <FromUserDetails>
                <OrganizationId>671094793</OrganizationId>
                <OrganizationName>Global Humanitarian Solutions</OrganizationName>
                <FirstName>Phoebe</FirstName>
                <Name>Ms Phoebe GHS</Name>
                <UserId>671155880</UserId>
                <LastName>GHS</LastName>
            </FromUserDetails>
            <Status>Overdue</Status>
        </Mail>
        <Mail MailId="676790773">
            <ToUsers>
                <Recipient>
                    <OrganizationId>671093575</OrganizationId>
                    <OrganizationName>United Nations High Commissioner for Refugees</OrganizationName>
                    <Status>Overdue</Status>
                    <DistributionType>TO</DistributionType>
                    <FirstName>Robert</FirstName>
                    <Name>Robert Genninges</Name>
                    <UserId>671133941</UserId>
                    <LastName>Genninges</LastName>
                </Recipient>
            </ToUsers>
            <FromUserDetails>
                <OrganizationId>671094793</OrganizationId>
                <OrganizationName>Global Humanitarian Solutions</OrganizationName>
                <FirstName>Carlo</FirstName>
                <Name>Carlo GHS</Name>
                <UserId>671155883</UserId>
                <LastName>GHS</LastName>
            </FromUserDetails>
            <Status>Overdue</Status>
        </Mail>
        <Mail MailId="676790780">
            <ToUsers>
                <Recipient>
                    <OrganizationId>671093575</OrganizationId>
                    <OrganizationName>United Nations High Commissioner for Refugees</OrganizationName>
                    <Status>Overdue</Status>
                    <DistributionType>TO</DistributionType>
                    <FirstName>Robert</FirstName>
                    <Name>Robert Genninges</Name>
                    <UserId>671133941</UserId>
                    <LastName>Genninges</LastName>
                </Recipient>
            </ToUsers>
            <FromUserDetails>
                <OrganizationId>671094793</OrganizationId>
                <OrganizationName>Global Humanitarian Solutions</OrganizationName>
                <FirstName>Reka</FirstName>
                <Name>Ms Reka GHS</Name>
                <UserId>671155887</UserId>
                <LastName>GHS</LastName>
            </FromUserDetails>
            <Status>Overdue</Status>
        </Mail>
        <Mail MailId="676790779">
            <ToUsers>
                <Recipient>
                    <OrganizationId>671093575</OrganizationId>
                    <OrganizationName>United Nations High Commissioner for Refugees</OrganizationName>
                    <Status>Overdue</Status>
                    <DistributionType>TO</DistributionType>
                    <FirstName>Valeria</FirstName>
                    <Name>Mrs Valeria Grassi</Name>
                    <UserId>671131173</UserId>
                    <LastName>Grassi</LastName>
                </Recipient>
            </ToUsers>
            <FromUserDetails>
                <OrganizationId>671094793</OrganizationId>
                <OrganizationName>Global Humanitarian Solutions</OrganizationName>
                <FirstName>Izabella</FirstName>
                <Name>Ms Izabella GHS</Name>
                <UserId>671155888</UserId>
                <LastName>GHS</LastName>
            </FromUserDetails>
            <Status>Overdue</Status>
        </Mail>
        <Mail MailId="676790838">
            <ToUsers>
                <Recipient>
                    <OrganizationId>671093575</OrganizationId>
                    <OrganizationName>United Nations High Commissioner for Refugees</OrganizationName>
                    <Status>Overdue</Status>
                    <DistributionType>TO</DistributionType>
                    <FirstName>Robert</FirstName>
                    <Name>Mr Robert Hurt</Name>
                    <UserId>671136281</UserId>
                    <LastName>Hurt</LastName>
                </Recipient>
            </ToUsers>
            <FromUserDetails>
                <OrganizationId>671094793</OrganizationId>
                <OrganizationName>Global Humanitarian Solutions</OrganizationName>
                <FirstName>Katharina</FirstName>
                <Name>Ms Katharina GHS</Name>
                <UserId>671155885</UserId>
                <LastName>GHS</LastName>
            </FromUserDetails>
            <Status>Overdue</Status>
        </Mail>
        <Mail MailId="676790850">
            <ToUsers>
                <Recipient>
                    <OrganizationId>671093575</OrganizationId>
                    <OrganizationName>United Nations High Commissioner for Refugees</OrganizationName>
                    <Status>Overdue</Status>
                    <DistributionType>TO</DistributionType>
                    <FirstName>Robert</FirstName>
                    <Name>Mr Robert Berenyi</Name>
                    <UserId>671153455</UserId>
                    <LastName>Berenyi</LastName>
                </Recipient>
            </ToUsers>
            <FromUserDetails>
                <OrganizationId>671093575</OrganizationId>
                <OrganizationName>United Nations High Commissioner for Refugees</OrganizationName>
                <FirstName>Robert</FirstName>
                <Name>Mr Robert Hurt</Name>
                <UserId>671136281</UserId>
                <LastName>Hurt</LastName>
            </FromUserDetails>
            <Status>Overdue</Status>
        </Mail>
        <Mail MailId="676790894">
            <ToUsers>
                <Recipient>
                    <OrganizationId>671093575</OrganizationId>
                    <OrganizationName>United Nations High Commissioner for Refugees</OrganizationName>
                    <Status>Overdue</Status>
                    <DistributionType>TO</DistributionType>
                    <FirstName>Robert</FirstName>
                    <Name>Robert Genninges</Name>
                    <UserId>671133941</UserId>
                    <LastName>Genninges</LastName>
                </Recipient>
            </ToUsers>
            <FromUserDetails>
                <OrganizationId>671094793</OrganizationId>
                <OrganizationName>Global Humanitarian Solutions</OrganizationName>
                <FirstName>BOB</FirstName>
                <Name>BOB Genninges</Name>
                <UserId>671135668</UserId>
                <LastName>Genninges</LastName>
            </FromUserDetails>
            <Status>Overdue</Status>
        </Mail>
        <Mail MailId="676790935">
            <ToUsers>
                <Recipient>
                    <OrganizationId>671093575</OrganizationId>
                    <OrganizationName>United Nations High Commissioner for Refugees</OrganizationName>
                    <Status>Overdue</Status>
                    <DistributionType>TO</DistributionType>
                    <FirstName>Robert</FirstName>
                    <Name>Robert Genninges</Name>
                    <UserId>671133941</UserId>
                    <LastName>Genninges</LastName>
                </Recipient>
            </ToUsers>
            <FromUserDetails>
                <OrganizationId>671093575</OrganizationId>
                <OrganizationName>United Nations High Commissioner for Refugees</OrganizationName>
                <FirstName>Phoebe</FirstName>
                <Name>Ms Phoebe Goodwin</Name>
                <UserId>671143589</UserId>
                <LastName>Goodwin</LastName>
            </FromUserDetails>
            <Status>Overdue</Status>
        </Mail>
        <Mail MailId="676790970">
            <ToUsers>
                <Recipient>
                    <OrganizationId>671093575</OrganizationId>
                    <OrganizationName>United Nations High Commissioner for Refugees</OrganizationName>
                    <Status>Overdue</Status>
                    <DistributionType>TO</DistributionType>
                    <FirstName>Robert</FirstName>
                    <Name>Robert Genninges</Name>
                    <UserId>671133941</UserId>
                    <LastName>Genninges</LastName>
                </Recipient>
            </ToUsers>
            <FromUserDetails>
                <OrganizationId>671093575</OrganizationId>
                <OrganizationName>United Nations High Commissioner for Refugees</OrganizationName>
                <FirstName>Robert</FirstName>
                <Name>Robert Genninges</Name>
                <UserId>671133941</UserId>
                <LastName>Genninges</LastName>
            </FromUserDetails>
            <Status>Overdue</Status>
        </Mail>
        <Mail MailId="676791144">
            <ToUsers>
                <Recipient>
                    <OrganizationId>671093575</OrganizationId>
                    <OrganizationName>United Nations High Commissioner for Refugees</OrganizationName>
                    <Status>Overdue</Status>
                    <DistributionType>TO</DistributionType>
                    <FirstName>Robert</FirstName>
                    <Name>Robert Genninges</Name>
                    <UserId>671133941</UserId>
                    <LastName>Genninges</LastName>
                </Recipient>
            </ToUsers>
            <FromUserDetails>
                <OrganizationId>671093575</OrganizationId>
                <OrganizationName>United Nations High Commissioner for Refugees</OrganizationName>
                <FirstName>Robert</FirstName>
                <Name>Robert Genninges</Name>
                <UserId>671133941</UserId>
                <LastName>Genninges</LastName>
            </FromUserDetails>
            <Status>Overdue</Status>
        </Mail>
        <Mail MailId="676834164">
            <ToUsers>
                <Recipient>
                    <OrganizationId>671093575</OrganizationId>
                    <OrganizationName>United Nations High Commissioner for Refugees</OrganizationName>
                    <Status>Overdue</Status>
                    <DistributionType>TO</DistributionType>
                    <FirstName>Clare</FirstName>
                    <Name>Ms Clare Askew</Name>
                    <UserId>671136049</UserId>
                    <LastName>Askew</LastName>
                </Recipient>
            </ToUsers>
            <FromUserDetails>
                <OrganizationId>671094793</OrganizationId>
                <OrganizationName>Global Humanitarian Solutions</OrganizationName>
                <FirstName>BOB</FirstName>
                <Name>BOB Genninges</Name>
                <UserId>671135668</UserId>
                <LastName>Genninges</LastName>
            </FromUserDetails>
            <Status>Overdue</Status>
        </Mail>
        <Mail MailId="676834172">
            <ToUsers>
                <Recipient>
                    <OrganizationId>671093575</OrganizationId>
                    <OrganizationName>United Nations High Commissioner for Refugees</OrganizationName>
                    <Status>Overdue</Status>
                    <DistributionType>TO</DistributionType>
                    <FirstName>Robert</FirstName>
                    <Name>Mr Robert Berenyi</Name>
                    <UserId>671153455</UserId>
                    <LastName>Berenyi</LastName>
                </Recipient>
            </ToUsers>
            <FromUserDetails>
                <OrganizationId>671094793</OrganizationId>
                <OrganizationName>Global Humanitarian Solutions</OrganizationName>
                <FirstName>Viola</FirstName>
                <Name>Viola Tester 2</Name>
                <UserId>671135998</UserId>
                <LastName>Tester 2</LastName>
            </FromUserDetails>
            <Status>Overdue</Status>
        </Mail>
        <Mail MailId="676834218">
            <ToUsers>
                <Recipient>
                    <OrganizationId>671093575</OrganizationId>
                    <OrganizationName>United Nations High Commissioner for Refugees</OrganizationName>
                    <Status>Overdue</Status>
                    <DistributionType>TO</DistributionType>
                    <FirstName>Clare</FirstName>
                    <Name>Ms Clare Askew</Name>
                    <UserId>671136049</UserId>
                    <LastName>Askew</LastName>
                </Recipient>
            </ToUsers>
            <FromUserDetails>
                <OrganizationId>671094793</OrganizationId>
                <OrganizationName>Global Humanitarian Solutions</OrganizationName>
                <FirstName>BOB</FirstName>
                <Name>BOB Genninges</Name>
                <UserId>671135668</UserId>
                <LastName>Genninges</LastName>
            </FromUserDetails>
            <Status>Overdue</Status>
        </Mail>
        <Mail MailId="676834371">
            <ToUsers>
                <Recipient>
                    <OrganizationId>671093575</OrganizationId>
                    <OrganizationName>United Nations High Commissioner for Refugees</OrganizationName>
                    <Status>Overdue</Status>
                    <DistributionType>TO</DistributionType>
                    <FirstName>Robert</FirstName>
                    <Name>Mr Robert Berenyi</Name>
                    <UserId>671153455</UserId>
                    <LastName>Berenyi</LastName>
                </Recipient>
            </ToUsers>
            <FromUserDetails>
                <OrganizationId>671094793</OrganizationId>
                <OrganizationName>Global Humanitarian Solutions</OrganizationName>
                <FirstName>Viola</FirstName>
                <Name>Viola Tester 2</Name>
                <UserId>671135998</UserId>
                <LastName>Tester 2</LastName>
            </FromUserDetails>
            <Status>Overdue</Status>
        </Mail>
        <Mail MailId="676834463">
            <ToUsers>
                <Recipient>
                    <OrganizationId>671093575</OrganizationId>
                    <OrganizationName>United Nations High Commissioner for Refugees</OrganizationName>
                    <Status>Overdue</Status>
                    <DistributionType>TO</DistributionType>
                    <FirstName>Clare</FirstName>
                    <Name>Ms Clare Askew</Name>
                    <UserId>671136049</UserId>
                    <LastName>Askew</LastName>
                </Recipient>
            </ToUsers>
            <FromUserDetails>
                <OrganizationId>671093575</OrganizationId>
                <OrganizationName>United Nations High Commissioner for Refugees</OrganizationName>
                <FirstName>Clare</FirstName>
                <Name>Ms Clare Askew</Name>
                <UserId>671136049</UserId>
                <LastName>Askew</LastName>
            </FromUserDetails>
            <Status>Overdue</Status>
        </Mail>
        <Mail MailId="676834468">
            <ToUsers>
                <Recipient>
                    <OrganizationId>671093575</OrganizationId>
                    <OrganizationName>United Nations High Commissioner for Refugees</OrganizationName>
                    <Status>Overdue</Status>
                    <DistributionType>TO</DistributionType>
                    <FirstName>Robert</FirstName>
                    <Name>Robert Genninges</Name>
                    <UserId>671133941</UserId>
                    <LastName>Genninges</LastName>
                </Recipient>
            </ToUsers>
            <FromUserDetails>
                <OrganizationId>671093575</OrganizationId>
                <OrganizationName>United Nations High Commissioner for Refugees</OrganizationName>
                <FirstName>Robert</FirstName>
                <Name>Robert Genninges</Name>
                <UserId>671133941</UserId>
                <LastName>Genninges</LastName>
            </FromUserDetails>
            <Status>Overdue</Status>
        </Mail>
        <Mail MailId="676834469">
            <ToUsers>
                <Recipient>
                    <OrganizationId>671093575</OrganizationId>
                    <OrganizationName>United Nations High Commissioner for Refugees</OrganizationName>
                    <Status>Overdue</Status>
                    <DistributionType>TO</DistributionType>
                    <FirstName>Robert</FirstName>
                    <Name>Mr Robert Berenyi</Name>
                    <UserId>671153455</UserId>
                    <LastName>Berenyi</LastName>
                </Recipient>
            </ToUsers>
            <FromUserDetails>
                <OrganizationId>671093575</OrganizationId>
                <OrganizationName>United Nations High Commissioner for Refugees</OrganizationName>
                <FirstName>Robert</FirstName>
                <Name>Mr Robert Berenyi</Name>
                <UserId>671153455</UserId>
                <LastName>Berenyi</LastName>
            </FromUserDetails>
            <Status>Overdue</Status>
        </Mail>
        <Mail MailId="676834654">
            <ToUsers>
                <Recipient>
                    <OrganizationId>671093575</OrganizationId>
                    <OrganizationName>United Nations High Commissioner for Refugees</OrganizationName>
                    <Status>Overdue</Status>
                    <DistributionType>TO</DistributionType>
                    <FirstName>Robert</FirstName>
                    <Name>Robert Genninges</Name>
                    <UserId>671133941</UserId>
                    <LastName>Genninges</LastName>
                </Recipient>
            </ToUsers>
            <FromUserDetails>
                <OrganizationId>671093575</OrganizationId>
                <OrganizationName>United Nations High Commissioner for Refugees</OrganizationName>
                <FirstName>Robert</FirstName>
                <Name>Robert Genninges</Name>
                <UserId>671133941</UserId>
                <LastName>Genninges</LastName>
            </FromUserDetails>
            <Status>Overdue</Status>
        </Mail>
        <Mail MailId="676834655">
            <ToUsers>
                <Recipient>
                    <OrganizationId>671093575</OrganizationId>
                    <OrganizationName>United Nations High Commissioner for Refugees</OrganizationName>
                    <Status>Overdue</Status>
                    <DistributionType>TO</DistributionType>
                    <FirstName>Clare</FirstName>
                    <Name>Ms Clare Askew</Name>
                    <UserId>671136049</UserId>
                    <LastName>Askew</LastName>
                </Recipient>
            </ToUsers>
            <FromUserDetails>
                <OrganizationId>671093575</OrganizationId>
                <OrganizationName>United Nations High Commissioner for Refugees</OrganizationName>
                <FirstName>Clare</FirstName>
                <Name>Ms Clare Askew</Name>
                <UserId>671136049</UserId>
                <LastName>Askew</LastName>
            </FromUserDetails>
            <Status>Overdue</Status>
        </Mail>
        <Mail MailId="676834979">
            <ToUsers>
                <Recipient>
                    <OrganizationId>671093575</OrganizationId>
                    <OrganizationName>United Nations High Commissioner for Refugees</OrganizationName>
                    <Status>Overdue</Status>
                    <DistributionType>TO</DistributionType>
                    <FirstName>Robert</FirstName>
                    <Name>Mr Robert Berenyi</Name>
                    <UserId>671153455</UserId>
                    <LastName>Berenyi</LastName>
                </Recipient>
            </ToUsers>
            <FromUserDetails>
                <OrganizationId>671094793</OrganizationId>
                <OrganizationName>Global Humanitarian Solutions</OrganizationName>
                <FirstName>Viola</FirstName>
                <Name>Viola Tester 2</Name>
                <UserId>671135998</UserId>
                <LastName>Tester 2</LastName>
            </FromUserDetails>
            <Status>Overdue</Status>
        </Mail>
    </SearchResults>
</MailSearch>