Region,Project/ABC,Partner Agreement / Contract,Recipient Organisation,Recipients,Overdue,MailId
,,,United Nations High Commissioner for Refugees,Deogratias Habimana,1,676790431
,,,Global Humanitarian Solutions,Michael GHS,1,676790431
,,,United Nations High Commissioner for Refugees,Viola Caracciolo,2,676790477
,,,United Nations High Commissioner for Refugees,Attila Vondorkovics,1,676790494
,,,United Nations High Commissioner for Refugees,Adel Kasenova,2,676790565
,,,United Nations High Commissioner for Refugees,Adel Kasenova,2,676790570
,,,United Nations High Commissioner for Refugees,Robert Hurt,4,676790642
,,,United Nations High Commissioner for Refugees,Robert Hurt,4,676790695
,,,United Nations High Commissioner for Refugees,Robert Hurt,4,676790705
,,,Global Humanitarian Solutions,Katharina GHS,0,676790705
,,,United Nations High Commissioner for Refugees,Viola Caracciolo,2,676790718
,,,United Nations High Commissioner for Refugees,Robert Genninges,8,676790773
,,,United Nations High Commissioner for Refugees,Robert Genninges,8,676790780
,,,United Nations High Commissioner for Refugees,Valeria Grassi,1,676790779
,,,United Nations High Commissioner for Refugees,Robert Hurt,4,676790838
,,,United Nations High Commissioner for Refugees,Robert Berenyi,5,676790850
,,,United Nations High Commissioner for Refugees,Robert Genninges,8,676790894
,,,United Nations High Commissioner for Refugees,Robert Genninges,8,676790935
,,,United Nations High Commissioner for Refugees,Robert Genninges,8,676790970
,,,United Nations High Commissioner for Refugees,Robert Genninges,8,676791144
,,,United Nations High Commissioner for Refugees,Clare Askew,4,676834164
,,,United Nations High Commissioner for Refugees,Robert Berenyi,5,676834172
,,,United Nations High Commissioner for Refugees,Clare Askew,4,676834218
,,,United Nations High Commissioner for Refugees,Robert Berenyi,5,676834371
,,,United Nations High Commissioner for Refugees,Clare Askew,4,676834463
,,,United Nations High Commissioner for Refugees,Robert Genninges,8,676834468
,,,United Nations High Commissioner for Refugees,Robert Berenyi,5,676834469
,,,United Nations High Commissioner for Refugees,Robert Genninges,8,676834654
,,,United Nations High Commissioner for Refugees,Clare Askew,4,676834655
,,,United Nations High Commissioner for Refugees,Robert Berenyi,5,676834979
