{
    "SupplierName" : ["SupplierName","Supplier_Name", "VendorName","ShippingAddressRecipient"],
    "Site": ["VendorAddress"],

    "CustomerAddress" : ["BillingAddress", "CustomerAddress","ShippingAddress"],
    "CustomerName" : ["CustomerAddressRecipient","ShippingAddressRecipient","BillingAddressRecipient"], 

    "AddressLine1": ["Address_Line_1"],
    "AddressLine2": ["Address_Line_2"],
    "City": ["City"],
    "State": ["State"],
    "Country": ["Country"],
    "PostalCode": ["Postal_Code"],

    "PaymentTerms": ["PaymentTerms","Payment_Terms"],
    "PONumber": ["PurchaseOrder","PO_Number"],
    "ReceiptNumber": ["Receipt_Number"],
    "InvoiceNumber": ["InvoiceId","Invoice_Number"],
    "InvoiceType": ["InvoiceType"],
    "InvoiceDate": ["InvoiceDate","Invoice_Date"],
    "InvoiceAmount": ["InvoiceTotal", "AmountDue"],
    "InvoiceCurrency": ["Invoice_Currency"],
    "CGST" : ["CGST"],
    "SGST" : ["SGST"],
    "Cess" : ["Cess"],
    "IGST" : ["IGST"],
    "TotalTax" : ["Total_Tax", "Tax_Amount"],

    
    "LineItems": [], 
    
    "SupplierBankName": ["Supplier_Bank_Name"],
    "SupplierBankAccountNumber": ["Supplier_BankAccount_Number"],
    "BranchName": ["Branch_Name"],
    "BIC": ["BIC"]
}   