DocumentNumber,DocumentType,Implementer_singleSelect,TrackingId,DocumentId,PartnerAgreementContract_singleSelect
JOR-2000002534-TOO-0001,Transfer,Global Humanitarian Solution - JOR,214483932258824511,214483932283198219,
JOR-32061Y23M009432-FPN-0001,Financial Plan,CARE INTERNATIONAL JORDAN,214483932258802415,214483932283462476,32061Y23M009432
JOR-32061Y23M009432-IND-0001,Output Indicators,CARE INTERNATIONAL JORDAN,214483932258802418,214483932283181077,32061Y23M009432
JOR-32061Y23M009437-FPN-0001,Financial Plan,CARITAS JORDAN,214483932258811856,214483932283143038,32061Y23M009437
JOR-32061Y23M009437-IND-0001,Output Indicators,CARITAS JORDAN,214483932258811858,214483932283143039,32061Y23M009437
JOR-32061Y23M029911-FPN-0001,Financial Plan,MINISTRY OF PLANNING AND INTER. CO,214483932258854580,214483932283688168,32061Y23M029911
JOR-32061Y23M029911-IND-0001,Output Indicators,MINISTRY OF PLANNING AND INTER. CO,214483932258854584,214483932283426483,32061Y23M029911
JOR-32061Y23M029911-PFR-0001,Project Financial Report,MINISTRY OF PLANNING AND INTER. CO,214483932258859112,214483932283426523,32061Y23M029911
JOR-32061Y23M029911-PUO-0001,Purchase Order,MINISTRY OF PLANNING AND INTER. CO,214483932258899369,214483932283688172,32061Y23M029911
JOR-32061Y23M114897-FPN-0001,Financial Plan,JOHUD - UNHCR,214483932258854579,214483932283675874,32061Y23M114897
JOR-32061Y23M114897-IND-0001,Output Indicators,JOHUD - UNHCR,214483932258854582,214483932283453655,32061Y23M114897
JOR-32061Y23M114897-PFR-0001,Project Financial Report,JOHUD - UNHCR,214483932258863911,214483932283453735,32061Y23M114897
JOR-32061Y23M114897-PUO-0001,Purchase Order,JOHUD - UNHCR,214483932258898624,214483932283675869,32061Y23M114897
JOR-32061Y23M133367-COI-0001,Certificate of Instalment,UNDP SubRegional Development Coordinator,214483932258820689,214483932283176739,32061Y23M133367
JOR-32061Y23M133367-COI-0002,Certificate of Instalment,UNDP SubRegional Development Coordinator,214483932258825233,214483932283205535,32061Y23M133367
JOR-32061Y23M133367-COI-0003,Certificate of Instalment,UNDP SubRegional Development Coordinator,214483932258835024,214483932283253816,32061Y23M133367
JOR-32061Y23M133367-FPN-0001,Financial Plan,UNDP SubRegional Development Coordinator,214483932258802419,214483932283236918,32061Y23M133367
JOR-32061Y23M133367-IND-0001,Output Indicators,UNDP SubRegional Development Coordinator,214483932258802420,214483932283235634,32061Y23M133367
JOR-32061Y23M133367-PFR-0001,Project Financial Report,UNDP SubRegional Development Coordinator,214483932258810229,214483932283193184,32061Y23M133367
JOR-32061Y23M133367-PFR-0002,Project Financial Report,UNDP SubRegional Development Coordinator,214483932258823664,214483932283233193,32061Y23M133367
JOR-32061Y23M133367-PUO-0001,Purchase Order,UNDP SubRegional Development Coordinator,214483932258815367,214483932283190919,32061Y23M133367
JOR-32061Y23M133367-PUO-0002,Purchase Order,UNDP SubRegional Development Coordinator,214483932258829797,214483932283233146,32061Y23M133367
JOR-32061Y23M157083-FPN-0001,Financial Plan,NATIONAL COUNCIL FOR FAMILY AFFAIRS,214483932258886127,214483932283812398,32061Y23M157083
JOR-32061Y23M157083-IND-0001,Output Indicators,NATIONAL COUNCIL FOR FAMILY AFFAIRS,214483932258886128,214483932283812399,32061Y23M157083
JOR-32061Y23M267026-FPN-0001,Financial Plan,LMNS FOR SOCIAL DEVELOPMENT,214483932258867304,214483932283675876,32061Y23M267026
JOR-32061Y23M267026-IND-0001,Output Indicators,LMNS FOR SOCIAL DEVELOPMENT,214483932258867306,214483932283501593,32061Y23M267026
JOR-32061Y23M267026-PFR-0001,Project Financial Report,LMNS FOR SOCIAL DEVELOPMENT,214483932258869604,214483932283505518,32061Y23M267026
JOR-32061Y23M267026-PUO-0001,Purchase Order,LMNS FOR SOCIAL DEVELOPMENT,214483932258898625,214483932283675870,32061Y23M267026
JOR-32061Y23M269220-FPN-0001,Financial Plan,ARAB WOMEN ORGANAIZATION OF JORDAN,214483932258862148,214483932283505525,32061Y23M269220
JOR-32061Y23M269220-IND-0001,Output Indicators,ARAB WOMEN ORGANAIZATION OF JORDAN,214483932258862150,214483932283501580,32061Y23M269220
JOR-32061Y23M269220-PFR-0001,Project Financial Report,ARAB WOMEN ORGANAIZATION OF JORDAN,214483932258869605,214483932283505521,32061Y23M269220
JOR-32061Y23M500098-FPN-0001,Financial Plan,INTERNAT. ORG. FOR MIGRATION - CHE,214483932258854581,214483932283426533,32061Y23M500098
JOR-32061Y23M500098-IND-0001,Output Indicators,INTERNAT. ORG. FOR MIGRATION - CHE,214483932258854583,214483932283439845,32061Y23M500098
JOR-32061Y23M500098-PFR-0001,Project Financial Report,INTERNAT. ORG. FOR MIGRATION - CHE,214483932258859113,214483932283426525,32061Y23M500098
JOR-32061Y23M500496-COI-0001,Certificate of Instalment,IMMAP FRANCE - JOR,214483932258818652,214483932283162789,32061Y23M500496
JOR-32061Y23M500496-COI-0002,Certificate of Instalment,IMMAP FRANCE - JOR,214483932258819645,214483932283173324,32061Y23M500496
JOR-32061Y23M500496-COI-0003,Certificate of Instalment,IMMAP FRANCE - JOR,214483932258827482,214483932283225768,32061Y23M500496
JOR-32061Y23M500496-FPN-0001,Financial Plan,IMMAP FRANCE - JOR,214483932258802416,214483932283220328,32061Y23M500496
JOR-32061Y23M500496-IND-0001,Output Indicators,IMMAP FRANCE - JOR,214483932258802417,214483932283213242,32061Y23M500496
JOR-32061Y23M500496-PFR-0001,Project Financial Report,IMMAP FRANCE - JOR,214483932258807158,214483932283165300,32061Y23M500496
JOR-32061Y23M500496-PFR-0002,Project Financial Report,IMMAP FRANCE - JOR,214483932258816018,214483932283213508,32061Y23M500496
JOR-32061Y23M500496-PUO-0001,Purchase Order,IMMAP FRANCE - JOR,214483932258808547,214483932283146645,32061Y23M500496
JOR-32061Y23M500496-PUO-0002,Purchase Order,IMMAP FRANCE - JOR,214483932258826258,214483932283213509,32061Y23M500496
JOR-32061Y23P062017-FPN-0001,Financial Plan,JORDAN RIVER FOUNDATION,214483932258500168,214483932281466413,32061Y23P062017
JOR-32061Y23P062017-IND-0001,Output Indicators,JORDAN RIVER FOUNDATION,214483932258500171,214483932281466414,32061Y23P062017
JOR-32061Y23P062017-PFR-0003,Project Financial Report,JORDAN RIVER FOUNDATION,214483932258550086,214483932281292199,32061Y23P062017
JOR-32061Y23P062017-PFR-0005,Project Financial Report,JORDAN RIVER FOUNDATION,214483932258554447,214483932281462976,32061Y23P062017
JOR-32061Y23P062017-PUO-0001,Purchase Order,JORDAN RIVER FOUNDATION,214483932258541382,214483932281237749,32061Y23P062017
JOR-32061Y23P062017-PUO-0002,Purchase Order,JORDAN RIVER FOUNDATION,214483932258554372,214483932281257815,32061Y23P062017
JOR-32061Y23P062017-PUO-0003,Purchase Order,JORDAN RIVER FOUNDATION,214483932258554373,214483932281257818,32061Y23P062017
JOR-32063Y23M010609-COI-0001,Certificate of Instalment,GREEK COUNCIL FOR REFUGEES,214483932258824688,214483932283199747,32063Y23M010609
JOR-32063Y23M010609-FPN-0001,Financial Plan,GREEK COUNCIL FOR REFUGEES,214483932258811855,214483932283170759,32063Y23M010609
JOR-32063Y23M010609-IND-0001,Output Indicators,GREEK COUNCIL FOR REFUGEES,214483932258811857,214483932283150614,32063Y23M010609
JOR-32063Y23M010609-PFR-0001,Project Financial Report,GREEK COUNCIL FOR REFUGEES,214483932258816864,214483932283151985,32063Y23M010609
JOR-32063Y23M500098-FPN-0001,Financial Plan,INTERNAT. ORG. FOR MIGRATION - CHE,214483932258867303,214483932283505527,32063Y23M500098
JOR-32063Y23M500098-IND-0001,Output Indicators,INTERNAT. ORG. FOR MIGRATION - CHE,214483932258867305,214483932283501556,32063Y23M500098
JOR-32063Y23M500098-PFR-0001,Project Financial Report,INTERNAT. ORG. FOR MIGRATION - CHE,214483932258869606,214483932283505523,32063Y23M500098
JOR-32063Y23P002534-PWP-0001,Partner Agreement,JORDAN RIVER FOUNDATION,214483932258595817,214483932281649021,32063Y23P002534
JOR-32063Y23P184048-COI-0001,Certificate of Instalment,ARABIAN MEDICAL RELIEF SOCIETY,214483932258577837,214483932281506166,32063Y23P184048
JOR-32063Y23P184048-FPN-0001,Financial Plan,ARABIAN MEDICAL RELIEF SOCIETY,214483932258500169,214483932281445456,32063Y23P184048
JOR-32063Y23P184048-IND-0001,Output Indicators,ARABIAN MEDICAL RELIEF SOCIETY,214483932258500170,214483932281416630,32063Y23P184048
JOR-32063Y23P184048-PFR-0001,Project Financial Report,ARABIAN MEDICAL RELIEF SOCIETY,214483932258571521,214483932281462995,32063Y23P184048
JOR-32063Y23P184048-PUO-0001,Purchase Order,ARABIAN MEDICAL RELIEF SOCIETY,214483932258571524,214483932281434263,32063Y23P184048
JOR-32063Y24P500032-FPN-0001,Financial Plan,MINISTRY OF PLANNING AND INTER. CO - JOR,214483932258500162,214483932281066112,32063Y24P500032
JOR-32063Y24P500032-IND-0001,Output Indicators,MINISTRY OF PLANNING AND INTER. CO - JOR,214483932258500165,214483932281066111,32063Y24P500032
JOR-ANV-DDR-0001,Detail Drawing,Implementer Values,214483932258437019,214483932280493315,Agreement Number Values
JOR-ANV-DDR-0002,Detail Drawing,Implementer Values,214483932258437021,214483932280493320,Agreement Number Values
JOR-ANV-DDR-0003,Detail Drawing,Implementer Values,214483932258437022,214483932280493321,Agreement Number Values
JOR-ANV-DDR-0004,Detail Drawing,Implementer Values,214483932258437023,214483932280493670,Agreement Number Values
JOR-ANV-DDR-0005,Detail Drawing,Implementer Values,214483932258437024,214483932280499365,Agreement Number Values
JOR-ANV-DDR-0006,Detail Drawing,Implementer Values,214483932258437026,214483932280728568,Agreement Number Values
JOR-ANV-DDR-0007,Detail Drawing,Implementer Values,214483932258437058,214483932280493686,Agreement Number Values
JOR-ANV-DDR-0008,Detail Drawing,Implementer Values,214483932258437059,214483932280727372,Agreement Number Values
JOR-ANV-DDR-0009,Detail Drawing,Implementer Values,214483932258437092,214483932280493563,Agreement Number Values
JOR-ANV-DDR-0010,Detail Drawing,Implementer Values,214483932258437221,214483932280495233,Agreement Number Values
JOR-ANV-DDR-0011,Detail Drawing,Implementer Values,214483932258437222,214483932280495234,Agreement Number Values
JOR-ANV-DDR-0012,Detail Drawing,Implementer Values,214483932258437223,214483932280495235,Agreement Number Values
JOR-ANV-DDR-0013,Detail Drawing,Implementer Values,214483932258437224,214483932280495236,Agreement Number Values
JOR-ANV-DDR-0014,Detail Drawing,Implementer Values,214483932258437225,214483932280727373,Agreement Number Values
JOR-ANV-DDR-0015,Detail Drawing,Implementer Values,214483932258437226,214483932280495318,Agreement Number Values
JOR-ANV-DDR-0016,Detail Drawing,Implementer Values,214483932258437231,214483932280495452,Agreement Number Values
JOR-ANV-DDR-0017,Detail Drawing,Implementer Values,214483932258437234,214483932280499207,Agreement Number Values
JOR-ANV-HOC-0001,Handover Certificate,Implementer Values,214483932258437218,214483932280498675,Agreement Number Values
JOR-ANV-HOC-0002,Handover Certificate,Implementer Values,214483932258437219,214483932280495231,Agreement Number Values
JOR-ANV-HOC-0003,Handover Certificate,Implementer Values,214483932258437220,214483932280495232,Agreement Number Values
JOR-ANV-HOC-0004,Handover Certificate,Implementer Values,214483932258437229,214483932280495443,Agreement Number Values
JOR-ANV-HOC-0005,Handover Certificate,Implementer Values,214483932258437230,214483932280495444,Agreement Number Values
JOR-ANV-HOC-0006,Handover Certificate,Implementer Values,214483932258447370,214483932280597654,Agreement Number Values
JOR-ANV-ICA-0001,Assessment Report,Implementer Values,214483932258447394,214483932280598265,Agreement Number Values
JOR-ANV-SDC-0001,Supporting Documents,Implementer Values,214483932258419588,214483932280338452,Agreement Number Values
JOR-ANV-SDC-0002,Supporting Documents,Implementer Values,214483932258419596,214483932280338489,Agreement Number Values
JOR-ANV-SDC-0003,Supporting Documents,Implementer Values,214483932258419622,214483932280338600,Agreement Number Values
JOR-ANV-SDC-0004,Supporting Documents,Implementer Values,214483932258419631,214483932280338739,Agreement Number Values
JOR-ANV-SDC-0005,Supporting Documents,Implementer Values,214483932258419642,214483932280418230,Agreement Number Values
JOR-ANV-SDC-0006,Supporting Documents,Implementer Values,214483932258419694,214483932280339372,Agreement Number Values
JOR-ANV-SMM-0001,Site Meeting Minutes,Implementer Values,214483932258436971,214483932280493204,Agreement Number Values
JOR-ANV-SMM-0002,Site Meeting Minutes,Implementer Values,214483932258436972,214483932280492963,Agreement Number Values
JOR-ANV-SMM-0003,Site Meeting Minutes,Implementer Values,214483932258436973,214483932280492964,Agreement Number Values
JOR-ANV-SMM-0004,Site Meeting Minutes,Implementer Values,214483932258436974,214483932280493645,Agreement Number Values
JOR-ANV-SMM-0005,Site Meeting Minutes,Implementer Values,214483932258436975,214483932280492969,Agreement Number Values
JOR-ANV-SMM-0006,Site Meeting Minutes,Implementer Values,214483932258436979,214483932280492996,Agreement Number Values
JOR-ANV-SMM-0007,Site Meeting Minutes,Implementer Values,214483932258436992,214483932280493046,Agreement Number Values
JOR-ANV-SMM-0008,Site Meeting Minutes,Implementer Values,214483932258437001,214483932280493370,Agreement Number Values
JOR-ANV-SMM-0009,Site Meeting Minutes,Implementer Values,214483932258437020,214483932280493698,Agreement Number Values
JOR-ANV-SMM-0010,Site Meeting Minutes,Implementer Values,214483932258437025,214483932280493324,Agreement Number Values
JOR-ANV-SMM-0011,Site Meeting Minutes,Implementer Values,214483932258437027,214483932280493326,Agreement Number Values
JOR-ANV-SMM-0012,Site Meeting Minutes,Implementer Values,214483932258437056,214483932280494003,Agreement Number Values
JOR-ANV-SMM-0013,Site Meeting Minutes,Implementer Values,214483932258437066,214483932280493690,Agreement Number Values
JOR-ANV-SMM-0014,Site Meeting Minutes,Implementer Values,214483932258437111,214483932280493681,Agreement Number Values
JOR-ANV-SMM-0015,Site Meeting Minutes,Implementer Values,214483932258437117,214483932280493735,Agreement Number Values
JOR-IPMV001-OTH-0001,General / Miscellaneous,Implementer Values,214483932258437276,214483932280499520,
UNHCR-TPL-0001,Template,,214483932258417606,214483932280321013,
UNHCR-TPL-0002,Template,,214483932258417607,214483932280321004,
UNHCR-TPL-0003,Template,,214483932258417608,214483932280321000,
UNHCR-TPL-0004,Template,,214483932258417609,214483932280320995,
UNHCR-TPL-0005,Template,,214483932258417610,214483932280320998,
UNHCR-TPL-0006,Template,,214483932258417853,214483932280320971,
UNHCR-TPL-0007,Template,,214483932258419653,214483932280339237,
UNHCR-TPL-0008,Template,,214483932258419654,214483932280339254,
UNHCR-TPL-0009,Template,,214483932258419656,214483932280339259,
UNHCR-TPL-0010,Template,,214483932258419661,214483932280339267,
UNHCR-TPL-0011,Template,,214483932258419666,214483932280339281,
UNHCR-TPL-0012,Template,,214483932258419670,214483932280339292,
UNHCR-TPL-0013,Template,,214483932258419677,214483932280339312,
UNHCR-TPL-0014,Template,,214483932258419684,214483932280339326,
UNHCR-TPL-0015,Template,,214483932258818719,214483932283163207,
