<?xml version="1.0" encoding="UTF-8" standalone="yes"?>
<RegisterSearch TotalResultsOnPage="126" TotalResults="126" TotalPages="1" PageSize="500"
    CurrentPage="1">
    <SearchResults>
        <Document DocumentId="214483932283198219">
            <DocumentNumber>JOR-2000002534-TOO-0001</DocumentNumber>
            <DocumentType>Transfer</DocumentType>
            <Implementer_singleSelect>Global Humanitarian Solution - JOR</Implementer_singleSelect>
            <TrackingId>214483932258824511</TrackingId>
        </Document>
        <Document DocumentId="214483932283462476">
            <DocumentNumber>JOR-32061Y23M009432-FPN-0001</DocumentNumber>
            <DocumentType>Financial Plan</DocumentType>
            <Implementer_singleSelect>CARE INTERNATIONAL JORDAN</Implementer_singleSelect>
            <PartnerAgreementContract_singleSelect>32061Y23M009432</PartnerAgreementContract_singleSelect>
            <TrackingId>214483932258802415</TrackingId>
        </Document>
        <Document DocumentId="214483932283181077">
            <DocumentNumber>JOR-32061Y23M009432-IND-0001</DocumentNumber>
            <DocumentType>Output Indicators</DocumentType>
            <Implementer_singleSelect>CARE INTERNATIONAL JORDAN</Implementer_singleSelect>
            <PartnerAgreementContract_singleSelect>32061Y23M009432</PartnerAgreementContract_singleSelect>
            <TrackingId>214483932258802418</TrackingId>
        </Document>
        <Document DocumentId="214483932283143038">
            <DocumentNumber>JOR-32061Y23M009437-FPN-0001</DocumentNumber>
            <DocumentType>Financial Plan</DocumentType>
            <Implementer_singleSelect>CARITAS JORDAN</Implementer_singleSelect>
            <PartnerAgreementContract_singleSelect>32061Y23M009437</PartnerAgreementContract_singleSelect>
            <TrackingId>214483932258811856</TrackingId>
        </Document>
        <Document DocumentId="214483932283143039">
            <DocumentNumber>JOR-32061Y23M009437-IND-0001</DocumentNumber>
            <DocumentType>Output Indicators</DocumentType>
            <Implementer_singleSelect>CARITAS JORDAN</Implementer_singleSelect>
            <PartnerAgreementContract_singleSelect>32061Y23M009437</PartnerAgreementContract_singleSelect>
            <TrackingId>214483932258811858</TrackingId>
        </Document>
        <Document DocumentId="214483932283688168">
            <DocumentNumber>JOR-32061Y23M029911-FPN-0001</DocumentNumber>
            <DocumentType>Financial Plan</DocumentType>
            <Implementer_singleSelect>MINISTRY OF PLANNING AND INTER. CO</Implementer_singleSelect>
            <PartnerAgreementContract_singleSelect>32061Y23M029911</PartnerAgreementContract_singleSelect>
            <TrackingId>214483932258854580</TrackingId>
        </Document>
        <Document DocumentId="214483932283426483">
            <DocumentNumber>JOR-32061Y23M029911-IND-0001</DocumentNumber>
            <DocumentType>Output Indicators</DocumentType>
            <Implementer_singleSelect>MINISTRY OF PLANNING AND INTER. CO</Implementer_singleSelect>
            <PartnerAgreementContract_singleSelect>32061Y23M029911</PartnerAgreementContract_singleSelect>
            <TrackingId>214483932258854584</TrackingId>
        </Document>
        <Document DocumentId="214483932283426523">
            <DocumentNumber>JOR-32061Y23M029911-PFR-0001</DocumentNumber>
            <DocumentType>Project Financial Report</DocumentType>
            <Implementer_singleSelect>MINISTRY OF PLANNING AND INTER. CO</Implementer_singleSelect>
            <PartnerAgreementContract_singleSelect>32061Y23M029911</PartnerAgreementContract_singleSelect>
            <TrackingId>214483932258859112</TrackingId>
        </Document>
        <Document DocumentId="214483932283688172">
            <DocumentNumber>JOR-32061Y23M029911-PUO-0001</DocumentNumber>
            <DocumentType>Purchase Order</DocumentType>
            <Implementer_singleSelect>MINISTRY OF PLANNING AND INTER. CO</Implementer_singleSelect>
            <PartnerAgreementContract_singleSelect>32061Y23M029911</PartnerAgreementContract_singleSelect>
            <TrackingId>214483932258899369</TrackingId>
        </Document>
        <Document DocumentId="214483932283675874">
            <DocumentNumber>JOR-32061Y23M114897-FPN-0001</DocumentNumber>
            <DocumentType>Financial Plan</DocumentType>
            <Implementer_singleSelect>JOHUD - UNHCR</Implementer_singleSelect>
            <PartnerAgreementContract_singleSelect>32061Y23M114897</PartnerAgreementContract_singleSelect>
            <TrackingId>214483932258854579</TrackingId>
        </Document>
        <Document DocumentId="214483932283453655">
            <DocumentNumber>JOR-32061Y23M114897-IND-0001</DocumentNumber>
            <DocumentType>Output Indicators</DocumentType>
            <Implementer_singleSelect>JOHUD - UNHCR</Implementer_singleSelect>
            <PartnerAgreementContract_singleSelect>32061Y23M114897</PartnerAgreementContract_singleSelect>
            <TrackingId>214483932258854582</TrackingId>
        </Document>
        <Document DocumentId="214483932283453735">
            <DocumentNumber>JOR-32061Y23M114897-PFR-0001</DocumentNumber>
            <DocumentType>Project Financial Report</DocumentType>
            <Implementer_singleSelect>JOHUD - UNHCR</Implementer_singleSelect>
            <PartnerAgreementContract_singleSelect>32061Y23M114897</PartnerAgreementContract_singleSelect>
            <TrackingId>214483932258863911</TrackingId>
        </Document>
        <Document DocumentId="214483932283675869">
            <DocumentNumber>JOR-32061Y23M114897-PUO-0001</DocumentNumber>
            <DocumentType>Purchase Order</DocumentType>
            <Implementer_singleSelect>JOHUD - UNHCR</Implementer_singleSelect>
            <PartnerAgreementContract_singleSelect>32061Y23M114897</PartnerAgreementContract_singleSelect>
            <TrackingId>214483932258898624</TrackingId>
        </Document>
        <Document DocumentId="214483932283176739">
            <DocumentNumber>JOR-32061Y23M133367-COI-0001</DocumentNumber>
            <DocumentType>Certificate of Instalment</DocumentType>
            <Implementer_singleSelect>UNDP SubRegional Development Coordinator</Implementer_singleSelect>
            <PartnerAgreementContract_singleSelect>32061Y23M133367</PartnerAgreementContract_singleSelect>
            <TrackingId>214483932258820689</TrackingId>
        </Document>
        <Document DocumentId="214483932283205535">
            <DocumentNumber>JOR-32061Y23M133367-COI-0002</DocumentNumber>
            <DocumentType>Certificate of Instalment</DocumentType>
            <Implementer_singleSelect>UNDP SubRegional Development Coordinator</Implementer_singleSelect>
            <PartnerAgreementContract_singleSelect>32061Y23M133367</PartnerAgreementContract_singleSelect>
            <TrackingId>214483932258825233</TrackingId>
        </Document>
        <Document DocumentId="214483932283253816">
            <DocumentNumber>JOR-32061Y23M133367-COI-0003</DocumentNumber>
            <DocumentType>Certificate of Instalment</DocumentType>
            <Implementer_singleSelect>UNDP SubRegional Development Coordinator</Implementer_singleSelect>
            <PartnerAgreementContract_singleSelect>32061Y23M133367</PartnerAgreementContract_singleSelect>
            <TrackingId>214483932258835024</TrackingId>
        </Document>
        <Document DocumentId="214483932283236918">
            <DocumentNumber>JOR-32061Y23M133367-FPN-0001</DocumentNumber>
            <DocumentType>Financial Plan</DocumentType>
            <Implementer_singleSelect>UNDP SubRegional Development Coordinator</Implementer_singleSelect>
            <PartnerAgreementContract_singleSelect>32061Y23M133367</PartnerAgreementContract_singleSelect>
            <TrackingId>214483932258802419</TrackingId>
        </Document>
        <Document DocumentId="214483932283235634">
            <DocumentNumber>JOR-32061Y23M133367-IND-0001</DocumentNumber>
            <DocumentType>Output Indicators</DocumentType>
            <Implementer_singleSelect>UNDP SubRegional Development Coordinator</Implementer_singleSelect>
            <PartnerAgreementContract_singleSelect>32061Y23M133367</PartnerAgreementContract_singleSelect>
            <TrackingId>214483932258802420</TrackingId>
        </Document>
        <Document DocumentId="214483932283193184">
            <DocumentNumber>JOR-32061Y23M133367-PFR-0001</DocumentNumber>
            <DocumentType>Project Financial Report</DocumentType>
            <Implementer_singleSelect>UNDP SubRegional Development Coordinator</Implementer_singleSelect>
            <PartnerAgreementContract_singleSelect>32061Y23M133367</PartnerAgreementContract_singleSelect>
            <TrackingId>214483932258810229</TrackingId>
        </Document>
        <Document DocumentId="214483932283233193">
            <DocumentNumber>JOR-32061Y23M133367-PFR-0002</DocumentNumber>
            <DocumentType>Project Financial Report</DocumentType>
            <Implementer_singleSelect>UNDP SubRegional Development Coordinator</Implementer_singleSelect>
            <PartnerAgreementContract_singleSelect>32061Y23M133367</PartnerAgreementContract_singleSelect>
            <TrackingId>214483932258823664</TrackingId>
        </Document>
        <Document DocumentId="214483932283190919">
            <DocumentNumber>JOR-32061Y23M133367-PUO-0001</DocumentNumber>
            <DocumentType>Purchase Order</DocumentType>
            <Implementer_singleSelect>UNDP SubRegional Development Coordinator</Implementer_singleSelect>
            <PartnerAgreementContract_singleSelect>32061Y23M133367</PartnerAgreementContract_singleSelect>
            <TrackingId>214483932258815367</TrackingId>
        </Document>
        <Document DocumentId="214483932283233146">
            <DocumentNumber>JOR-32061Y23M133367-PUO-0002</DocumentNumber>
            <DocumentType>Purchase Order</DocumentType>
            <Implementer_singleSelect>UNDP SubRegional Development Coordinator</Implementer_singleSelect>
            <PartnerAgreementContract_singleSelect>32061Y23M133367</PartnerAgreementContract_singleSelect>
            <TrackingId>214483932258829797</TrackingId>
        </Document>
        <Document DocumentId="214483932283812398">
            <DocumentNumber>JOR-32061Y23M157083-FPN-0001</DocumentNumber>
            <DocumentType>Financial Plan</DocumentType>
            <Implementer_singleSelect>NATIONAL COUNCIL FOR FAMILY AFFAIRS</Implementer_singleSelect>
            <PartnerAgreementContract_singleSelect>32061Y23M157083</PartnerAgreementContract_singleSelect>
            <TrackingId>214483932258886127</TrackingId>
        </Document>
        <Document DocumentId="214483932283812399">
            <DocumentNumber>JOR-32061Y23M157083-IND-0001</DocumentNumber>
            <DocumentType>Output Indicators</DocumentType>
            <Implementer_singleSelect>NATIONAL COUNCIL FOR FAMILY AFFAIRS</Implementer_singleSelect>
            <PartnerAgreementContract_singleSelect>32061Y23M157083</PartnerAgreementContract_singleSelect>
            <TrackingId>214483932258886128</TrackingId>
        </Document>
        <Document DocumentId="214483932283675876">
            <DocumentNumber>JOR-32061Y23M267026-FPN-0001</DocumentNumber>
            <DocumentType>Financial Plan</DocumentType>
            <Implementer_singleSelect>LMNS FOR SOCIAL DEVELOPMENT</Implementer_singleSelect>
            <PartnerAgreementContract_singleSelect>32061Y23M267026</PartnerAgreementContract_singleSelect>
            <TrackingId>214483932258867304</TrackingId>
        </Document>
        <Document DocumentId="214483932283501593">
            <DocumentNumber>JOR-32061Y23M267026-IND-0001</DocumentNumber>
            <DocumentType>Output Indicators</DocumentType>
            <Implementer_singleSelect>LMNS FOR SOCIAL DEVELOPMENT</Implementer_singleSelect>
            <PartnerAgreementContract_singleSelect>32061Y23M267026</PartnerAgreementContract_singleSelect>
            <TrackingId>214483932258867306</TrackingId>
        </Document>
        <Document DocumentId="214483932283505518">
            <DocumentNumber>JOR-32061Y23M267026-PFR-0001</DocumentNumber>
            <DocumentType>Project Financial Report</DocumentType>
            <Implementer_singleSelect>LMNS FOR SOCIAL DEVELOPMENT</Implementer_singleSelect>
            <PartnerAgreementContract_singleSelect>32061Y23M267026</PartnerAgreementContract_singleSelect>
            <TrackingId>214483932258869604</TrackingId>
        </Document>
        <Document DocumentId="214483932283675870">
            <DocumentNumber>JOR-32061Y23M267026-PUO-0001</DocumentNumber>
            <DocumentType>Purchase Order</DocumentType>
            <Implementer_singleSelect>LMNS FOR SOCIAL DEVELOPMENT</Implementer_singleSelect>
            <PartnerAgreementContract_singleSelect>32061Y23M267026</PartnerAgreementContract_singleSelect>
            <TrackingId>214483932258898625</TrackingId>
        </Document>
        <Document DocumentId="214483932283505525">
            <DocumentNumber>JOR-32061Y23M269220-FPN-0001</DocumentNumber>
            <DocumentType>Financial Plan</DocumentType>
            <Implementer_singleSelect>ARAB WOMEN ORGANAIZATION OF JORDAN</Implementer_singleSelect>
            <PartnerAgreementContract_singleSelect>32061Y23M269220</PartnerAgreementContract_singleSelect>
            <TrackingId>214483932258862148</TrackingId>
        </Document>
        <Document DocumentId="214483932283501580">
            <DocumentNumber>JOR-32061Y23M269220-IND-0001</DocumentNumber>
            <DocumentType>Output Indicators</DocumentType>
            <Implementer_singleSelect>ARAB WOMEN ORGANAIZATION OF JORDAN</Implementer_singleSelect>
            <PartnerAgreementContract_singleSelect>32061Y23M269220</PartnerAgreementContract_singleSelect>
            <TrackingId>214483932258862150</TrackingId>
        </Document>
        <Document DocumentId="214483932283505521">
            <DocumentNumber>JOR-32061Y23M269220-PFR-0001</DocumentNumber>
            <DocumentType>Project Financial Report</DocumentType>
            <Implementer_singleSelect>ARAB WOMEN ORGANAIZATION OF JORDAN</Implementer_singleSelect>
            <PartnerAgreementContract_singleSelect>32061Y23M269220</PartnerAgreementContract_singleSelect>
            <TrackingId>214483932258869605</TrackingId>
        </Document>
        <Document DocumentId="214483932283426533">
            <DocumentNumber>JOR-32061Y23M500098-FPN-0001</DocumentNumber>
            <DocumentType>Financial Plan</DocumentType>
            <Implementer_singleSelect>INTERNAT. ORG. FOR MIGRATION - CHE</Implementer_singleSelect>
            <PartnerAgreementContract_singleSelect>32061Y23M500098</PartnerAgreementContract_singleSelect>
            <TrackingId>214483932258854581</TrackingId>
        </Document>
        <Document DocumentId="214483932283439845">
            <DocumentNumber>JOR-32061Y23M500098-IND-0001</DocumentNumber>
            <DocumentType>Output Indicators</DocumentType>
            <Implementer_singleSelect>INTERNAT. ORG. FOR MIGRATION - CHE</Implementer_singleSelect>
            <PartnerAgreementContract_singleSelect>32061Y23M500098</PartnerAgreementContract_singleSelect>
            <TrackingId>214483932258854583</TrackingId>
        </Document>
        <Document DocumentId="214483932283426525">
            <DocumentNumber>JOR-32061Y23M500098-PFR-0001</DocumentNumber>
            <DocumentType>Project Financial Report</DocumentType>
            <Implementer_singleSelect>INTERNAT. ORG. FOR MIGRATION - CHE</Implementer_singleSelect>
            <PartnerAgreementContract_singleSelect>32061Y23M500098</PartnerAgreementContract_singleSelect>
            <TrackingId>214483932258859113</TrackingId>
        </Document>
        <Document DocumentId="214483932283162789">
            <DocumentNumber>JOR-32061Y23M500496-COI-0001</DocumentNumber>
            <DocumentType>Certificate of Instalment</DocumentType>
            <Implementer_singleSelect>IMMAP FRANCE - JOR</Implementer_singleSelect>
            <PartnerAgreementContract_singleSelect>32061Y23M500496</PartnerAgreementContract_singleSelect>
            <TrackingId>214483932258818652</TrackingId>
        </Document>
        <Document DocumentId="214483932283173324">
            <DocumentNumber>JOR-32061Y23M500496-COI-0002</DocumentNumber>
            <DocumentType>Certificate of Instalment</DocumentType>
            <Implementer_singleSelect>IMMAP FRANCE - JOR</Implementer_singleSelect>
            <PartnerAgreementContract_singleSelect>32061Y23M500496</PartnerAgreementContract_singleSelect>
            <TrackingId>214483932258819645</TrackingId>
        </Document>
        <Document DocumentId="214483932283225768">
            <DocumentNumber>JOR-32061Y23M500496-COI-0003</DocumentNumber>
            <DocumentType>Certificate of Instalment</DocumentType>
            <Implementer_singleSelect>IMMAP FRANCE - JOR</Implementer_singleSelect>
            <PartnerAgreementContract_singleSelect>32061Y23M500496</PartnerAgreementContract_singleSelect>
            <TrackingId>214483932258827482</TrackingId>
        </Document>
        <Document DocumentId="214483932283220328">
            <DocumentNumber>JOR-32061Y23M500496-FPN-0001</DocumentNumber>
            <DocumentType>Financial Plan</DocumentType>
            <Implementer_singleSelect>IMMAP FRANCE - JOR</Implementer_singleSelect>
            <PartnerAgreementContract_singleSelect>32061Y23M500496</PartnerAgreementContract_singleSelect>
            <TrackingId>214483932258802416</TrackingId>
        </Document>
        <Document DocumentId="214483932283213242">
            <DocumentNumber>JOR-32061Y23M500496-IND-0001</DocumentNumber>
            <DocumentType>Output Indicators</DocumentType>
            <Implementer_singleSelect>IMMAP FRANCE - JOR</Implementer_singleSelect>
            <PartnerAgreementContract_singleSelect>32061Y23M500496</PartnerAgreementContract_singleSelect>
            <TrackingId>214483932258802417</TrackingId>
        </Document>
        <Document DocumentId="214483932283165300">
            <DocumentNumber>JOR-32061Y23M500496-PFR-0001</DocumentNumber>
            <DocumentType>Project Financial Report</DocumentType>
            <Implementer_singleSelect>IMMAP FRANCE - JOR</Implementer_singleSelect>
            <PartnerAgreementContract_singleSelect>32061Y23M500496</PartnerAgreementContract_singleSelect>
            <TrackingId>214483932258807158</TrackingId>
        </Document>
        <Document DocumentId="214483932283213508">
            <DocumentNumber>JOR-32061Y23M500496-PFR-0002</DocumentNumber>
            <DocumentType>Project Financial Report</DocumentType>
            <Implementer_singleSelect>IMMAP FRANCE - JOR</Implementer_singleSelect>
            <PartnerAgreementContract_singleSelect>32061Y23M500496</PartnerAgreementContract_singleSelect>
            <TrackingId>214483932258816018</TrackingId>
        </Document>
        <Document DocumentId="214483932283146645">
            <DocumentNumber>JOR-32061Y23M500496-PUO-0001</DocumentNumber>
            <DocumentType>Purchase Order</DocumentType>
            <Implementer_singleSelect>IMMAP FRANCE - JOR</Implementer_singleSelect>
            <PartnerAgreementContract_singleSelect>32061Y23M500496</PartnerAgreementContract_singleSelect>
            <TrackingId>214483932258808547</TrackingId>
        </Document>
        <Document DocumentId="214483932283213509">
            <DocumentNumber>JOR-32061Y23M500496-PUO-0002</DocumentNumber>
            <DocumentType>Purchase Order</DocumentType>
            <Implementer_singleSelect>IMMAP FRANCE - JOR</Implementer_singleSelect>
            <PartnerAgreementContract_singleSelect>32061Y23M500496</PartnerAgreementContract_singleSelect>
            <TrackingId>214483932258826258</TrackingId>
        </Document>
        <Document DocumentId="214483932281466413">
            <DocumentNumber>JOR-32061Y23P062017-FPN-0001</DocumentNumber>
            <DocumentType>Financial Plan</DocumentType>
            <Implementer_singleSelect>JORDAN RIVER FOUNDATION</Implementer_singleSelect>
            <PartnerAgreementContract_singleSelect>32061Y23P062017</PartnerAgreementContract_singleSelect>
            <TrackingId>214483932258500168</TrackingId>
        </Document>
        <Document DocumentId="214483932281466414">
            <DocumentNumber>JOR-32061Y23P062017-IND-0001</DocumentNumber>
            <DocumentType>Output Indicators</DocumentType>
            <Implementer_singleSelect>JORDAN RIVER FOUNDATION</Implementer_singleSelect>
            <PartnerAgreementContract_singleSelect>32061Y23P062017</PartnerAgreementContract_singleSelect>
            <TrackingId>214483932258500171</TrackingId>
        </Document>
        <Document DocumentId="214483932281292199">
            <DocumentNumber>JOR-32061Y23P062017-PFR-0003</DocumentNumber>
            <DocumentType>Project Financial Report</DocumentType>
            <Implementer_singleSelect>JORDAN RIVER FOUNDATION</Implementer_singleSelect>
            <PartnerAgreementContract_singleSelect>32061Y23P062017</PartnerAgreementContract_singleSelect>
            <TrackingId>214483932258550086</TrackingId>
        </Document>
        <Document DocumentId="214483932281462976">
            <DocumentNumber>JOR-32061Y23P062017-PFR-0005</DocumentNumber>
            <DocumentType>Project Financial Report</DocumentType>
            <Implementer_singleSelect>JORDAN RIVER FOUNDATION</Implementer_singleSelect>
            <PartnerAgreementContract_singleSelect>32061Y23P062017</PartnerAgreementContract_singleSelect>
            <TrackingId>214483932258554447</TrackingId>
        </Document>
        <Document DocumentId="214483932281237749">
            <DocumentNumber>JOR-32061Y23P062017-PUO-0001</DocumentNumber>
            <DocumentType>Purchase Order</DocumentType>
            <Implementer_singleSelect>JORDAN RIVER FOUNDATION</Implementer_singleSelect>
            <PartnerAgreementContract_singleSelect>32061Y23P062017</PartnerAgreementContract_singleSelect>
            <TrackingId>214483932258541382</TrackingId>
        </Document>
        <Document DocumentId="214483932281257815">
            <DocumentNumber>JOR-32061Y23P062017-PUO-0002</DocumentNumber>
            <DocumentType>Purchase Order</DocumentType>
            <Implementer_singleSelect>JORDAN RIVER FOUNDATION</Implementer_singleSelect>
            <PartnerAgreementContract_singleSelect>32061Y23P062017</PartnerAgreementContract_singleSelect>
            <TrackingId>214483932258554372</TrackingId>
        </Document>
        <Document DocumentId="214483932281257818">
            <DocumentNumber>JOR-32061Y23P062017-PUO-0003</DocumentNumber>
            <DocumentType>Purchase Order</DocumentType>
            <Implementer_singleSelect>JORDAN RIVER FOUNDATION</Implementer_singleSelect>
            <PartnerAgreementContract_singleSelect>32061Y23P062017</PartnerAgreementContract_singleSelect>
            <TrackingId>214483932258554373</TrackingId>
        </Document>
        <Document DocumentId="214483932283199747">
            <DocumentNumber>JOR-32063Y23M010609-COI-0001</DocumentNumber>
            <DocumentType>Certificate of Instalment</DocumentType>
            <Implementer_singleSelect>GREEK COUNCIL FOR REFUGEES</Implementer_singleSelect>
            <PartnerAgreementContract_singleSelect>32063Y23M010609</PartnerAgreementContract_singleSelect>
            <TrackingId>214483932258824688</TrackingId>
        </Document>
        <Document DocumentId="214483932283170759">
            <DocumentNumber>JOR-32063Y23M010609-FPN-0001</DocumentNumber>
            <DocumentType>Financial Plan</DocumentType>
            <Implementer_singleSelect>GREEK COUNCIL FOR REFUGEES</Implementer_singleSelect>
            <PartnerAgreementContract_singleSelect>32063Y23M010609</PartnerAgreementContract_singleSelect>
            <TrackingId>214483932258811855</TrackingId>
        </Document>
        <Document DocumentId="214483932283150614">
            <DocumentNumber>JOR-32063Y23M010609-IND-0001</DocumentNumber>
            <DocumentType>Output Indicators</DocumentType>
            <Implementer_singleSelect>GREEK COUNCIL FOR REFUGEES</Implementer_singleSelect>
            <PartnerAgreementContract_singleSelect>32063Y23M010609</PartnerAgreementContract_singleSelect>
            <TrackingId>214483932258811857</TrackingId>
        </Document>
        <Document DocumentId="214483932283151985">
            <DocumentNumber>JOR-32063Y23M010609-PFR-0001</DocumentNumber>
            <DocumentType>Project Financial Report</DocumentType>
            <Implementer_singleSelect>GREEK COUNCIL FOR REFUGEES</Implementer_singleSelect>
            <PartnerAgreementContract_singleSelect>32063Y23M010609</PartnerAgreementContract_singleSelect>
            <TrackingId>214483932258816864</TrackingId>
        </Document>
        <Document DocumentId="214483932283505527">
            <DocumentNumber>JOR-32063Y23M500098-FPN-0001</DocumentNumber>
            <DocumentType>Financial Plan</DocumentType>
            <Implementer_singleSelect>INTERNAT. ORG. FOR MIGRATION - CHE</Implementer_singleSelect>
            <PartnerAgreementContract_singleSelect>32063Y23M500098</PartnerAgreementContract_singleSelect>
            <TrackingId>214483932258867303</TrackingId>
        </Document>
        <Document DocumentId="214483932283501556">
            <DocumentNumber>JOR-32063Y23M500098-IND-0001</DocumentNumber>
            <DocumentType>Output Indicators</DocumentType>
            <Implementer_singleSelect>INTERNAT. ORG. FOR MIGRATION - CHE</Implementer_singleSelect>
            <PartnerAgreementContract_singleSelect>32063Y23M500098</PartnerAgreementContract_singleSelect>
            <TrackingId>214483932258867305</TrackingId>
        </Document>
        <Document DocumentId="214483932283505523">
            <DocumentNumber>JOR-32063Y23M500098-PFR-0001</DocumentNumber>
            <DocumentType>Project Financial Report</DocumentType>
            <Implementer_singleSelect>INTERNAT. ORG. FOR MIGRATION - CHE</Implementer_singleSelect>
            <PartnerAgreementContract_singleSelect>32063Y23M500098</PartnerAgreementContract_singleSelect>
            <TrackingId>214483932258869606</TrackingId>
        </Document>
        <Document DocumentId="214483932281649021">
            <DocumentNumber>JOR-32063Y23P002534-PWP-0001</DocumentNumber>
            <DocumentType>Partner Agreement</DocumentType>
            <Implementer_singleSelect>JORDAN RIVER FOUNDATION</Implementer_singleSelect>
            <PartnerAgreementContract_singleSelect>32063Y23P002534</PartnerAgreementContract_singleSelect>
            <TrackingId>214483932258595817</TrackingId>
        </Document>
        <Document DocumentId="214483932281506166">
            <DocumentNumber>JOR-32063Y23P184048-COI-0001</DocumentNumber>
            <DocumentType>Certificate of Instalment</DocumentType>
            <Implementer_singleSelect>ARABIAN MEDICAL RELIEF SOCIETY</Implementer_singleSelect>
            <PartnerAgreementContract_singleSelect>32063Y23P184048</PartnerAgreementContract_singleSelect>
            <TrackingId>214483932258577837</TrackingId>
        </Document>
        <Document DocumentId="214483932281445456">
            <DocumentNumber>JOR-32063Y23P184048-FPN-0001</DocumentNumber>
            <DocumentType>Financial Plan</DocumentType>
            <Implementer_singleSelect>ARABIAN MEDICAL RELIEF SOCIETY</Implementer_singleSelect>
            <PartnerAgreementContract_singleSelect>32063Y23P184048</PartnerAgreementContract_singleSelect>
            <TrackingId>214483932258500169</TrackingId>
        </Document>
        <Document DocumentId="214483932281416630">
            <DocumentNumber>JOR-32063Y23P184048-IND-0001</DocumentNumber>
            <DocumentType>Output Indicators</DocumentType>
            <Implementer_singleSelect>ARABIAN MEDICAL RELIEF SOCIETY</Implementer_singleSelect>
            <PartnerAgreementContract_singleSelect>32063Y23P184048</PartnerAgreementContract_singleSelect>
            <TrackingId>214483932258500170</TrackingId>
        </Document>
        <Document DocumentId="214483932281462995">
            <DocumentNumber>JOR-32063Y23P184048-PFR-0001</DocumentNumber>
            <DocumentType>Project Financial Report</DocumentType>
            <Implementer_singleSelect>ARABIAN MEDICAL RELIEF SOCIETY</Implementer_singleSelect>
            <PartnerAgreementContract_singleSelect>32063Y23P184048</PartnerAgreementContract_singleSelect>
            <TrackingId>214483932258571521</TrackingId>
        </Document>
        <Document DocumentId="214483932281434263">
            <DocumentNumber>JOR-32063Y23P184048-PUO-0001</DocumentNumber>
            <DocumentType>Purchase Order</DocumentType>
            <Implementer_singleSelect>ARABIAN MEDICAL RELIEF SOCIETY</Implementer_singleSelect>
            <PartnerAgreementContract_singleSelect>32063Y23P184048</PartnerAgreementContract_singleSelect>
            <TrackingId>214483932258571524</TrackingId>
        </Document>
        <Document DocumentId="214483932281066112">
            <DocumentNumber>JOR-32063Y24P500032-FPN-0001</DocumentNumber>
            <DocumentType>Financial Plan</DocumentType>
            <Implementer_singleSelect>MINISTRY OF PLANNING AND INTER. CO - JOR</Implementer_singleSelect>
            <PartnerAgreementContract_singleSelect>32063Y24P500032</PartnerAgreementContract_singleSelect>
            <TrackingId>214483932258500162</TrackingId>
        </Document>
        <Document DocumentId="214483932281066111">
            <DocumentNumber>JOR-32063Y24P500032-IND-0001</DocumentNumber>
            <DocumentType>Output Indicators</DocumentType>
            <Implementer_singleSelect>MINISTRY OF PLANNING AND INTER. CO - JOR</Implementer_singleSelect>
            <PartnerAgreementContract_singleSelect>32063Y24P500032</PartnerAgreementContract_singleSelect>
            <TrackingId>214483932258500165</TrackingId>
        </Document>
        <Document DocumentId="214483932280493315">
            <DocumentNumber>JOR-ANV-DDR-0001</DocumentNumber>
            <DocumentType>Detail Drawing</DocumentType>
            <Implementer_singleSelect>Implementer Values</Implementer_singleSelect>
            <PartnerAgreementContract_singleSelect>Agreement Number Values</PartnerAgreementContract_singleSelect>
            <TrackingId>214483932258437019</TrackingId>
        </Document>
        <Document DocumentId="214483932280493320">
            <DocumentNumber>JOR-ANV-DDR-0002</DocumentNumber>
            <DocumentType>Detail Drawing</DocumentType>
            <Implementer_singleSelect>Implementer Values</Implementer_singleSelect>
            <PartnerAgreementContract_singleSelect>Agreement Number Values</PartnerAgreementContract_singleSelect>
            <TrackingId>214483932258437021</TrackingId>
        </Document>
        <Document DocumentId="214483932280493321">
            <DocumentNumber>JOR-ANV-DDR-0003</DocumentNumber>
            <DocumentType>Detail Drawing</DocumentType>
            <Implementer_singleSelect>Implementer Values</Implementer_singleSelect>
            <PartnerAgreementContract_singleSelect>Agreement Number Values</PartnerAgreementContract_singleSelect>
            <TrackingId>214483932258437022</TrackingId>
        </Document>
        <Document DocumentId="214483932280493670">
            <DocumentNumber>JOR-ANV-DDR-0004</DocumentNumber>
            <DocumentType>Detail Drawing</DocumentType>
            <Implementer_singleSelect>Implementer Values</Implementer_singleSelect>
            <PartnerAgreementContract_singleSelect>Agreement Number Values</PartnerAgreementContract_singleSelect>
            <TrackingId>214483932258437023</TrackingId>
        </Document>
        <Document DocumentId="214483932280499365">
            <DocumentNumber>JOR-ANV-DDR-0005</DocumentNumber>
            <DocumentType>Detail Drawing</DocumentType>
            <Implementer_singleSelect>Implementer Values</Implementer_singleSelect>
            <PartnerAgreementContract_singleSelect>Agreement Number Values</PartnerAgreementContract_singleSelect>
            <TrackingId>214483932258437024</TrackingId>
        </Document>
        <Document DocumentId="214483932280728568">
            <DocumentNumber>JOR-ANV-DDR-0006</DocumentNumber>
            <DocumentType>Detail Drawing</DocumentType>
            <Implementer_singleSelect>Implementer Values</Implementer_singleSelect>
            <PartnerAgreementContract_singleSelect>Agreement Number Values</PartnerAgreementContract_singleSelect>
            <TrackingId>214483932258437026</TrackingId>
        </Document>
        <Document DocumentId="214483932280493686">
            <DocumentNumber>JOR-ANV-DDR-0007</DocumentNumber>
            <DocumentType>Detail Drawing</DocumentType>
            <Implementer_singleSelect>Implementer Values</Implementer_singleSelect>
            <PartnerAgreementContract_singleSelect>Agreement Number Values</PartnerAgreementContract_singleSelect>
            <TrackingId>214483932258437058</TrackingId>
        </Document>
        <Document DocumentId="214483932280727372">
            <DocumentNumber>JOR-ANV-DDR-0008</DocumentNumber>
            <DocumentType>Detail Drawing</DocumentType>
            <Implementer_singleSelect>Implementer Values</Implementer_singleSelect>
            <PartnerAgreementContract_singleSelect>Agreement Number Values</PartnerAgreementContract_singleSelect>
            <TrackingId>214483932258437059</TrackingId>
        </Document>
        <Document DocumentId="214483932280493563">
            <DocumentNumber>JOR-ANV-DDR-0009</DocumentNumber>
            <DocumentType>Detail Drawing</DocumentType>
            <Implementer_singleSelect>Implementer Values</Implementer_singleSelect>
            <PartnerAgreementContract_singleSelect>Agreement Number Values</PartnerAgreementContract_singleSelect>
            <TrackingId>214483932258437092</TrackingId>
        </Document>
        <Document DocumentId="214483932280495233">
            <DocumentNumber>JOR-ANV-DDR-0010</DocumentNumber>
            <DocumentType>Detail Drawing</DocumentType>
            <Implementer_singleSelect>Implementer Values</Implementer_singleSelect>
            <PartnerAgreementContract_singleSelect>Agreement Number Values</PartnerAgreementContract_singleSelect>
            <TrackingId>214483932258437221</TrackingId>
        </Document>
        <Document DocumentId="214483932280495234">
            <DocumentNumber>JOR-ANV-DDR-0011</DocumentNumber>
            <DocumentType>Detail Drawing</DocumentType>
            <Implementer_singleSelect>Implementer Values</Implementer_singleSelect>
            <PartnerAgreementContract_singleSelect>Agreement Number Values</PartnerAgreementContract_singleSelect>
            <TrackingId>214483932258437222</TrackingId>
        </Document>
        <Document DocumentId="214483932280495235">
            <DocumentNumber>JOR-ANV-DDR-0012</DocumentNumber>
            <DocumentType>Detail Drawing</DocumentType>
            <Implementer_singleSelect>Implementer Values</Implementer_singleSelect>
            <PartnerAgreementContract_singleSelect>Agreement Number Values</PartnerAgreementContract_singleSelect>
            <TrackingId>214483932258437223</TrackingId>
        </Document>
        <Document DocumentId="214483932280495236">
            <DocumentNumber>JOR-ANV-DDR-0013</DocumentNumber>
            <DocumentType>Detail Drawing</DocumentType>
            <Implementer_singleSelect>Implementer Values</Implementer_singleSelect>
            <PartnerAgreementContract_singleSelect>Agreement Number Values</PartnerAgreementContract_singleSelect>
            <TrackingId>214483932258437224</TrackingId>
        </Document>
        <Document DocumentId="214483932280727373">
            <DocumentNumber>JOR-ANV-DDR-0014</DocumentNumber>
            <DocumentType>Detail Drawing</DocumentType>
            <Implementer_singleSelect>Implementer Values</Implementer_singleSelect>
            <PartnerAgreementContract_singleSelect>Agreement Number Values</PartnerAgreementContract_singleSelect>
            <TrackingId>214483932258437225</TrackingId>
        </Document>
        <Document DocumentId="214483932280495318">
            <DocumentNumber>JOR-ANV-DDR-0015</DocumentNumber>
            <DocumentType>Detail Drawing</DocumentType>
            <Implementer_singleSelect>Implementer Values</Implementer_singleSelect>
            <PartnerAgreementContract_singleSelect>Agreement Number Values</PartnerAgreementContract_singleSelect>
            <TrackingId>214483932258437226</TrackingId>
        </Document>
        <Document DocumentId="214483932280495452">
            <DocumentNumber>JOR-ANV-DDR-0016</DocumentNumber>
            <DocumentType>Detail Drawing</DocumentType>
            <Implementer_singleSelect>Implementer Values</Implementer_singleSelect>
            <PartnerAgreementContract_singleSelect>Agreement Number Values</PartnerAgreementContract_singleSelect>
            <TrackingId>214483932258437231</TrackingId>
        </Document>
        <Document DocumentId="214483932280499207">
            <DocumentNumber>JOR-ANV-DDR-0017</DocumentNumber>
            <DocumentType>Detail Drawing</DocumentType>
            <Implementer_singleSelect>Implementer Values</Implementer_singleSelect>
            <PartnerAgreementContract_singleSelect>Agreement Number Values</PartnerAgreementContract_singleSelect>
            <TrackingId>214483932258437234</TrackingId>
        </Document>
        <Document DocumentId="214483932280498675">
            <DocumentNumber>JOR-ANV-HOC-0001</DocumentNumber>
            <DocumentType>Handover Certificate</DocumentType>
            <Implementer_singleSelect>Implementer Values</Implementer_singleSelect>
            <PartnerAgreementContract_singleSelect>Agreement Number Values</PartnerAgreementContract_singleSelect>
            <TrackingId>214483932258437218</TrackingId>
        </Document>
        <Document DocumentId="214483932280495231">
            <DocumentNumber>JOR-ANV-HOC-0002</DocumentNumber>
            <DocumentType>Handover Certificate</DocumentType>
            <Implementer_singleSelect>Implementer Values</Implementer_singleSelect>
            <PartnerAgreementContract_singleSelect>Agreement Number Values</PartnerAgreementContract_singleSelect>
            <TrackingId>214483932258437219</TrackingId>
        </Document>
        <Document DocumentId="214483932280495232">
            <DocumentNumber>JOR-ANV-HOC-0003</DocumentNumber>
            <DocumentType>Handover Certificate</DocumentType>
            <Implementer_singleSelect>Implementer Values</Implementer_singleSelect>
            <PartnerAgreementContract_singleSelect>Agreement Number Values</PartnerAgreementContract_singleSelect>
            <TrackingId>214483932258437220</TrackingId>
        </Document>
        <Document DocumentId="214483932280495443">
            <DocumentNumber>JOR-ANV-HOC-0004</DocumentNumber>
            <DocumentType>Handover Certificate</DocumentType>
            <Implementer_singleSelect>Implementer Values</Implementer_singleSelect>
            <PartnerAgreementContract_singleSelect>Agreement Number Values</PartnerAgreementContract_singleSelect>
            <TrackingId>214483932258437229</TrackingId>
        </Document>
        <Document DocumentId="214483932280495444">
            <DocumentNumber>JOR-ANV-HOC-0005</DocumentNumber>
            <DocumentType>Handover Certificate</DocumentType>
            <Implementer_singleSelect>Implementer Values</Implementer_singleSelect>
            <PartnerAgreementContract_singleSelect>Agreement Number Values</PartnerAgreementContract_singleSelect>
            <TrackingId>214483932258437230</TrackingId>
        </Document>
        <Document DocumentId="214483932280597654">
            <DocumentNumber>JOR-ANV-HOC-0006</DocumentNumber>
            <DocumentType>Handover Certificate</DocumentType>
            <Implementer_singleSelect>Implementer Values</Implementer_singleSelect>
            <PartnerAgreementContract_singleSelect>Agreement Number Values</PartnerAgreementContract_singleSelect>
            <TrackingId>214483932258447370</TrackingId>
        </Document>
        <Document DocumentId="214483932280598265">
            <DocumentNumber>JOR-ANV-ICA-0001</DocumentNumber>
            <DocumentType>Assessment Report</DocumentType>
            <Implementer_singleSelect>Implementer Values</Implementer_singleSelect>
            <PartnerAgreementContract_singleSelect>Agreement Number Values</PartnerAgreementContract_singleSelect>
            <TrackingId>214483932258447394</TrackingId>
        </Document>
        <Document DocumentId="214483932280338452">
            <DocumentNumber>JOR-ANV-SDC-0001</DocumentNumber>
            <DocumentType>Supporting Documents</DocumentType>
            <Implementer_singleSelect>Implementer Values</Implementer_singleSelect>
            <PartnerAgreementContract_singleSelect>Agreement Number Values</PartnerAgreementContract_singleSelect>
            <TrackingId>214483932258419588</TrackingId>
        </Document>
        <Document DocumentId="214483932280338489">
            <DocumentNumber>JOR-ANV-SDC-0002</DocumentNumber>
            <DocumentType>Supporting Documents</DocumentType>
            <Implementer_singleSelect>Implementer Values</Implementer_singleSelect>
            <PartnerAgreementContract_singleSelect>Agreement Number Values</PartnerAgreementContract_singleSelect>
            <TrackingId>214483932258419596</TrackingId>
        </Document>
        <Document DocumentId="214483932280338600">
            <DocumentNumber>JOR-ANV-SDC-0003</DocumentNumber>
            <DocumentType>Supporting Documents</DocumentType>
            <Implementer_singleSelect>Implementer Values</Implementer_singleSelect>
            <PartnerAgreementContract_singleSelect>Agreement Number Values</PartnerAgreementContract_singleSelect>
            <TrackingId>214483932258419622</TrackingId>
        </Document>
        <Document DocumentId="214483932280338739">
            <DocumentNumber>JOR-ANV-SDC-0004</DocumentNumber>
            <DocumentType>Supporting Documents</DocumentType>
            <Implementer_singleSelect>Implementer Values</Implementer_singleSelect>
            <PartnerAgreementContract_singleSelect>Agreement Number Values</PartnerAgreementContract_singleSelect>
            <TrackingId>214483932258419631</TrackingId>
        </Document>
        <Document DocumentId="214483932280418230">
            <DocumentNumber>JOR-ANV-SDC-0005</DocumentNumber>
            <DocumentType>Supporting Documents</DocumentType>
            <Implementer_singleSelect>Implementer Values</Implementer_singleSelect>
            <PartnerAgreementContract_singleSelect>Agreement Number Values</PartnerAgreementContract_singleSelect>
            <TrackingId>214483932258419642</TrackingId>
        </Document>
        <Document DocumentId="214483932280339372">
            <DocumentNumber>JOR-ANV-SDC-0006</DocumentNumber>
            <DocumentType>Supporting Documents</DocumentType>
            <Implementer_singleSelect>Implementer Values</Implementer_singleSelect>
            <PartnerAgreementContract_singleSelect>Agreement Number Values</PartnerAgreementContract_singleSelect>
            <TrackingId>214483932258419694</TrackingId>
        </Document>
        <Document DocumentId="214483932280493204">
            <DocumentNumber>JOR-ANV-SMM-0001</DocumentNumber>
            <DocumentType>Site Meeting Minutes</DocumentType>
            <Implementer_singleSelect>Implementer Values</Implementer_singleSelect>
            <PartnerAgreementContract_singleSelect>Agreement Number Values</PartnerAgreementContract_singleSelect>
            <TrackingId>214483932258436971</TrackingId>
        </Document>
        <Document DocumentId="214483932280492963">
            <DocumentNumber>JOR-ANV-SMM-0002</DocumentNumber>
            <DocumentType>Site Meeting Minutes</DocumentType>
            <Implementer_singleSelect>Implementer Values</Implementer_singleSelect>
            <PartnerAgreementContract_singleSelect>Agreement Number Values</PartnerAgreementContract_singleSelect>
            <TrackingId>214483932258436972</TrackingId>
        </Document>
        <Document DocumentId="214483932280492964">
            <DocumentNumber>JOR-ANV-SMM-0003</DocumentNumber>
            <DocumentType>Site Meeting Minutes</DocumentType>
            <Implementer_singleSelect>Implementer Values</Implementer_singleSelect>
            <PartnerAgreementContract_singleSelect>Agreement Number Values</PartnerAgreementContract_singleSelect>
            <TrackingId>214483932258436973</TrackingId>
        </Document>
        <Document DocumentId="214483932280493645">
            <DocumentNumber>JOR-ANV-SMM-0004</DocumentNumber>
            <DocumentType>Site Meeting Minutes</DocumentType>
            <Implementer_singleSelect>Implementer Values</Implementer_singleSelect>
            <PartnerAgreementContract_singleSelect>Agreement Number Values</PartnerAgreementContract_singleSelect>
            <TrackingId>214483932258436974</TrackingId>
        </Document>
        <Document DocumentId="214483932280492969">
            <DocumentNumber>JOR-ANV-SMM-0005</DocumentNumber>
            <DocumentType>Site Meeting Minutes</DocumentType>
            <Implementer_singleSelect>Implementer Values</Implementer_singleSelect>
            <PartnerAgreementContract_singleSelect>Agreement Number Values</PartnerAgreementContract_singleSelect>
            <TrackingId>214483932258436975</TrackingId>
        </Document>
        <Document DocumentId="214483932280492996">
            <DocumentNumber>JOR-ANV-SMM-0006</DocumentNumber>
            <DocumentType>Site Meeting Minutes</DocumentType>
            <Implementer_singleSelect>Implementer Values</Implementer_singleSelect>
            <PartnerAgreementContract_singleSelect>Agreement Number Values</PartnerAgreementContract_singleSelect>
            <TrackingId>214483932258436979</TrackingId>
        </Document>
        <Document DocumentId="214483932280493046">
            <DocumentNumber>JOR-ANV-SMM-0007</DocumentNumber>
            <DocumentType>Site Meeting Minutes</DocumentType>
            <Implementer_singleSelect>Implementer Values</Implementer_singleSelect>
            <PartnerAgreementContract_singleSelect>Agreement Number Values</PartnerAgreementContract_singleSelect>
            <TrackingId>214483932258436992</TrackingId>
        </Document>
        <Document DocumentId="214483932280493370">
            <DocumentNumber>JOR-ANV-SMM-0008</DocumentNumber>
            <DocumentType>Site Meeting Minutes</DocumentType>
            <Implementer_singleSelect>Implementer Values</Implementer_singleSelect>
            <PartnerAgreementContract_singleSelect>Agreement Number Values</PartnerAgreementContract_singleSelect>
            <TrackingId>214483932258437001</TrackingId>
        </Document>
        <Document DocumentId="214483932280493698">
            <DocumentNumber>JOR-ANV-SMM-0009</DocumentNumber>
            <DocumentType>Site Meeting Minutes</DocumentType>
            <Implementer_singleSelect>Implementer Values</Implementer_singleSelect>
            <PartnerAgreementContract_singleSelect>Agreement Number Values</PartnerAgreementContract_singleSelect>
            <TrackingId>214483932258437020</TrackingId>
        </Document>
        <Document DocumentId="214483932280493324">
            <DocumentNumber>JOR-ANV-SMM-0010</DocumentNumber>
            <DocumentType>Site Meeting Minutes</DocumentType>
            <Implementer_singleSelect>Implementer Values</Implementer_singleSelect>
            <PartnerAgreementContract_singleSelect>Agreement Number Values</PartnerAgreementContract_singleSelect>
            <TrackingId>214483932258437025</TrackingId>
        </Document>
        <Document DocumentId="214483932280493326">
            <DocumentNumber>JOR-ANV-SMM-0011</DocumentNumber>
            <DocumentType>Site Meeting Minutes</DocumentType>
            <Implementer_singleSelect>Implementer Values</Implementer_singleSelect>
            <PartnerAgreementContract_singleSelect>Agreement Number Values</PartnerAgreementContract_singleSelect>
            <TrackingId>214483932258437027</TrackingId>
        </Document>
        <Document DocumentId="214483932280494003">
            <DocumentNumber>JOR-ANV-SMM-0012</DocumentNumber>
            <DocumentType>Site Meeting Minutes</DocumentType>
            <Implementer_singleSelect>Implementer Values</Implementer_singleSelect>
            <PartnerAgreementContract_singleSelect>Agreement Number Values</PartnerAgreementContract_singleSelect>
            <TrackingId>214483932258437056</TrackingId>
        </Document>
        <Document DocumentId="214483932280493690">
            <DocumentNumber>JOR-ANV-SMM-0013</DocumentNumber>
            <DocumentType>Site Meeting Minutes</DocumentType>
            <Implementer_singleSelect>Implementer Values</Implementer_singleSelect>
            <PartnerAgreementContract_singleSelect>Agreement Number Values</PartnerAgreementContract_singleSelect>
            <TrackingId>214483932258437066</TrackingId>
        </Document>
        <Document DocumentId="214483932280493681">
            <DocumentNumber>JOR-ANV-SMM-0014</DocumentNumber>
            <DocumentType>Site Meeting Minutes</DocumentType>
            <Implementer_singleSelect>Implementer Values</Implementer_singleSelect>
            <PartnerAgreementContract_singleSelect>Agreement Number Values</PartnerAgreementContract_singleSelect>
            <TrackingId>214483932258437111</TrackingId>
        </Document>
        <Document DocumentId="214483932280493735">
            <DocumentNumber>JOR-ANV-SMM-0015</DocumentNumber>
            <DocumentType>Site Meeting Minutes</DocumentType>
            <Implementer_singleSelect>Implementer Values</Implementer_singleSelect>
            <PartnerAgreementContract_singleSelect>Agreement Number Values</PartnerAgreementContract_singleSelect>
            <TrackingId>214483932258437117</TrackingId>
        </Document>
        <Document DocumentId="214483932280499520">
            <DocumentNumber>JOR-IPMV001-OTH-0001</DocumentNumber>
            <DocumentType>General / Miscellaneous</DocumentType>
            <Implementer_singleSelect>Implementer Values</Implementer_singleSelect>
            <TrackingId>214483932258437276</TrackingId>
        </Document>
        <Document DocumentId="214483932280321013">
            <DocumentNumber>UNHCR-TPL-0001</DocumentNumber>
            <DocumentType>Template</DocumentType>
            <TrackingId>214483932258417606</TrackingId>
        </Document>
        <Document DocumentId="214483932280321004">
            <DocumentNumber>UNHCR-TPL-0002</DocumentNumber>
            <DocumentType>Template</DocumentType>
            <TrackingId>214483932258417607</TrackingId>
        </Document>
        <Document DocumentId="214483932280321000">
            <DocumentNumber>UNHCR-TPL-0003</DocumentNumber>
            <DocumentType>Template</DocumentType>
            <TrackingId>214483932258417608</TrackingId>
        </Document>
        <Document DocumentId="214483932280320995">
            <DocumentNumber>UNHCR-TPL-0004</DocumentNumber>
            <DocumentType>Template</DocumentType>
            <TrackingId>214483932258417609</TrackingId>
        </Document>
        <Document DocumentId="214483932280320998">
            <DocumentNumber>UNHCR-TPL-0005</DocumentNumber>
            <DocumentType>Template</DocumentType>
            <TrackingId>214483932258417610</TrackingId>
        </Document>
        <Document DocumentId="214483932280320971">
            <DocumentNumber>UNHCR-TPL-0006</DocumentNumber>
            <DocumentType>Template</DocumentType>
            <TrackingId>214483932258417853</TrackingId>
        </Document>
        <Document DocumentId="214483932280339237">
            <DocumentNumber>UNHCR-TPL-0007</DocumentNumber>
            <DocumentType>Template</DocumentType>
            <TrackingId>214483932258419653</TrackingId>
        </Document>
        <Document DocumentId="214483932280339254">
            <DocumentNumber>UNHCR-TPL-0008</DocumentNumber>
            <DocumentType>Template</DocumentType>
            <TrackingId>214483932258419654</TrackingId>
        </Document>
        <Document DocumentId="214483932280339259">
            <DocumentNumber>UNHCR-TPL-0009</DocumentNumber>
            <DocumentType>Template</DocumentType>
            <TrackingId>214483932258419656</TrackingId>
        </Document>
        <Document DocumentId="214483932280339267">
            <DocumentNumber>UNHCR-TPL-0010</DocumentNumber>
            <DocumentType>Template</DocumentType>
            <TrackingId>214483932258419661</TrackingId>
        </Document>
        <Document DocumentId="214483932280339281">
            <DocumentNumber>UNHCR-TPL-0011</DocumentNumber>
            <DocumentType>Template</DocumentType>
            <TrackingId>214483932258419666</TrackingId>
        </Document>
        <Document DocumentId="214483932280339292">
            <DocumentNumber>UNHCR-TPL-0012</DocumentNumber>
            <DocumentType>Template</DocumentType>
            <TrackingId>214483932258419670</TrackingId>
        </Document>
        <Document DocumentId="214483932280339312">
            <DocumentNumber>UNHCR-TPL-0013</DocumentNumber>
            <DocumentType>Template</DocumentType>
            <TrackingId>214483932258419677</TrackingId>
        </Document>
        <Document DocumentId="214483932280339326">
            <DocumentNumber>UNHCR-TPL-0014</DocumentNumber>
            <DocumentType>Template</DocumentType>
            <TrackingId>214483932258419684</TrackingId>
        </Document>
        <Document DocumentId="214483932283163207">
            <DocumentNumber>UNHCR-TPL-0015</DocumentNumber>
            <DocumentType>Template</DocumentType>
            <TrackingId>214483932258818719</TrackingId>
        </Document>
    </SearchResults>
</RegisterSearch>